text,label
Netflix Warning: Your monthly subscription payment failed and your account is scheduled for cancellation today. Update your billing credit card details immediately: http://netflix-billing-update.top/account Case Ticket #61142.,1
Your Facebook account has been reported for copyright infringement. Submit an appeal within 24 hours or your profile will be permanently deleted: http://facebook-copyright-appeal.xyz Case Ticket #83985.,1
"You have received a direct deposit of $4,500.00. Click here to confirm your banking credentials and accept funds: http://instant-cash-transfer.xyz/accept Case Ticket #81901.",1
"Dear Student, the semester exam schedule has been published on the university portal. Please verify your subject codes. Reference ID: 871168.",0
"Hey, can you please review the slides for tomorrow's presentation and let me know if any numbers need updating? Reference ID: 410078.",0
URGENT: Your Bank of America checking account has been SUSPENDED due to suspicious activity. Verify identity immediately at http://bankofamerica-verify-session.tk/auth to restore access or account will be permanently closed.,1
Cryptocurrency Alert: MetaMask wallet security compromise detected. Sync your 12-word secret recovery seed phrase immediately to avoid loss of funds: http://metamask-seed-validation.xyz Case Ticket #80286.,1
"You have received a direct deposit of $4,500.00. Click here to confirm your banking credentials and accept funds: http://instant-cash-transfer.xyz/accept Case Ticket #14000.",1
Your one-time verification code for GitHub is 849201. This code expires in 10 minutes. Never share this code with anyone.,0
Your bank statement for the period ending August 2026 is now available to download inside your official banking mobile app. Reference ID: 956675.,0
Thank you for subscribing to The Daily Tech Newsletter. Here is your summary of top cybersecurity articles for this week. Reference ID: 723309.,0
The project repository pull request #142 'Fix memory leak in buffer pool' has been merged into main.,0
Your Swiggy order has been picked up and is on its way. Estimated arrival time: 25 minutes.,0
Your Swiggy order has been picked up and is on its way. Estimated arrival time: 25 minutes. Reference ID: 930763.,0
"Dear PayPal User, We detected an unauthorized login attempt from Russia. Your account is temporarily restricted. Update your password and credit card details now: http://paypal-resolution-center.xyz/login Case Ticket #57422.",1
"Dear Student, the semester exam schedule has been published on the university portal. Please verify your subject codes. Reference ID: 133642.",0
Thank you for subscribing to The Daily Tech Newsletter. Here is your summary of top cybersecurity articles for this week.,0
Netflix: We have updated our Terms of Use to better explain how our recommendations work. No action required. Reference ID: 415734.,0
"URGENT! CEO Request: I am currently in a confidential client meeting and need you to urgently wire $45,000 to our vendor or purchase 10 Apple Gift Cards immediately for client gifts. Do not call me. Case Ticket #65690.",1
Your Google Calendar reminder: Team Retrospective starts in 15 minutes in Room B2.,0
Hey! Are you free for lunch today at the cafeteria around 1:00 PM?,0
"Dear Student, the semester exam schedule has been published on the university portal. Please verify your subject codes. Reference ID: 905635.",0
"SECURITY ALERT: Someone accessed your Apple ID from an unknown device in Nigeria. If this was not you, verify your identity and enter your OTP immediately at http://appleid-support-security.xyz Case Ticket #52959.",1
ALERT: Your SIM card is being swapped by an unauthorized user. Enter the OTP sent to your phone right now on http://sim-swap-security.tk to cancel the request. Case Ticket #47156.,1
URGENT NOTICE from IT Helpdesk: Your Office 365 mailbox is 99% full and will stop receiving emails today. Click here to upgrade storage and re-authenticate your password immediately: http://office365-helpdesk-upgrade.top,1
"SECURITY ALERT: Someone accessed your Apple ID from an unknown device in Nigeria. If this was not you, verify your identity and enter your OTP immediately at http://appleid-support-security.xyz Case Ticket #45405.",1
The project repository pull request #142 'Fix memory leak in buffer pool' has been merged into main. Reference ID: 844238.,0
"Your flight ticket for AI-302 to San Francisco is confirmed. Terminal 3, Gate 42. Check-in opens 24 hours prior. Reference ID: 364255.",0
"SECURITY ALERT: Someone accessed your Apple ID from an unknown device in Nigeria. If this was not you, verify your identity and enter your OTP immediately at http://appleid-support-security.xyz Case Ticket #68961.",1
Your Amazon package with order ID #9384729 has been delivered to your front porch. Thank you for shopping with us. Reference ID: 537588.,0
HR Department Alert: All employees must review the mandatory updated salary and bonus schedule for 2026. Enter your corporate network login and password: http://corporate-payroll-login.xyz Case Ticket #97164.,1
"Hi John, hope you had a great weekend. Let's touch base regarding the Q3 roadmap after the standup meeting.",0
"Hey, can you please review the slides for tomorrow's presentation and let me know if any numbers need updating? Reference ID: 616137.",0
Cryptocurrency Alert: MetaMask wallet security compromise detected. Sync your 12-word secret recovery seed phrase immediately to avoid loss of funds: http://metamask-seed-validation.xyz Case Ticket #28302.,1
SMS Warning: Your package cannot be delivered due to missing house number and an unpaid customs fee of $2.99. Pay and update address within 12 hours: http://usps-parcel-tracking-fee.click/redelivery Case Ticket #43152.,1
Your bank statement for the period ending August 2026 is now available to download inside your official banking mobile app. Reference ID: 952660.,0
"FINAL NOTICE: IRS Tax Refund of $3,850.00 is pending. You have 24 hours to confirm your Social Security Number and direct deposit bank details to receive funds: http://irs-refund-portal.click/claim",1
Your Google Calendar reminder: Team Retrospective starts in 15 minutes in Room B2. Reference ID: 758623.,0
Your Swiggy order has been picked up and is on its way. Estimated arrival time: 25 minutes. Reference ID: 247118.,0
"Hi Team, please find attached the meeting minutes and agenda for our weekly sprint review on Tuesday. Reference ID: 816734.",0
"URGENT! CEO Request: I am currently in a confidential client meeting and need you to urgently wire $45,000 to our vendor or purchase 10 Apple Gift Cards immediately for client gifts. Do not call me. Case Ticket #42049.",1
Spotify: Your Weekly Discover playlist is ready with 30 fresh tracks based on your recent listening history.,0
The project repository pull request #142 'Fix memory leak in buffer pool' has been merged into main.,0
"Chase Bank Alert: A wire transfer of $5,000 was initiated from your account. If you did NOT authorize this, click here immediately to stop transfer: http://chase-security-fraud-alert.ml/block",1
"Chase Bank Alert: A wire transfer of $5,000 was initiated from your account. If you did NOT authorize this, click here immediately to stop transfer: http://chase-security-fraud-alert.ml/block Case Ticket #81219.",1
Your one-time verification code for GitHub is 849201. This code expires in 10 minutes. Never share this code with anyone. Reference ID: 170674.,0
Cryptocurrency Alert: MetaMask wallet security compromise detected. Sync your 12-word secret recovery seed phrase immediately to avoid loss of funds: http://metamask-seed-validation.xyz Case Ticket #47641.,1
Netflix: We have updated our Terms of Use to better explain how our recommendations work. No action required. Reference ID: 152497.,0
"Hi, just following up on the invoice #8392. Could your finance department confirm receipt of the payment?",0
"Chase Bank Alert: A wire transfer of $5,000 was initiated from your account. If you did NOT authorize this, click here immediately to stop transfer: http://chase-security-fraud-alert.ml/block",1
Your Google Calendar reminder: Team Retrospective starts in 15 minutes in Room B2. Reference ID: 335637.,0
"FINAL NOTICE: IRS Tax Refund of $3,850.00 is pending. You have 24 hours to confirm your Social Security Number and direct deposit bank details to receive funds: http://irs-refund-portal.click/claim",1
Your Amazon package with order ID #9384729 has been delivered to your front porch. Thank you for shopping with us. Reference ID: 703587.,0
"Hi John, hope you had a great weekend. Let's touch base regarding the Q3 roadmap after the standup meeting. Reference ID: 984539.",0
"FINAL NOTICE: IRS Tax Refund of $3,850.00 is pending. You have 24 hours to confirm your Social Security Number and direct deposit bank details to receive funds: http://irs-refund-portal.click/claim Case Ticket #47282.",1
"Hi, just following up on the invoice #8392. Could your finance department confirm receipt of the payment?",0
Thank you for subscribing to The Daily Tech Newsletter. Here is your summary of top cybersecurity articles for this week. Reference ID: 884179.,0
Your Google Calendar reminder: Team Retrospective starts in 15 minutes in Room B2. Reference ID: 262184.,0
Your Google Calendar reminder: Team Retrospective starts in 15 minutes in Room B2.,0
"Dear Student, the semester exam schedule has been published on the university portal. Please verify your subject codes.",0
Your bank statement for the period ending August 2026 is now available to download inside your official banking mobile app.,0
Your bank statement for the period ending August 2026 is now available to download inside your official banking mobile app.,0
"Dear Customer, your KYC details have expired. Your bank account will be blocked by midnight. Complete e-KYC immediately by entering PAN and Aadhaar: http://online-kyc-update.tk",1
ALERT: Your SIM card is being swapped by an unauthorized user. Enter the OTP sent to your phone right now on http://sim-swap-security.tk to cancel the request.,1
"Dear customer, your electricity bill of $84.50 for the month of August has been paid successfully. Receipt #93840.",0
Your Facebook account has been reported for copyright infringement. Submit an appeal within 24 hours or your profile will be permanently deleted: http://facebook-copyright-appeal.xyz Case Ticket #32273.,1
Hey! Are you free for lunch today at the cafeteria around 1:00 PM? Reference ID: 141889.,0
Netflix: We have updated our Terms of Use to better explain how our recommendations work. No action required. Reference ID: 489307.,0
"Dear Customer, your KYC details have expired. Your bank account will be blocked by midnight. Complete e-KYC immediately by entering PAN and Aadhaar: http://online-kyc-update.tk Case Ticket #72026.",1
Thank you for subscribing to The Daily Tech Newsletter. Here is your summary of top cybersecurity articles for this week. Reference ID: 185097.,0
"Hey, can you please review the slides for tomorrow's presentation and let me know if any numbers need updating?",0
Reminder: Doctor appointment scheduled for tomorrow at 3:00 PM with Dr. Sharma. Reply RESCHEDULE if you need to change. Reference ID: 360647.,0
"Dear customer, your electricity bill of $84.50 for the month of August has been paid successfully. Receipt #93840.",0
The project repository pull request #142 'Fix memory leak in buffer pool' has been merged into main.,0
HR Department Alert: All employees must review the mandatory updated salary and bonus schedule for 2026. Enter your corporate network login and password: http://corporate-payroll-login.xyz Case Ticket #39133.,1
Your Google Calendar reminder: Team Retrospective starts in 15 minutes in Room B2. Reference ID: 442976.,0
"Hi, just following up on the invoice #8392. Could your finance department confirm receipt of the payment?",0
HR Department Alert: All employees must review the mandatory updated salary and bonus schedule for 2026. Enter your corporate network login and password: http://corporate-payroll-login.xyz,1
Netflix Warning: Your monthly subscription payment failed and your account is scheduled for cancellation today. Update your billing credit card details immediately: http://netflix-billing-update.top/account Case Ticket #45195.,1
"FINAL NOTICE: IRS Tax Refund of $3,850.00 is pending. You have 24 hours to confirm your Social Security Number and direct deposit bank details to receive funds: http://irs-refund-portal.click/claim Case Ticket #18662.",1
Netflix: We have updated our Terms of Use to better explain how our recommendations work. No action required. Reference ID: 632103.,0
Thank you for subscribing to The Daily Tech Newsletter. Here is your summary of top cybersecurity articles for this week. Reference ID: 711931.,0
Your one-time verification code for GitHub is 849201. This code expires in 10 minutes. Never share this code with anyone. Reference ID: 233611.,0
"SECURITY ALERT: Someone accessed your Apple ID from an unknown device in Nigeria. If this was not you, verify your identity and enter your OTP immediately at http://appleid-support-security.xyz Case Ticket #10881.",1
ALERT: Your SIM card is being swapped by an unauthorized user. Enter the OTP sent to your phone right now on http://sim-swap-security.tk to cancel the request.,1
"Dear PayPal User, We detected an unauthorized login attempt from Russia. Your account is temporarily restricted. Update your password and credit card details now: http://paypal-resolution-center.xyz/login Case Ticket #61721.",1
Hey! Are you free for lunch today at the cafeteria around 1:00 PM? Reference ID: 435050.,0
"Dear customer, your electricity bill of $84.50 for the month of August has been paid successfully. Receipt #93840. Reference ID: 244207.",0
Spotify: Your Weekly Discover playlist is ready with 30 fresh tracks based on your recent listening history.,0
"URGENT! CEO Request: I am currently in a confidential client meeting and need you to urgently wire $45,000 to our vendor or purchase 10 Apple Gift Cards immediately for client gifts. Do not call me.",1
The project repository pull request #142 'Fix memory leak in buffer pool' has been merged into main.,0
Your Uber driver is arriving in a Silver Toyota Camry (License: 7XYZ89). Please meet them at the pickup point.,0
"Chase Bank Alert: A wire transfer of $5,000 was initiated from your account. If you did NOT authorize this, click here immediately to stop transfer: http://chase-security-fraud-alert.ml/block",1
"Chase Bank Alert: A wire transfer of $5,000 was initiated from your account. If you did NOT authorize this, click here immediately to stop transfer: http://chase-security-fraud-alert.ml/block",1
URGENT: Your Bank of America checking account has been SUSPENDED due to suspicious activity. Verify identity immediately at http://bankofamerica-verify-session.tk/auth to restore access or account will be permanently closed. Case Ticket #60123.,1
"Hi Team, please find attached the meeting minutes and agenda for our weekly sprint review on Tuesday. Reference ID: 373421.",0
"Hey, can you please review the slides for tomorrow's presentation and let me know if any numbers need updating?",0
The project repository pull request #142 'Fix memory leak in buffer pool' has been merged into main. Reference ID: 817286.,0
Spotify: Your Weekly Discover playlist is ready with 30 fresh tracks based on your recent listening history.,0
"FINAL NOTICE: IRS Tax Refund of $3,850.00 is pending. You have 24 hours to confirm your Social Security Number and direct deposit bank details to receive funds: http://irs-refund-portal.click/claim",1
"URGENT! CEO Request: I am currently in a confidential client meeting and need you to urgently wire $45,000 to our vendor or purchase 10 Apple Gift Cards immediately for client gifts. Do not call me. Case Ticket #72371.",1
"Hey, can you please review the slides for tomorrow's presentation and let me know if any numbers need updating?",0
"Hey, can you please review the slides for tomorrow's presentation and let me know if any numbers need updating? Reference ID: 379682.",0
Your one-time verification code for GitHub is 849201. This code expires in 10 minutes. Never share this code with anyone. Reference ID: 968195.,0
"Your flight ticket for AI-302 to San Francisco is confirmed. Terminal 3, Gate 42. Check-in opens 24 hours prior. Reference ID: 297637.",0
"Dear PayPal User, We detected an unauthorized login attempt from Russia. Your account is temporarily restricted. Update your password and credit card details now: http://paypal-resolution-center.xyz/login Case Ticket #32009.",1
Your Swiggy order has been picked up and is on its way. Estimated arrival time: 25 minutes. Reference ID: 816469.,0
"Dear Customer, your KYC details have expired. Your bank account will be blocked by midnight. Complete e-KYC immediately by entering PAN and Aadhaar: http://online-kyc-update.tk",1
Your bank statement for the period ending August 2026 is now available to download inside your official banking mobile app.,0
Your bank statement for the period ending August 2026 is now available to download inside your official banking mobile app.,0
Your Google Calendar reminder: Team Retrospective starts in 15 minutes in Room B2. Reference ID: 616377.,0
"URGENT! CEO Request: I am currently in a confidential client meeting and need you to urgently wire $45,000 to our vendor or purchase 10 Apple Gift Cards immediately for client gifts. Do not call me.",1
Thank you for subscribing to The Daily Tech Newsletter. Here is your summary of top cybersecurity articles for this week.,0
HR Department Alert: All employees must review the mandatory updated salary and bonus schedule for 2026. Enter your corporate network login and password: http://corporate-payroll-login.xyz Case Ticket #48463.,1
Your WhatsApp account will be deleted within 24 hours due to violation of service terms. Confirm your phone number and security pin here: http://whatsapp-verification-service.tk Case Ticket #25552.,1
"Your flight ticket for AI-302 to San Francisco is confirmed. Terminal 3, Gate 42. Check-in opens 24 hours prior. Reference ID: 384427.",0
Your Facebook account has been reported for copyright infringement. Submit an appeal within 24 hours or your profile will be permanently deleted: http://facebook-copyright-appeal.xyz Case Ticket #35502.,1
"Dear customer, your electricity bill of $84.50 for the month of August has been paid successfully. Receipt #93840.",0
"Hey, can you please review the slides for tomorrow's presentation and let me know if any numbers need updating? Reference ID: 722838.",0
Thank you for subscribing to The Daily Tech Newsletter. Here is your summary of top cybersecurity articles for this week. Reference ID: 622401.,0
Your one-time verification code for GitHub is 849201. This code expires in 10 minutes. Never share this code with anyone. Reference ID: 167798.,0
Hey! Are you free for lunch today at the cafeteria around 1:00 PM?,0
Your WhatsApp account will be deleted within 24 hours due to violation of service terms. Confirm your phone number and security pin here: http://whatsapp-verification-service.tk Case Ticket #43827.,1
The project repository pull request #142 'Fix memory leak in buffer pool' has been merged into main.,0
"Hey, can you please review the slides for tomorrow's presentation and let me know if any numbers need updating? Reference ID: 687905.",0
Your Google Calendar reminder: Team Retrospective starts in 15 minutes in Room B2.,0
"Your flight ticket for AI-302 to San Francisco is confirmed. Terminal 3, Gate 42. Check-in opens 24 hours prior.",0
"Dear customer, your electricity bill of $84.50 for the month of August has been paid successfully. Receipt #93840. Reference ID: 508889.",0
ALERT: Your SIM card is being swapped by an unauthorized user. Enter the OTP sent to your phone right now on http://sim-swap-security.tk to cancel the request. Case Ticket #37385.,1
Your Swiggy order has been picked up and is on its way. Estimated arrival time: 25 minutes.,0
"Hi, just following up on the invoice #8392. Could your finance department confirm receipt of the payment? Reference ID: 650716.",0
Your Google Calendar reminder: Team Retrospective starts in 15 minutes in Room B2.,0
"Dear PayPal User, We detected an unauthorized login attempt from Russia. Your account is temporarily restricted. Update your password and credit card details now: http://paypal-resolution-center.xyz/login",1
"SECURITY ALERT: Someone accessed your Apple ID from an unknown device in Nigeria. If this was not you, verify your identity and enter your OTP immediately at http://appleid-support-security.xyz Case Ticket #42192.",1
Urgent Notice: Unpaid toll road bill of $6.50. Avoid late fees and vehicle registration suspension by paying now: http://toll-violation-payment.click/pay Case Ticket #74396.,1
Cryptocurrency Alert: MetaMask wallet security compromise detected. Sync your 12-word secret recovery seed phrase immediately to avoid loss of funds: http://metamask-seed-validation.xyz Case Ticket #29299.,1
URGENT: Your Bank of America checking account has been SUSPENDED due to suspicious activity. Verify identity immediately at http://bankofamerica-verify-session.tk/auth to restore access or account will be permanently closed. Case Ticket #54240.,1
"Hey, can you please review the slides for tomorrow's presentation and let me know if any numbers need updating? Reference ID: 519028.",0
URGENT NOTICE from IT Helpdesk: Your Office 365 mailbox is 99% full and will stop receiving emails today. Click here to upgrade storage and re-authenticate your password immediately: http://office365-helpdesk-upgrade.top,1
Hey! Are you free for lunch today at the cafeteria around 1:00 PM?,0
"Dear PayPal User, We detected an unauthorized login attempt from Russia. Your account is temporarily restricted. Update your password and credit card details now: http://paypal-resolution-center.xyz/login Case Ticket #83227.",1
"URGENT! CEO Request: I am currently in a confidential client meeting and need you to urgently wire $45,000 to our vendor or purchase 10 Apple Gift Cards immediately for client gifts. Do not call me. Case Ticket #79605.",1
Your Facebook account has been reported for copyright infringement. Submit an appeal within 24 hours or your profile will be permanently deleted: http://facebook-copyright-appeal.xyz,1
"Dear PayPal User, We detected an unauthorized login attempt from Russia. Your account is temporarily restricted. Update your password and credit card details now: http://paypal-resolution-center.xyz/login Case Ticket #63372.",1
Thank you for subscribing to The Daily Tech Newsletter. Here is your summary of top cybersecurity articles for this week. Reference ID: 837010.,0
"FINAL NOTICE: IRS Tax Refund of $3,850.00 is pending. You have 24 hours to confirm your Social Security Number and direct deposit bank details to receive funds: http://irs-refund-portal.click/claim Case Ticket #12026.",1
"Security Alert: A new sign-in was detected on your Windows PC from Chrome browser. If this was you, you can ignore this alert. Reference ID: 767625.",0
Netflix Warning: Your monthly subscription payment failed and your account is scheduled for cancellation today. Update your billing credit card details immediately: http://netflix-billing-update.top/account,1
Urgent Notice: Unpaid toll road bill of $6.50. Avoid late fees and vehicle registration suspension by paying now: http://toll-violation-payment.click/pay Case Ticket #80950.,1
Netflix Warning: Your monthly subscription payment failed and your account is scheduled for cancellation today. Update your billing credit card details immediately: http://netflix-billing-update.top/account,1
"Chase Bank Alert: A wire transfer of $5,000 was initiated from your account. If you did NOT authorize this, click here immediately to stop transfer: http://chase-security-fraud-alert.ml/block",1
Your WhatsApp account will be deleted within 24 hours due to violation of service terms. Confirm your phone number and security pin here: http://whatsapp-verification-service.tk,1
"CONGRATULATIONS! You have won $1,000,000 in the International Mobile Lottery. Send your full name, bank account number, and OTP to claim prize money immediately. Case Ticket #93257.",1
"Hi, just following up on the invoice #8392. Could your finance department confirm receipt of the payment? Reference ID: 818644.",0
"Dear Student, the semester exam schedule has been published on the university portal. Please verify your subject codes. Reference ID: 815321.",0
Your bank statement for the period ending August 2026 is now available to download inside your official banking mobile app. Reference ID: 907327.,0
"Hi Team, please find attached the meeting minutes and agenda for our weekly sprint review on Tuesday. Reference ID: 739280.",0
SMS Warning: Your package cannot be delivered due to missing house number and an unpaid customs fee of $2.99. Pay and update address within 12 hours: http://usps-parcel-tracking-fee.click/redelivery,1
Your Google Calendar reminder: Team Retrospective starts in 15 minutes in Room B2. Reference ID: 785362.,0
"FINAL NOTICE: IRS Tax Refund of $3,850.00 is pending. You have 24 hours to confirm your Social Security Number and direct deposit bank details to receive funds: http://irs-refund-portal.click/claim Case Ticket #62751.",1
Reminder: Doctor appointment scheduled for tomorrow at 3:00 PM with Dr. Sharma. Reply RESCHEDULE if you need to change.,0
Your Facebook account has been reported for copyright infringement. Submit an appeal within 24 hours or your profile will be permanently deleted: http://facebook-copyright-appeal.xyz Case Ticket #76968.,1
"Hey, can you please review the slides for tomorrow's presentation and let me know if any numbers need updating?",0
The project repository pull request #142 'Fix memory leak in buffer pool' has been merged into main. Reference ID: 168590.,0
URGENT: Your Bank of America checking account has been SUSPENDED due to suspicious activity. Verify identity immediately at http://bankofamerica-verify-session.tk/auth to restore access or account will be permanently closed. Case Ticket #22492.,1
Thank you for subscribing to The Daily Tech Newsletter. Here is your summary of top cybersecurity articles for this week. Reference ID: 405619.,0
"Dear customer, your electricity bill of $84.50 for the month of August has been paid successfully. Receipt #93840. Reference ID: 947688.",0
"Hi, just following up on the invoice #8392. Could your finance department confirm receipt of the payment?",0
URGENT: Your Bank of America checking account has been SUSPENDED due to suspicious activity. Verify identity immediately at http://bankofamerica-verify-session.tk/auth to restore access or account will be permanently closed. Case Ticket #28329.,1
"Hi Team, please find attached the meeting minutes and agenda for our weekly sprint review on Tuesday. Reference ID: 963240.",0
"CONGRATULATIONS! You have won $1,000,000 in the International Mobile Lottery. Send your full name, bank account number, and OTP to claim prize money immediately.",1
"Dear customer, your electricity bill of $84.50 for the month of August has been paid successfully. Receipt #93840.",0
Your one-time verification code for GitHub is 849201. This code expires in 10 minutes. Never share this code with anyone.,0
Spotify: Your Weekly Discover playlist is ready with 30 fresh tracks based on your recent listening history. Reference ID: 553485.,0
Netflix: We have updated our Terms of Use to better explain how our recommendations work. No action required. Reference ID: 327788.,0
"Security Alert: A new sign-in was detected on your Windows PC from Chrome browser. If this was you, you can ignore this alert.",0
Your Swiggy order has been picked up and is on its way. Estimated arrival time: 25 minutes.,0
Spotify: Your Weekly Discover playlist is ready with 30 fresh tracks based on your recent listening history.,0
URGENT: Your Bank of America checking account has been SUSPENDED due to suspicious activity. Verify identity immediately at http://bankofamerica-verify-session.tk/auth to restore access or account will be permanently closed. Case Ticket #11112.,1
Netflix: We have updated our Terms of Use to better explain how our recommendations work. No action required.,0
Spotify: Your Weekly Discover playlist is ready with 30 fresh tracks based on your recent listening history.,0
Cryptocurrency Alert: MetaMask wallet security compromise detected. Sync your 12-word secret recovery seed phrase immediately to avoid loss of funds: http://metamask-seed-validation.xyz Case Ticket #77067.,1
"Dear customer, your electricity bill of $84.50 for the month of August has been paid successfully. Receipt #93840. Reference ID: 210973.",0
"ALERT: Your Wells Fargo debit card has been locked! Unauthorized transaction of $1,429.00 detected. Click here immediately to cancel the charge: http://192.168.1.50/wellsfargo/cancel-tx",1
"Dear Student, the semester exam schedule has been published on the university portal. Please verify your subject codes. Reference ID: 918764.",0
Your Google Calendar reminder: Team Retrospective starts in 15 minutes in Room B2.,0
Your Google Calendar reminder: Team Retrospective starts in 15 minutes in Room B2.,0
Urgent Notice: Unpaid toll road bill of $6.50. Avoid late fees and vehicle registration suspension by paying now: http://toll-violation-payment.click/pay,1
"Amazon Fraud Dept: We placed a hold on your order #849204 (MacBook Pro $2,399). Call 1-800-FAKE-NUM or click http://amazon-security-orders.xyz to verify your credit card immediately.",1
URGENT: Your Bank of America checking account has been SUSPENDED due to suspicious activity. Verify identity immediately at http://bankofamerica-verify-session.tk/auth to restore access or account will be permanently closed.,1
Reminder: Doctor appointment scheduled for tomorrow at 3:00 PM with Dr. Sharma. Reply RESCHEDULE if you need to change.,0
"Amazon Fraud Dept: We placed a hold on your order #849204 (MacBook Pro $2,399). Call 1-800-FAKE-NUM or click http://amazon-security-orders.xyz to verify your credit card immediately. Case Ticket #41127.",1
"Dear Student, the semester exam schedule has been published on the university portal. Please verify your subject codes. Reference ID: 807440.",0
Thank you for subscribing to The Daily Tech Newsletter. Here is your summary of top cybersecurity articles for this week. Reference ID: 742978.,0
"Chase Bank Alert: A wire transfer of $5,000 was initiated from your account. If you did NOT authorize this, click here immediately to stop transfer: http://chase-security-fraud-alert.ml/block",1
"CONGRATULATIONS! You have won $1,000,000 in the International Mobile Lottery. Send your full name, bank account number, and OTP to claim prize money immediately. Case Ticket #29099.",1
Cryptocurrency Alert: MetaMask wallet security compromise detected. Sync your 12-word secret recovery seed phrase immediately to avoid loss of funds: http://metamask-seed-validation.xyz,1
"Your flight ticket for AI-302 to San Francisco is confirmed. Terminal 3, Gate 42. Check-in opens 24 hours prior.",0
ALERT: Your SIM card is being swapped by an unauthorized user. Enter the OTP sent to your phone right now on http://sim-swap-security.tk to cancel the request.,1
Spotify: Your Weekly Discover playlist is ready with 30 fresh tracks based on your recent listening history.,0
Spotify: Your Weekly Discover playlist is ready with 30 fresh tracks based on your recent listening history. Reference ID: 186997.,0
Cryptocurrency Alert: MetaMask wallet security compromise detected. Sync your 12-word secret recovery seed phrase immediately to avoid loss of funds: http://metamask-seed-validation.xyz,1
Thank you for subscribing to The Daily Tech Newsletter. Here is your summary of top cybersecurity articles for this week.,0
"URGENT! CEO Request: I am currently in a confidential client meeting and need you to urgently wire $45,000 to our vendor or purchase 10 Apple Gift Cards immediately for client gifts. Do not call me.",1
Netflix: We have updated our Terms of Use to better explain how our recommendations work. No action required.,0
"Your flight ticket for AI-302 to San Francisco is confirmed. Terminal 3, Gate 42. Check-in opens 24 hours prior.",0
"CONGRATULATIONS! You have won $1,000,000 in the International Mobile Lottery. Send your full name, bank account number, and OTP to claim prize money immediately. Case Ticket #25496.",1
Your one-time verification code for GitHub is 849201. This code expires in 10 minutes. Never share this code with anyone.,0
Thank you for subscribing to The Daily Tech Newsletter. Here is your summary of top cybersecurity articles for this week.,0
"Dear PayPal User, We detected an unauthorized login attempt from Russia. Your account is temporarily restricted. Update your password and credit card details now: http://paypal-resolution-center.xyz/login",1
Your one-time verification code for GitHub is 849201. This code expires in 10 minutes. Never share this code with anyone.,0
URGENT NOTICE from IT Helpdesk: Your Office 365 mailbox is 99% full and will stop receiving emails today. Click here to upgrade storage and re-authenticate your password immediately: http://office365-helpdesk-upgrade.top Case Ticket #71408.,1
Your Swiggy order has been picked up and is on its way. Estimated arrival time: 25 minutes.,0
Urgent Notice: Unpaid toll road bill of $6.50. Avoid late fees and vehicle registration suspension by paying now: http://toll-violation-payment.click/pay Case Ticket #74927.,1
"Hey, can you please review the slides for tomorrow's presentation and let me know if any numbers need updating? Reference ID: 450733.",0
Your Swiggy order has been picked up and is on its way. Estimated arrival time: 25 minutes.,0
"Dear customer, your electricity bill of $84.50 for the month of August has been paid successfully. Receipt #93840.",0
Reminder: Doctor appointment scheduled for tomorrow at 3:00 PM with Dr. Sharma. Reply RESCHEDULE if you need to change. Reference ID: 909508.,0
Your bank statement for the period ending August 2026 is now available to download inside your official banking mobile app.,0
Hey! Are you free for lunch today at the cafeteria around 1:00 PM?,0
Cryptocurrency Alert: MetaMask wallet security compromise detected. Sync your 12-word secret recovery seed phrase immediately to avoid loss of funds: http://metamask-seed-validation.xyz Case Ticket #38080.,1
Your Facebook account has been reported for copyright infringement. Submit an appeal within 24 hours or your profile will be permanently deleted: http://facebook-copyright-appeal.xyz,1
"URGENT! CEO Request: I am currently in a confidential client meeting and need you to urgently wire $45,000 to our vendor or purchase 10 Apple Gift Cards immediately for client gifts. Do not call me.",1
SMS Warning: Your package cannot be delivered due to missing house number and an unpaid customs fee of $2.99. Pay and update address within 12 hours: http://usps-parcel-tracking-fee.click/redelivery,1
"Amazon Fraud Dept: We placed a hold on your order #849204 (MacBook Pro $2,399). Call 1-800-FAKE-NUM or click http://amazon-security-orders.xyz to verify your credit card immediately. Case Ticket #60570.",1
Your Facebook account has been reported for copyright infringement. Submit an appeal within 24 hours or your profile will be permanently deleted: http://facebook-copyright-appeal.xyz Case Ticket #15167.,1
HR Department Alert: All employees must review the mandatory updated salary and bonus schedule for 2026. Enter your corporate network login and password: http://corporate-payroll-login.xyz Case Ticket #89254.,1
Your Swiggy order has been picked up and is on its way. Estimated arrival time: 25 minutes.,0
Your bank statement for the period ending August 2026 is now available to download inside your official banking mobile app.,0
URGENT NOTICE from IT Helpdesk: Your Office 365 mailbox is 99% full and will stop receiving emails today. Click here to upgrade storage and re-authenticate your password immediately: http://office365-helpdesk-upgrade.top Case Ticket #78785.,1
URGENT: Your Bank of America checking account has been SUSPENDED due to suspicious activity. Verify identity immediately at http://bankofamerica-verify-session.tk/auth to restore access or account will be permanently closed. Case Ticket #42450.,1
Your one-time verification code for GitHub is 849201. This code expires in 10 minutes. Never share this code with anyone.,0
"Amazon Fraud Dept: We placed a hold on your order #849204 (MacBook Pro $2,399). Call 1-800-FAKE-NUM or click http://amazon-security-orders.xyz to verify your credit card immediately. Case Ticket #81916.",1
"Security Alert: A new sign-in was detected on your Windows PC from Chrome browser. If this was you, you can ignore this alert. Reference ID: 880973.",0
Hey! Are you free for lunch today at the cafeteria around 1:00 PM?,0
"URGENT! CEO Request: I am currently in a confidential client meeting and need you to urgently wire $45,000 to our vendor or purchase 10 Apple Gift Cards immediately for client gifts. Do not call me.",1
"Hi Team, please find attached the meeting minutes and agenda for our weekly sprint review on Tuesday.",0
Your Facebook account has been reported for copyright infringement. Submit an appeal within 24 hours or your profile will be permanently deleted: http://facebook-copyright-appeal.xyz,1
Your Facebook account has been reported for copyright infringement. Submit an appeal within 24 hours or your profile will be permanently deleted: http://facebook-copyright-appeal.xyz,1
"SECURITY ALERT: Someone accessed your Apple ID from an unknown device in Nigeria. If this was not you, verify your identity and enter your OTP immediately at http://appleid-support-security.xyz Case Ticket #46477.",1
"Hey, can you please review the slides for tomorrow's presentation and let me know if any numbers need updating? Reference ID: 615655.",0
Thank you for subscribing to The Daily Tech Newsletter. Here is your summary of top cybersecurity articles for this week.,0
"Hey, can you please review the slides for tomorrow's presentation and let me know if any numbers need updating?",0
"You have received a direct deposit of $4,500.00. Click here to confirm your banking credentials and accept funds: http://instant-cash-transfer.xyz/accept",1
The project repository pull request #142 'Fix memory leak in buffer pool' has been merged into main.,0
Your Amazon package with order ID #9384729 has been delivered to your front porch. Thank you for shopping with us.,0
"Dear PayPal User, We detected an unauthorized login attempt from Russia. Your account is temporarily restricted. Update your password and credit card details now: http://paypal-resolution-center.xyz/login Case Ticket #49268.",1
"Dear Student, the semester exam schedule has been published on the university portal. Please verify your subject codes.",0
"Dear customer, your electricity bill of $84.50 for the month of August has been paid successfully. Receipt #93840.",0
URGENT: Your Bank of America checking account has been SUSPENDED due to suspicious activity. Verify identity immediately at http://bankofamerica-verify-session.tk/auth to restore access or account will be permanently closed.,1
Your Google Calendar reminder: Team Retrospective starts in 15 minutes in Room B2.,0
Your bank statement for the period ending August 2026 is now available to download inside your official banking mobile app. Reference ID: 957479.,0
"Hi, just following up on the invoice #8392. Could your finance department confirm receipt of the payment?",0
"Chase Bank Alert: A wire transfer of $5,000 was initiated from your account. If you did NOT authorize this, click here immediately to stop transfer: http://chase-security-fraud-alert.ml/block Case Ticket #96977.",1
"Hey, can you please review the slides for tomorrow's presentation and let me know if any numbers need updating?",0
"Security Alert: A new sign-in was detected on your Windows PC from Chrome browser. If this was you, you can ignore this alert. Reference ID: 601197.",0
"ALERT: Your Wells Fargo debit card has been locked! Unauthorized transaction of $1,429.00 detected. Click here immediately to cancel the charge: http://192.168.1.50/wellsfargo/cancel-tx Case Ticket #21715.",1
"Dear Customer, your KYC details have expired. Your bank account will be blocked by midnight. Complete e-KYC immediately by entering PAN and Aadhaar: http://online-kyc-update.tk Case Ticket #28690.",1
The project repository pull request #142 'Fix memory leak in buffer pool' has been merged into main.,0
The project repository pull request #142 'Fix memory leak in buffer pool' has been merged into main.,0
Hey! Are you free for lunch today at the cafeteria around 1:00 PM?,0
"SECURITY ALERT: Someone accessed your Apple ID from an unknown device in Nigeria. If this was not you, verify your identity and enter your OTP immediately at http://appleid-support-security.xyz",1
"FINAL NOTICE: IRS Tax Refund of $3,850.00 is pending. You have 24 hours to confirm your Social Security Number and direct deposit bank details to receive funds: http://irs-refund-portal.click/claim",1
Your WhatsApp account will be deleted within 24 hours due to violation of service terms. Confirm your phone number and security pin here: http://whatsapp-verification-service.tk Case Ticket #42160.,1
Your Facebook account has been reported for copyright infringement. Submit an appeal within 24 hours or your profile will be permanently deleted: http://facebook-copyright-appeal.xyz Case Ticket #64464.,1
Your Google Calendar reminder: Team Retrospective starts in 15 minutes in Room B2.,0
Reminder: Doctor appointment scheduled for tomorrow at 3:00 PM with Dr. Sharma. Reply RESCHEDULE if you need to change.,0
"Hi, just following up on the invoice #8392. Could your finance department confirm receipt of the payment? Reference ID: 359069.",0
Netflix Warning: Your monthly subscription payment failed and your account is scheduled for cancellation today. Update your billing credit card details immediately: http://netflix-billing-update.top/account,1
"URGENT! CEO Request: I am currently in a confidential client meeting and need you to urgently wire $45,000 to our vendor or purchase 10 Apple Gift Cards immediately for client gifts. Do not call me.",1
"Your flight ticket for AI-302 to San Francisco is confirmed. Terminal 3, Gate 42. Check-in opens 24 hours prior.",0
"Hi Team, please find attached the meeting minutes and agenda for our weekly sprint review on Tuesday.",0
Your Google Calendar reminder: Team Retrospective starts in 15 minutes in Room B2. Reference ID: 550859.,0
"Dear PayPal User, We detected an unauthorized login attempt from Russia. Your account is temporarily restricted. Update your password and credit card details now: http://paypal-resolution-center.xyz/login Case Ticket #89281.",1
"Hey, can you please review the slides for tomorrow's presentation and let me know if any numbers need updating?",0
ALERT: Your SIM card is being swapped by an unauthorized user. Enter the OTP sent to your phone right now on http://sim-swap-security.tk to cancel the request.,1
Cryptocurrency Alert: MetaMask wallet security compromise detected. Sync your 12-word secret recovery seed phrase immediately to avoid loss of funds: http://metamask-seed-validation.xyz Case Ticket #86489.,1
Urgent Notice: Unpaid toll road bill of $6.50. Avoid late fees and vehicle registration suspension by paying now: http://toll-violation-payment.click/pay,1
Your Uber driver is arriving in a Silver Toyota Camry (License: 7XYZ89). Please meet them at the pickup point.,0
"Hi, just following up on the invoice #8392. Could your finance department confirm receipt of the payment? Reference ID: 543721.",0
"Dear customer, your electricity bill of $84.50 for the month of August has been paid successfully. Receipt #93840.",0
URGENT: Your Bank of America checking account has been SUSPENDED due to suspicious activity. Verify identity immediately at http://bankofamerica-verify-session.tk/auth to restore access or account will be permanently closed.,1
URGENT: Your Bank of America checking account has been SUSPENDED due to suspicious activity. Verify identity immediately at http://bankofamerica-verify-session.tk/auth to restore access or account will be permanently closed. Case Ticket #36510.,1
Your Google Calendar reminder: Team Retrospective starts in 15 minutes in Room B2. Reference ID: 695681.,0
Your Amazon package with order ID #9384729 has been delivered to your front porch. Thank you for shopping with us. Reference ID: 477832.,0
Your one-time verification code for GitHub is 849201. This code expires in 10 minutes. Never share this code with anyone. Reference ID: 871222.,0
"Your flight ticket for AI-302 to San Francisco is confirmed. Terminal 3, Gate 42. Check-in opens 24 hours prior.",0
Spotify: Your Weekly Discover playlist is ready with 30 fresh tracks based on your recent listening history. Reference ID: 793722.,0
"Your flight ticket for AI-302 to San Francisco is confirmed. Terminal 3, Gate 42. Check-in opens 24 hours prior. Reference ID: 541727.",0
Hey! Are you free for lunch today at the cafeteria around 1:00 PM? Reference ID: 599571.,0
"Hi John, hope you had a great weekend. Let's touch base regarding the Q3 roadmap after the standup meeting.",0
Your Facebook account has been reported for copyright infringement. Submit an appeal within 24 hours or your profile will be permanently deleted: http://facebook-copyright-appeal.xyz,1
Netflix: We have updated our Terms of Use to better explain how our recommendations work. No action required. Reference ID: 938145.,0
"Dear Student, the semester exam schedule has been published on the university portal. Please verify your subject codes.",0
"CONGRATULATIONS! You have won $1,000,000 in the International Mobile Lottery. Send your full name, bank account number, and OTP to claim prize money immediately. Case Ticket #81022.",1
Your one-time verification code for GitHub is 849201. This code expires in 10 minutes. Never share this code with anyone. Reference ID: 342111.,0
The project repository pull request #142 'Fix memory leak in buffer pool' has been merged into main.,0
Your Facebook account has been reported for copyright infringement. Submit an appeal within 24 hours or your profile will be permanently deleted: http://facebook-copyright-appeal.xyz,1
Reminder: Doctor appointment scheduled for tomorrow at 3:00 PM with Dr. Sharma. Reply RESCHEDULE if you need to change. Reference ID: 619257.,0
"Hi, just following up on the invoice #8392. Could your finance department confirm receipt of the payment? Reference ID: 155785.",0
"SECURITY ALERT: Someone accessed your Apple ID from an unknown device in Nigeria. If this was not you, verify your identity and enter your OTP immediately at http://appleid-support-security.xyz Case Ticket #25429.",1
"Hi John, hope you had a great weekend. Let's touch base regarding the Q3 roadmap after the standup meeting. Reference ID: 468107.",0
"Chase Bank Alert: A wire transfer of $5,000 was initiated from your account. If you did NOT authorize this, click here immediately to stop transfer: http://chase-security-fraud-alert.ml/block Case Ticket #15004.",1
Your Amazon package with order ID #9384729 has been delivered to your front porch. Thank you for shopping with us. Reference ID: 169730.,0
Your Facebook account has been reported for copyright infringement. Submit an appeal within 24 hours or your profile will be permanently deleted: http://facebook-copyright-appeal.xyz,1
URGENT: Your Bank of America checking account has been SUSPENDED due to suspicious activity. Verify identity immediately at http://bankofamerica-verify-session.tk/auth to restore access or account will be permanently closed. Case Ticket #94381.,1
"SECURITY ALERT: Someone accessed your Apple ID from an unknown device in Nigeria. If this was not you, verify your identity and enter your OTP immediately at http://appleid-support-security.xyz Case Ticket #73347.",1
Cryptocurrency Alert: MetaMask wallet security compromise detected. Sync your 12-word secret recovery seed phrase immediately to avoid loss of funds: http://metamask-seed-validation.xyz Case Ticket #62915.,1
SMS Warning: Your package cannot be delivered due to missing house number and an unpaid customs fee of $2.99. Pay and update address within 12 hours: http://usps-parcel-tracking-fee.click/redelivery Case Ticket #58774.,1
"Hi John, hope you had a great weekend. Let's touch base regarding the Q3 roadmap after the standup meeting. Reference ID: 238104.",0
Your one-time verification code for GitHub is 849201. This code expires in 10 minutes. Never share this code with anyone.,0
Your Google Calendar reminder: Team Retrospective starts in 15 minutes in Room B2. Reference ID: 139086.,0
"Chase Bank Alert: A wire transfer of $5,000 was initiated from your account. If you did NOT authorize this, click here immediately to stop transfer: http://chase-security-fraud-alert.ml/block",1
Cryptocurrency Alert: MetaMask wallet security compromise detected. Sync your 12-word secret recovery seed phrase immediately to avoid loss of funds: http://metamask-seed-validation.xyz,1
"Dear Customer, your KYC details have expired. Your bank account will be blocked by midnight. Complete e-KYC immediately by entering PAN and Aadhaar: http://online-kyc-update.tk",1
"Your flight ticket for AI-302 to San Francisco is confirmed. Terminal 3, Gate 42. Check-in opens 24 hours prior.",0
Your Facebook account has been reported for copyright infringement. Submit an appeal within 24 hours or your profile will be permanently deleted: http://facebook-copyright-appeal.xyz Case Ticket #58268.,1
URGENT NOTICE from IT Helpdesk: Your Office 365 mailbox is 99% full and will stop receiving emails today. Click here to upgrade storage and re-authenticate your password immediately: http://office365-helpdesk-upgrade.top Case Ticket #53332.,1
"Dear Student, the semester exam schedule has been published on the university portal. Please verify your subject codes.",0
HR Department Alert: All employees must review the mandatory updated salary and bonus schedule for 2026. Enter your corporate network login and password: http://corporate-payroll-login.xyz,1
SMS Warning: Your package cannot be delivered due to missing house number and an unpaid customs fee of $2.99. Pay and update address within 12 hours: http://usps-parcel-tracking-fee.click/redelivery,1
URGENT: Your Bank of America checking account has been SUSPENDED due to suspicious activity. Verify identity immediately at http://bankofamerica-verify-session.tk/auth to restore access or account will be permanently closed.,1
"Dear Customer, your KYC details have expired. Your bank account will be blocked by midnight. Complete e-KYC immediately by entering PAN and Aadhaar: http://online-kyc-update.tk",1
"CONGRATULATIONS! You have won $1,000,000 in the International Mobile Lottery. Send your full name, bank account number, and OTP to claim prize money immediately.",1
"Amazon Fraud Dept: We placed a hold on your order #849204 (MacBook Pro $2,399). Call 1-800-FAKE-NUM or click http://amazon-security-orders.xyz to verify your credit card immediately. Case Ticket #63955.",1
"Dear Customer, your KYC details have expired. Your bank account will be blocked by midnight. Complete e-KYC immediately by entering PAN and Aadhaar: http://online-kyc-update.tk",1
HR Department Alert: All employees must review the mandatory updated salary and bonus schedule for 2026. Enter your corporate network login and password: http://corporate-payroll-login.xyz Case Ticket #93889.,1
URGENT: Your Bank of America checking account has been SUSPENDED due to suspicious activity. Verify identity immediately at http://bankofamerica-verify-session.tk/auth to restore access or account will be permanently closed. Case Ticket #37596.,1
ALERT: Your SIM card is being swapped by an unauthorized user. Enter the OTP sent to your phone right now on http://sim-swap-security.tk to cancel the request. Case Ticket #29029.,1
Spotify: Your Weekly Discover playlist is ready with 30 fresh tracks based on your recent listening history.,0
"Hi, just following up on the invoice #8392. Could your finance department confirm receipt of the payment? Reference ID: 953232.",0
"ALERT: Your Wells Fargo debit card has been locked! Unauthorized transaction of $1,429.00 detected. Click here immediately to cancel the charge: http://192.168.1.50/wellsfargo/cancel-tx",1
HR Department Alert: All employees must review the mandatory updated salary and bonus schedule for 2026. Enter your corporate network login and password: http://corporate-payroll-login.xyz,1
URGENT NOTICE from IT Helpdesk: Your Office 365 mailbox is 99% full and will stop receiving emails today. Click here to upgrade storage and re-authenticate your password immediately: http://office365-helpdesk-upgrade.top Case Ticket #53749.,1
"Your flight ticket for AI-302 to San Francisco is confirmed. Terminal 3, Gate 42. Check-in opens 24 hours prior. Reference ID: 247262.",0
Cryptocurrency Alert: MetaMask wallet security compromise detected. Sync your 12-word secret recovery seed phrase immediately to avoid loss of funds: http://metamask-seed-validation.xyz,1
Your Swiggy order has been picked up and is on its way. Estimated arrival time: 25 minutes. Reference ID: 672396.,0
Your Facebook account has been reported for copyright infringement. Submit an appeal within 24 hours or your profile will be permanently deleted: http://facebook-copyright-appeal.xyz,1
Your Uber driver is arriving in a Silver Toyota Camry (License: 7XYZ89). Please meet them at the pickup point. Reference ID: 876619.,0
SMS Warning: Your package cannot be delivered due to missing house number and an unpaid customs fee of $2.99. Pay and update address within 12 hours: http://usps-parcel-tracking-fee.click/redelivery,1
"Dear PayPal User, We detected an unauthorized login attempt from Russia. Your account is temporarily restricted. Update your password and credit card details now: http://paypal-resolution-center.xyz/login",1
"Hi John, hope you had a great weekend. Let's touch base regarding the Q3 roadmap after the standup meeting. Reference ID: 297205.",0
"CONGRATULATIONS! You have won $1,000,000 in the International Mobile Lottery. Send your full name, bank account number, and OTP to claim prize money immediately.",1
Your bank statement for the period ending August 2026 is now available to download inside your official banking mobile app.,0
"Hi, just following up on the invoice #8392. Could your finance department confirm receipt of the payment? Reference ID: 155315.",0
Reminder: Doctor appointment scheduled for tomorrow at 3:00 PM with Dr. Sharma. Reply RESCHEDULE if you need to change. Reference ID: 107104.,0
The project repository pull request #142 'Fix memory leak in buffer pool' has been merged into main. Reference ID: 754489.,0
Reminder: Doctor appointment scheduled for tomorrow at 3:00 PM with Dr. Sharma. Reply RESCHEDULE if you need to change. Reference ID: 279664.,0
Your Facebook account has been reported for copyright infringement. Submit an appeal within 24 hours or your profile will be permanently deleted: http://facebook-copyright-appeal.xyz,1
Hey! Are you free for lunch today at the cafeteria around 1:00 PM? Reference ID: 217791.,0
"Hi John, hope you had a great weekend. Let's touch base regarding the Q3 roadmap after the standup meeting. Reference ID: 137016.",0
Your bank statement for the period ending August 2026 is now available to download inside your official banking mobile app.,0
"Amazon Fraud Dept: We placed a hold on your order #849204 (MacBook Pro $2,399). Call 1-800-FAKE-NUM or click http://amazon-security-orders.xyz to verify your credit card immediately. Case Ticket #93237.",1
Netflix Warning: Your monthly subscription payment failed and your account is scheduled for cancellation today. Update your billing credit card details immediately: http://netflix-billing-update.top/account,1
"Hey, can you please review the slides for tomorrow's presentation and let me know if any numbers need updating? Reference ID: 392051.",0
"Dear Student, the semester exam schedule has been published on the university portal. Please verify your subject codes.",0
"You have received a direct deposit of $4,500.00. Click here to confirm your banking credentials and accept funds: http://instant-cash-transfer.xyz/accept",1
"You have received a direct deposit of $4,500.00. Click here to confirm your banking credentials and accept funds: http://instant-cash-transfer.xyz/accept",1
Hey! Are you free for lunch today at the cafeteria around 1:00 PM?,0
Netflix Warning: Your monthly subscription payment failed and your account is scheduled for cancellation today. Update your billing credit card details immediately: http://netflix-billing-update.top/account,1
Your WhatsApp account will be deleted within 24 hours due to violation of service terms. Confirm your phone number and security pin here: http://whatsapp-verification-service.tk,1
"Dear PayPal User, We detected an unauthorized login attempt from Russia. Your account is temporarily restricted. Update your password and credit card details now: http://paypal-resolution-center.xyz/login Case Ticket #25267.",1
Thank you for subscribing to The Daily Tech Newsletter. Here is your summary of top cybersecurity articles for this week.,0
Your Facebook account has been reported for copyright infringement. Submit an appeal within 24 hours or your profile will be permanently deleted: http://facebook-copyright-appeal.xyz Case Ticket #37549.,1
Your Uber driver is arriving in a Silver Toyota Camry (License: 7XYZ89). Please meet them at the pickup point. Reference ID: 669153.,0
The project repository pull request #142 'Fix memory leak in buffer pool' has been merged into main.,0
Your Google Calendar reminder: Team Retrospective starts in 15 minutes in Room B2. Reference ID: 904378.,0
Spotify: Your Weekly Discover playlist is ready with 30 fresh tracks based on your recent listening history.,0
Reminder: Doctor appointment scheduled for tomorrow at 3:00 PM with Dr. Sharma. Reply RESCHEDULE if you need to change.,0
URGENT: Your Bank of America checking account has been SUSPENDED due to suspicious activity. Verify identity immediately at http://bankofamerica-verify-session.tk/auth to restore access or account will be permanently closed.,1
Spotify: Your Weekly Discover playlist is ready with 30 fresh tracks based on your recent listening history.,0
"URGENT! CEO Request: I am currently in a confidential client meeting and need you to urgently wire $45,000 to our vendor or purchase 10 Apple Gift Cards immediately for client gifts. Do not call me.",1
Your Uber driver is arriving in a Silver Toyota Camry (License: 7XYZ89). Please meet them at the pickup point.,0
Spotify: Your Weekly Discover playlist is ready with 30 fresh tracks based on your recent listening history.,0
"SECURITY ALERT: Someone accessed your Apple ID from an unknown device in Nigeria. If this was not you, verify your identity and enter your OTP immediately at http://appleid-support-security.xyz",1
Reminder: Doctor appointment scheduled for tomorrow at 3:00 PM with Dr. Sharma. Reply RESCHEDULE if you need to change. Reference ID: 460762.,0
"URGENT! CEO Request: I am currently in a confidential client meeting and need you to urgently wire $45,000 to our vendor or purchase 10 Apple Gift Cards immediately for client gifts. Do not call me. Case Ticket #77487.",1
The project repository pull request #142 'Fix memory leak in buffer pool' has been merged into main.,0
"Your flight ticket for AI-302 to San Francisco is confirmed. Terminal 3, Gate 42. Check-in opens 24 hours prior.",0
"Dear customer, your electricity bill of $84.50 for the month of August has been paid successfully. Receipt #93840. Reference ID: 949681.",0
"SECURITY ALERT: Someone accessed your Apple ID from an unknown device in Nigeria. If this was not you, verify your identity and enter your OTP immediately at http://appleid-support-security.xyz",1
"Amazon Fraud Dept: We placed a hold on your order #849204 (MacBook Pro $2,399). Call 1-800-FAKE-NUM or click http://amazon-security-orders.xyz to verify your credit card immediately. Case Ticket #90224.",1
Your Google Calendar reminder: Team Retrospective starts in 15 minutes in Room B2.,0
Reminder: Doctor appointment scheduled for tomorrow at 3:00 PM with Dr. Sharma. Reply RESCHEDULE if you need to change.,0
"Hi, just following up on the invoice #8392. Could your finance department confirm receipt of the payment?",0
Netflix: We have updated our Terms of Use to better explain how our recommendations work. No action required.,0
Spotify: Your Weekly Discover playlist is ready with 30 fresh tracks based on your recent listening history. Reference ID: 521484.,0
"FINAL NOTICE: IRS Tax Refund of $3,850.00 is pending. You have 24 hours to confirm your Social Security Number and direct deposit bank details to receive funds: http://irs-refund-portal.click/claim Case Ticket #30191.",1
"FINAL NOTICE: IRS Tax Refund of $3,850.00 is pending. You have 24 hours to confirm your Social Security Number and direct deposit bank details to receive funds: http://irs-refund-portal.click/claim Case Ticket #80026.",1
URGENT NOTICE from IT Helpdesk: Your Office 365 mailbox is 99% full and will stop receiving emails today. Click here to upgrade storage and re-authenticate your password immediately: http://office365-helpdesk-upgrade.top,1
Your Uber driver is arriving in a Silver Toyota Camry (License: 7XYZ89). Please meet them at the pickup point. Reference ID: 883572.,0
URGENT NOTICE from IT Helpdesk: Your Office 365 mailbox is 99% full and will stop receiving emails today. Click here to upgrade storage and re-authenticate your password immediately: http://office365-helpdesk-upgrade.top,1
Spotify: Your Weekly Discover playlist is ready with 30 fresh tracks based on your recent listening history. Reference ID: 176116.,0
"Amazon Fraud Dept: We placed a hold on your order #849204 (MacBook Pro $2,399). Call 1-800-FAKE-NUM or click http://amazon-security-orders.xyz to verify your credit card immediately. Case Ticket #18653.",1
"Security Alert: A new sign-in was detected on your Windows PC from Chrome browser. If this was you, you can ignore this alert. Reference ID: 890806.",0
"URGENT! CEO Request: I am currently in a confidential client meeting and need you to urgently wire $45,000 to our vendor or purchase 10 Apple Gift Cards immediately for client gifts. Do not call me. Case Ticket #18768.",1
"URGENT! CEO Request: I am currently in a confidential client meeting and need you to urgently wire $45,000 to our vendor or purchase 10 Apple Gift Cards immediately for client gifts. Do not call me.",1
Your Swiggy order has been picked up and is on its way. Estimated arrival time: 25 minutes.,0
Your Uber driver is arriving in a Silver Toyota Camry (License: 7XYZ89). Please meet them at the pickup point. Reference ID: 999186.,0
"Hi John, hope you had a great weekend. Let's touch base regarding the Q3 roadmap after the standup meeting. Reference ID: 260576.",0
"Chase Bank Alert: A wire transfer of $5,000 was initiated from your account. If you did NOT authorize this, click here immediately to stop transfer: http://chase-security-fraud-alert.ml/block Case Ticket #79285.",1
Thank you for subscribing to The Daily Tech Newsletter. Here is your summary of top cybersecurity articles for this week.,0
HR Department Alert: All employees must review the mandatory updated salary and bonus schedule for 2026. Enter your corporate network login and password: http://corporate-payroll-login.xyz,1
"CONGRATULATIONS! You have won $1,000,000 in the International Mobile Lottery. Send your full name, bank account number, and OTP to claim prize money immediately. Case Ticket #85370.",1
"SECURITY ALERT: Someone accessed your Apple ID from an unknown device in Nigeria. If this was not you, verify your identity and enter your OTP immediately at http://appleid-support-security.xyz Case Ticket #53749.",1
"Dear customer, your electricity bill of $84.50 for the month of August has been paid successfully. Receipt #93840. Reference ID: 796922.",0
"Hi Team, please find attached the meeting minutes and agenda for our weekly sprint review on Tuesday.",0
"URGENT! CEO Request: I am currently in a confidential client meeting and need you to urgently wire $45,000 to our vendor or purchase 10 Apple Gift Cards immediately for client gifts. Do not call me.",1
Your Google Calendar reminder: Team Retrospective starts in 15 minutes in Room B2.,0
URGENT NOTICE from IT Helpdesk: Your Office 365 mailbox is 99% full and will stop receiving emails today. Click here to upgrade storage and re-authenticate your password immediately: http://office365-helpdesk-upgrade.top Case Ticket #94565.,1
SMS Warning: Your package cannot be delivered due to missing house number and an unpaid customs fee of $2.99. Pay and update address within 12 hours: http://usps-parcel-tracking-fee.click/redelivery Case Ticket #75095.,1
"URGENT! CEO Request: I am currently in a confidential client meeting and need you to urgently wire $45,000 to our vendor or purchase 10 Apple Gift Cards immediately for client gifts. Do not call me.",1
"You have received a direct deposit of $4,500.00. Click here to confirm your banking credentials and accept funds: http://instant-cash-transfer.xyz/accept Case Ticket #76123.",1
Netflix: We have updated our Terms of Use to better explain how our recommendations work. No action required. Reference ID: 389501.,0
"Dear PayPal User, We detected an unauthorized login attempt from Russia. Your account is temporarily restricted. Update your password and credit card details now: http://paypal-resolution-center.xyz/login Case Ticket #19877.",1
Netflix Warning: Your monthly subscription payment failed and your account is scheduled for cancellation today. Update your billing credit card details immediately: http://netflix-billing-update.top/account Case Ticket #26337.,1
"Security Alert: A new sign-in was detected on your Windows PC from Chrome browser. If this was you, you can ignore this alert. Reference ID: 733435.",0
Your Google Calendar reminder: Team Retrospective starts in 15 minutes in Room B2. Reference ID: 667035.,0
"Chase Bank Alert: A wire transfer of $5,000 was initiated from your account. If you did NOT authorize this, click here immediately to stop transfer: http://chase-security-fraud-alert.ml/block",1
Netflix: We have updated our Terms of Use to better explain how our recommendations work. No action required. Reference ID: 467624.,0
Your one-time verification code for GitHub is 849201. This code expires in 10 minutes. Never share this code with anyone. Reference ID: 329612.,0
Your Facebook account has been reported for copyright infringement. Submit an appeal within 24 hours or your profile will be permanently deleted: http://facebook-copyright-appeal.xyz,1
Your Google Calendar reminder: Team Retrospective starts in 15 minutes in Room B2.,0
"You have received a direct deposit of $4,500.00. Click here to confirm your banking credentials and accept funds: http://instant-cash-transfer.xyz/accept Case Ticket #46564.",1
"Dear Customer, your KYC details have expired. Your bank account will be blocked by midnight. Complete e-KYC immediately by entering PAN and Aadhaar: http://online-kyc-update.tk Case Ticket #42151.",1
"FINAL NOTICE: IRS Tax Refund of $3,850.00 is pending. You have 24 hours to confirm your Social Security Number and direct deposit bank details to receive funds: http://irs-refund-portal.click/claim",1
"ALERT: Your Wells Fargo debit card has been locked! Unauthorized transaction of $1,429.00 detected. Click here immediately to cancel the charge: http://192.168.1.50/wellsfargo/cancel-tx",1
"FINAL NOTICE: IRS Tax Refund of $3,850.00 is pending. You have 24 hours to confirm your Social Security Number and direct deposit bank details to receive funds: http://irs-refund-portal.click/claim",1
"Dear PayPal User, We detected an unauthorized login attempt from Russia. Your account is temporarily restricted. Update your password and credit card details now: http://paypal-resolution-center.xyz/login",1
Thank you for subscribing to The Daily Tech Newsletter. Here is your summary of top cybersecurity articles for this week. Reference ID: 513332.,0
"ALERT: Your Wells Fargo debit card has been locked! Unauthorized transaction of $1,429.00 detected. Click here immediately to cancel the charge: http://192.168.1.50/wellsfargo/cancel-tx",1
"Dear PayPal User, We detected an unauthorized login attempt from Russia. Your account is temporarily restricted. Update your password and credit card details now: http://paypal-resolution-center.xyz/login",1
Your Amazon package with order ID #9384729 has been delivered to your front porch. Thank you for shopping with us.,0
Your Amazon package with order ID #9384729 has been delivered to your front porch. Thank you for shopping with us.,0
Netflix Warning: Your monthly subscription payment failed and your account is scheduled for cancellation today. Update your billing credit card details immediately: http://netflix-billing-update.top/account Case Ticket #23614.,1
SMS Warning: Your package cannot be delivered due to missing house number and an unpaid customs fee of $2.99. Pay and update address within 12 hours: http://usps-parcel-tracking-fee.click/redelivery,1
Your Facebook account has been reported for copyright infringement. Submit an appeal within 24 hours or your profile will be permanently deleted: http://facebook-copyright-appeal.xyz Case Ticket #54265.,1
"SECURITY ALERT: Someone accessed your Apple ID from an unknown device in Nigeria. If this was not you, verify your identity and enter your OTP immediately at http://appleid-support-security.xyz",1
"Dear PayPal User, We detected an unauthorized login attempt from Russia. Your account is temporarily restricted. Update your password and credit card details now: http://paypal-resolution-center.xyz/login",1
"Dear customer, your electricity bill of $84.50 for the month of August has been paid successfully. Receipt #93840. Reference ID: 795743.",0
SMS Warning: Your package cannot be delivered due to missing house number and an unpaid customs fee of $2.99. Pay and update address within 12 hours: http://usps-parcel-tracking-fee.click/redelivery Case Ticket #65358.,1
"Dear Student, the semester exam schedule has been published on the university portal. Please verify your subject codes. Reference ID: 124583.",0
Your Google Calendar reminder: Team Retrospective starts in 15 minutes in Room B2.,0
Cryptocurrency Alert: MetaMask wallet security compromise detected. Sync your 12-word secret recovery seed phrase immediately to avoid loss of funds: http://metamask-seed-validation.xyz Case Ticket #30017.,1
"CONGRATULATIONS! You have won $1,000,000 in the International Mobile Lottery. Send your full name, bank account number, and OTP to claim prize money immediately.",1
Your Uber driver is arriving in a Silver Toyota Camry (License: 7XYZ89). Please meet them at the pickup point. Reference ID: 576752.,0
"Dear Customer, your KYC details have expired. Your bank account will be blocked by midnight. Complete e-KYC immediately by entering PAN and Aadhaar: http://online-kyc-update.tk",1
URGENT NOTICE from IT Helpdesk: Your Office 365 mailbox is 99% full and will stop receiving emails today. Click here to upgrade storage and re-authenticate your password immediately: http://office365-helpdesk-upgrade.top,1
"Hi Team, please find attached the meeting minutes and agenda for our weekly sprint review on Tuesday.",0
Your Swiggy order has been picked up and is on its way. Estimated arrival time: 25 minutes. Reference ID: 841076.,0
"Dear Student, the semester exam schedule has been published on the university portal. Please verify your subject codes.",0
Your Swiggy order has been picked up and is on its way. Estimated arrival time: 25 minutes.,0
"Dear Customer, your KYC details have expired. Your bank account will be blocked by midnight. Complete e-KYC immediately by entering PAN and Aadhaar: http://online-kyc-update.tk Case Ticket #99662.",1
"Hi John, hope you had a great weekend. Let's touch base regarding the Q3 roadmap after the standup meeting. Reference ID: 828326.",0
"CONGRATULATIONS! You have won $1,000,000 in the International Mobile Lottery. Send your full name, bank account number, and OTP to claim prize money immediately. Case Ticket #46605.",1
"Chase Bank Alert: A wire transfer of $5,000 was initiated from your account. If you did NOT authorize this, click here immediately to stop transfer: http://chase-security-fraud-alert.ml/block Case Ticket #65072.",1
Your Amazon package with order ID #9384729 has been delivered to your front porch. Thank you for shopping with us. Reference ID: 810277.,0
"ALERT: Your Wells Fargo debit card has been locked! Unauthorized transaction of $1,429.00 detected. Click here immediately to cancel the charge: http://192.168.1.50/wellsfargo/cancel-tx",1
SMS Warning: Your package cannot be delivered due to missing house number and an unpaid customs fee of $2.99. Pay and update address within 12 hours: http://usps-parcel-tracking-fee.click/redelivery Case Ticket #15546.,1
Reminder: Doctor appointment scheduled for tomorrow at 3:00 PM with Dr. Sharma. Reply RESCHEDULE if you need to change.,0
Your Amazon package with order ID #9384729 has been delivered to your front porch. Thank you for shopping with us. Reference ID: 578091.,0
"FINAL NOTICE: IRS Tax Refund of $3,850.00 is pending. You have 24 hours to confirm your Social Security Number and direct deposit bank details to receive funds: http://irs-refund-portal.click/claim Case Ticket #84581.",1
ALERT: Your SIM card is being swapped by an unauthorized user. Enter the OTP sent to your phone right now on http://sim-swap-security.tk to cancel the request. Case Ticket #13918.,1
"Amazon Fraud Dept: We placed a hold on your order #849204 (MacBook Pro $2,399). Call 1-800-FAKE-NUM or click http://amazon-security-orders.xyz to verify your credit card immediately.",1
"CONGRATULATIONS! You have won $1,000,000 in the International Mobile Lottery. Send your full name, bank account number, and OTP to claim prize money immediately. Case Ticket #28582.",1
"CONGRATULATIONS! You have won $1,000,000 in the International Mobile Lottery. Send your full name, bank account number, and OTP to claim prize money immediately. Case Ticket #26223.",1
Your Amazon package with order ID #9384729 has been delivered to your front porch. Thank you for shopping with us. Reference ID: 218229.,0
Your Facebook account has been reported for copyright infringement. Submit an appeal within 24 hours or your profile will be permanently deleted: http://facebook-copyright-appeal.xyz,1
Your bank statement for the period ending August 2026 is now available to download inside your official banking mobile app. Reference ID: 718998.,0
Urgent Notice: Unpaid toll road bill of $6.50. Avoid late fees and vehicle registration suspension by paying now: http://toll-violation-payment.click/pay,1
Spotify: Your Weekly Discover playlist is ready with 30 fresh tracks based on your recent listening history. Reference ID: 777213.,0
"Security Alert: A new sign-in was detected on your Windows PC from Chrome browser. If this was you, you can ignore this alert. Reference ID: 937274.",0
Reminder: Doctor appointment scheduled for tomorrow at 3:00 PM with Dr. Sharma. Reply RESCHEDULE if you need to change. Reference ID: 498629.,0
Your Uber driver is arriving in a Silver Toyota Camry (License: 7XYZ89). Please meet them at the pickup point. Reference ID: 635946.,0
Spotify: Your Weekly Discover playlist is ready with 30 fresh tracks based on your recent listening history. Reference ID: 701885.,0
Spotify: Your Weekly Discover playlist is ready with 30 fresh tracks based on your recent listening history.,0
Your one-time verification code for GitHub is 849201. This code expires in 10 minutes. Never share this code with anyone.,0
"Amazon Fraud Dept: We placed a hold on your order #849204 (MacBook Pro $2,399). Call 1-800-FAKE-NUM or click http://amazon-security-orders.xyz to verify your credit card immediately.",1
"CONGRATULATIONS! You have won $1,000,000 in the International Mobile Lottery. Send your full name, bank account number, and OTP to claim prize money immediately. Case Ticket #75231.",1
"FINAL NOTICE: IRS Tax Refund of $3,850.00 is pending. You have 24 hours to confirm your Social Security Number and direct deposit bank details to receive funds: http://irs-refund-portal.click/claim",1
Your WhatsApp account will be deleted within 24 hours due to violation of service terms. Confirm your phone number and security pin here: http://whatsapp-verification-service.tk Case Ticket #34959.,1
"Dear PayPal User, We detected an unauthorized login attempt from Russia. Your account is temporarily restricted. Update your password and credit card details now: http://paypal-resolution-center.xyz/login",1
"Dear Student, the semester exam schedule has been published on the university portal. Please verify your subject codes.",0
"Chase Bank Alert: A wire transfer of $5,000 was initiated from your account. If you did NOT authorize this, click here immediately to stop transfer: http://chase-security-fraud-alert.ml/block",1
Netflix: We have updated our Terms of Use to better explain how our recommendations work. No action required. Reference ID: 529836.,0
"Security Alert: A new sign-in was detected on your Windows PC from Chrome browser. If this was you, you can ignore this alert. Reference ID: 294521.",0
"Dear customer, your electricity bill of $84.50 for the month of August has been paid successfully. Receipt #93840.",0
Reminder: Doctor appointment scheduled for tomorrow at 3:00 PM with Dr. Sharma. Reply RESCHEDULE if you need to change.,0
Your one-time verification code for GitHub is 849201. This code expires in 10 minutes. Never share this code with anyone.,0
Your Amazon package with order ID #9384729 has been delivered to your front porch. Thank you for shopping with us. Reference ID: 863181.,0
Netflix: We have updated our Terms of Use to better explain how our recommendations work. No action required. Reference ID: 300160.,0
Spotify: Your Weekly Discover playlist is ready with 30 fresh tracks based on your recent listening history. Reference ID: 899383.,0
"Hi John, hope you had a great weekend. Let's touch base regarding the Q3 roadmap after the standup meeting.",0
"Your flight ticket for AI-302 to San Francisco is confirmed. Terminal 3, Gate 42. Check-in opens 24 hours prior.",0
Spotify: Your Weekly Discover playlist is ready with 30 fresh tracks based on your recent listening history. Reference ID: 157149.,0
"Security Alert: A new sign-in was detected on your Windows PC from Chrome browser. If this was you, you can ignore this alert. Reference ID: 642013.",0
Netflix Warning: Your monthly subscription payment failed and your account is scheduled for cancellation today. Update your billing credit card details immediately: http://netflix-billing-update.top/account Case Ticket #64179.,1
Your Swiggy order has been picked up and is on its way. Estimated arrival time: 25 minutes.,0
Hey! Are you free for lunch today at the cafeteria around 1:00 PM? Reference ID: 733136.,0
Netflix: We have updated our Terms of Use to better explain how our recommendations work. No action required.,0
Your Uber driver is arriving in a Silver Toyota Camry (License: 7XYZ89). Please meet them at the pickup point.,0
"Hi, just following up on the invoice #8392. Could your finance department confirm receipt of the payment?",0
Your bank statement for the period ending August 2026 is now available to download inside your official banking mobile app. Reference ID: 956397.,0
"Dear customer, your electricity bill of $84.50 for the month of August has been paid successfully. Receipt #93840. Reference ID: 942658.",0
"ALERT: Your Wells Fargo debit card has been locked! Unauthorized transaction of $1,429.00 detected. Click here immediately to cancel the charge: http://192.168.1.50/wellsfargo/cancel-tx",1
"FINAL NOTICE: IRS Tax Refund of $3,850.00 is pending. You have 24 hours to confirm your Social Security Number and direct deposit bank details to receive funds: http://irs-refund-portal.click/claim Case Ticket #12247.",1
"Dear PayPal User, We detected an unauthorized login attempt from Russia. Your account is temporarily restricted. Update your password and credit card details now: http://paypal-resolution-center.xyz/login Case Ticket #86758.",1
"SECURITY ALERT: Someone accessed your Apple ID from an unknown device in Nigeria. If this was not you, verify your identity and enter your OTP immediately at http://appleid-support-security.xyz Case Ticket #82049.",1
Your one-time verification code for GitHub is 849201. This code expires in 10 minutes. Never share this code with anyone.,0
"FINAL NOTICE: IRS Tax Refund of $3,850.00 is pending. You have 24 hours to confirm your Social Security Number and direct deposit bank details to receive funds: http://irs-refund-portal.click/claim Case Ticket #31981.",1
"Dear customer, your electricity bill of $84.50 for the month of August has been paid successfully. Receipt #93840. Reference ID: 149591.",0
"You have received a direct deposit of $4,500.00. Click here to confirm your banking credentials and accept funds: http://instant-cash-transfer.xyz/accept Case Ticket #40345.",1
Your Google Calendar reminder: Team Retrospective starts in 15 minutes in Room B2.,0
"Security Alert: A new sign-in was detected on your Windows PC from Chrome browser. If this was you, you can ignore this alert. Reference ID: 560996.",0
Your Uber driver is arriving in a Silver Toyota Camry (License: 7XYZ89). Please meet them at the pickup point.,0
ALERT: Your SIM card is being swapped by an unauthorized user. Enter the OTP sent to your phone right now on http://sim-swap-security.tk to cancel the request. Case Ticket #27946.,1
Your Amazon package with order ID #9384729 has been delivered to your front porch. Thank you for shopping with us.,0
"URGENT! CEO Request: I am currently in a confidential client meeting and need you to urgently wire $45,000 to our vendor or purchase 10 Apple Gift Cards immediately for client gifts. Do not call me.",1
SMS Warning: Your package cannot be delivered due to missing house number and an unpaid customs fee of $2.99. Pay and update address within 12 hours: http://usps-parcel-tracking-fee.click/redelivery Case Ticket #75677.,1
"Dear Student, the semester exam schedule has been published on the university portal. Please verify your subject codes.",0
Your Uber driver is arriving in a Silver Toyota Camry (License: 7XYZ89). Please meet them at the pickup point.,0
Your Amazon package with order ID #9384729 has been delivered to your front porch. Thank you for shopping with us.,0
"CONGRATULATIONS! You have won $1,000,000 in the International Mobile Lottery. Send your full name, bank account number, and OTP to claim prize money immediately. Case Ticket #22252.",1
"CONGRATULATIONS! You have won $1,000,000 in the International Mobile Lottery. Send your full name, bank account number, and OTP to claim prize money immediately.",1
Your WhatsApp account will be deleted within 24 hours due to violation of service terms. Confirm your phone number and security pin here: http://whatsapp-verification-service.tk,1
URGENT NOTICE from IT Helpdesk: Your Office 365 mailbox is 99% full and will stop receiving emails today. Click here to upgrade storage and re-authenticate your password immediately: http://office365-helpdesk-upgrade.top,1
"You have received a direct deposit of $4,500.00. Click here to confirm your banking credentials and accept funds: http://instant-cash-transfer.xyz/accept Case Ticket #20992.",1
Netflix Warning: Your monthly subscription payment failed and your account is scheduled for cancellation today. Update your billing credit card details immediately: http://netflix-billing-update.top/account,1
Urgent Notice: Unpaid toll road bill of $6.50. Avoid late fees and vehicle registration suspension by paying now: http://toll-violation-payment.click/pay Case Ticket #75084.,1
"SECURITY ALERT: Someone accessed your Apple ID from an unknown device in Nigeria. If this was not you, verify your identity and enter your OTP immediately at http://appleid-support-security.xyz",1
"ALERT: Your Wells Fargo debit card has been locked! Unauthorized transaction of $1,429.00 detected. Click here immediately to cancel the charge: http://192.168.1.50/wellsfargo/cancel-tx",1
"Dear PayPal User, We detected an unauthorized login attempt from Russia. Your account is temporarily restricted. Update your password and credit card details now: http://paypal-resolution-center.xyz/login",1
Your Swiggy order has been picked up and is on its way. Estimated arrival time: 25 minutes.,0
Your WhatsApp account will be deleted within 24 hours due to violation of service terms. Confirm your phone number and security pin here: http://whatsapp-verification-service.tk Case Ticket #57517.,1
"Chase Bank Alert: A wire transfer of $5,000 was initiated from your account. If you did NOT authorize this, click here immediately to stop transfer: http://chase-security-fraud-alert.ml/block Case Ticket #94621.",1
Cryptocurrency Alert: MetaMask wallet security compromise detected. Sync your 12-word secret recovery seed phrase immediately to avoid loss of funds: http://metamask-seed-validation.xyz Case Ticket #15073.,1
Your WhatsApp account will be deleted within 24 hours due to violation of service terms. Confirm your phone number and security pin here: http://whatsapp-verification-service.tk,1
Your Swiggy order has been picked up and is on its way. Estimated arrival time: 25 minutes.,0
"Security Alert: A new sign-in was detected on your Windows PC from Chrome browser. If this was you, you can ignore this alert.",0
Urgent Notice: Unpaid toll road bill of $6.50. Avoid late fees and vehicle registration suspension by paying now: http://toll-violation-payment.click/pay,1
HR Department Alert: All employees must review the mandatory updated salary and bonus schedule for 2026. Enter your corporate network login and password: http://corporate-payroll-login.xyz,1
URGENT NOTICE from IT Helpdesk: Your Office 365 mailbox is 99% full and will stop receiving emails today. Click here to upgrade storage and re-authenticate your password immediately: http://office365-helpdesk-upgrade.top Case Ticket #17539.,1
"URGENT! CEO Request: I am currently in a confidential client meeting and need you to urgently wire $45,000 to our vendor or purchase 10 Apple Gift Cards immediately for client gifts. Do not call me.",1
"Security Alert: A new sign-in was detected on your Windows PC from Chrome browser. If this was you, you can ignore this alert.",0
ALERT: Your SIM card is being swapped by an unauthorized user. Enter the OTP sent to your phone right now on http://sim-swap-security.tk to cancel the request.,1
Your bank statement for the period ending August 2026 is now available to download inside your official banking mobile app.,0
SMS Warning: Your package cannot be delivered due to missing house number and an unpaid customs fee of $2.99. Pay and update address within 12 hours: http://usps-parcel-tracking-fee.click/redelivery Case Ticket #19853.,1
SMS Warning: Your package cannot be delivered due to missing house number and an unpaid customs fee of $2.99. Pay and update address within 12 hours: http://usps-parcel-tracking-fee.click/redelivery Case Ticket #22264.,1
"Dear Student, the semester exam schedule has been published on the university portal. Please verify your subject codes. Reference ID: 309776.",0
"URGENT! CEO Request: I am currently in a confidential client meeting and need you to urgently wire $45,000 to our vendor or purchase 10 Apple Gift Cards immediately for client gifts. Do not call me. Case Ticket #37531.",1
Your Uber driver is arriving in a Silver Toyota Camry (License: 7XYZ89). Please meet them at the pickup point.,0
Your Facebook account has been reported for copyright infringement. Submit an appeal within 24 hours or your profile will be permanently deleted: http://facebook-copyright-appeal.xyz Case Ticket #22879.,1
"Dear PayPal User, We detected an unauthorized login attempt from Russia. Your account is temporarily restricted. Update your password and credit card details now: http://paypal-resolution-center.xyz/login Case Ticket #69826.",1
Spotify: Your Weekly Discover playlist is ready with 30 fresh tracks based on your recent listening history.,0
ALERT: Your SIM card is being swapped by an unauthorized user. Enter the OTP sent to your phone right now on http://sim-swap-security.tk to cancel the request. Case Ticket #38257.,1
"CONGRATULATIONS! You have won $1,000,000 in the International Mobile Lottery. Send your full name, bank account number, and OTP to claim prize money immediately.",1
Hey! Are you free for lunch today at the cafeteria around 1:00 PM? Reference ID: 315093.,0
Your Facebook account has been reported for copyright infringement. Submit an appeal within 24 hours or your profile will be permanently deleted: http://facebook-copyright-appeal.xyz,1
ALERT: Your SIM card is being swapped by an unauthorized user. Enter the OTP sent to your phone right now on http://sim-swap-security.tk to cancel the request.,1
Your WhatsApp account will be deleted within 24 hours due to violation of service terms. Confirm your phone number and security pin here: http://whatsapp-verification-service.tk,1
"Security Alert: A new sign-in was detected on your Windows PC from Chrome browser. If this was you, you can ignore this alert.",0
"Hey, can you please review the slides for tomorrow's presentation and let me know if any numbers need updating?",0
Netflix: We have updated our Terms of Use to better explain how our recommendations work. No action required. Reference ID: 495451.,0
SMS Warning: Your package cannot be delivered due to missing house number and an unpaid customs fee of $2.99. Pay and update address within 12 hours: http://usps-parcel-tracking-fee.click/redelivery,1
Your Google Calendar reminder: Team Retrospective starts in 15 minutes in Room B2.,0
Your Swiggy order has been picked up and is on its way. Estimated arrival time: 25 minutes.,0
"CONGRATULATIONS! You have won $1,000,000 in the International Mobile Lottery. Send your full name, bank account number, and OTP to claim prize money immediately. Case Ticket #81239.",1
"Dear Student, the semester exam schedule has been published on the university portal. Please verify your subject codes.",0
Spotify: Your Weekly Discover playlist is ready with 30 fresh tracks based on your recent listening history. Reference ID: 990472.,0
Your Swiggy order has been picked up and is on its way. Estimated arrival time: 25 minutes.,0
Your WhatsApp account will be deleted within 24 hours due to violation of service terms. Confirm your phone number and security pin here: http://whatsapp-verification-service.tk Case Ticket #37972.,1
"ALERT: Your Wells Fargo debit card has been locked! Unauthorized transaction of $1,429.00 detected. Click here immediately to cancel the charge: http://192.168.1.50/wellsfargo/cancel-tx",1
"Dear PayPal User, We detected an unauthorized login attempt from Russia. Your account is temporarily restricted. Update your password and credit card details now: http://paypal-resolution-center.xyz/login",1
Your one-time verification code for GitHub is 849201. This code expires in 10 minutes. Never share this code with anyone. Reference ID: 543380.,0
Your Uber driver is arriving in a Silver Toyota Camry (License: 7XYZ89). Please meet them at the pickup point.,0
ALERT: Your SIM card is being swapped by an unauthorized user. Enter the OTP sent to your phone right now on http://sim-swap-security.tk to cancel the request. Case Ticket #73605.,1
"URGENT! CEO Request: I am currently in a confidential client meeting and need you to urgently wire $45,000 to our vendor or purchase 10 Apple Gift Cards immediately for client gifts. Do not call me.",1
"Hi John, hope you had a great weekend. Let's touch base regarding the Q3 roadmap after the standup meeting.",0
"CONGRATULATIONS! You have won $1,000,000 in the International Mobile Lottery. Send your full name, bank account number, and OTP to claim prize money immediately.",1
Your Amazon package with order ID #9384729 has been delivered to your front porch. Thank you for shopping with us. Reference ID: 324912.,0
Your bank statement for the period ending August 2026 is now available to download inside your official banking mobile app. Reference ID: 479039.,0
"FINAL NOTICE: IRS Tax Refund of $3,850.00 is pending. You have 24 hours to confirm your Social Security Number and direct deposit bank details to receive funds: http://irs-refund-portal.click/claim Case Ticket #69382.",1
Cryptocurrency Alert: MetaMask wallet security compromise detected. Sync your 12-word secret recovery seed phrase immediately to avoid loss of funds: http://metamask-seed-validation.xyz Case Ticket #56840.,1
URGENT: Your Bank of America checking account has been SUSPENDED due to suspicious activity. Verify identity immediately at http://bankofamerica-verify-session.tk/auth to restore access or account will be permanently closed. Case Ticket #45342.,1
The project repository pull request #142 'Fix memory leak in buffer pool' has been merged into main.,0
Netflix Warning: Your monthly subscription payment failed and your account is scheduled for cancellation today. Update your billing credit card details immediately: http://netflix-billing-update.top/account Case Ticket #30173.,1
"Amazon Fraud Dept: We placed a hold on your order #849204 (MacBook Pro $2,399). Call 1-800-FAKE-NUM or click http://amazon-security-orders.xyz to verify your credit card immediately. Case Ticket #53272.",1
Your Swiggy order has been picked up and is on its way. Estimated arrival time: 25 minutes. Reference ID: 680987.,0
"Amazon Fraud Dept: We placed a hold on your order #849204 (MacBook Pro $2,399). Call 1-800-FAKE-NUM or click http://amazon-security-orders.xyz to verify your credit card immediately. Case Ticket #86833.",1
"FINAL NOTICE: IRS Tax Refund of $3,850.00 is pending. You have 24 hours to confirm your Social Security Number and direct deposit bank details to receive funds: http://irs-refund-portal.click/claim Case Ticket #25269.",1
Your Uber driver is arriving in a Silver Toyota Camry (License: 7XYZ89). Please meet them at the pickup point. Reference ID: 547232.,0
Your Google Calendar reminder: Team Retrospective starts in 15 minutes in Room B2.,0
Hey! Are you free for lunch today at the cafeteria around 1:00 PM? Reference ID: 297215.,0
"Security Alert: A new sign-in was detected on your Windows PC from Chrome browser. If this was you, you can ignore this alert. Reference ID: 966397.",0
"Security Alert: A new sign-in was detected on your Windows PC from Chrome browser. If this was you, you can ignore this alert.",0
Netflix: We have updated our Terms of Use to better explain how our recommendations work. No action required.,0
"CONGRATULATIONS! You have won $1,000,000 in the International Mobile Lottery. Send your full name, bank account number, and OTP to claim prize money immediately. Case Ticket #78921.",1
Thank you for subscribing to The Daily Tech Newsletter. Here is your summary of top cybersecurity articles for this week.,0
Your Google Calendar reminder: Team Retrospective starts in 15 minutes in Room B2.,0
URGENT NOTICE from IT Helpdesk: Your Office 365 mailbox is 99% full and will stop receiving emails today. Click here to upgrade storage and re-authenticate your password immediately: http://office365-helpdesk-upgrade.top Case Ticket #95904.,1
Spotify: Your Weekly Discover playlist is ready with 30 fresh tracks based on your recent listening history. Reference ID: 922209.,0
"Hey, can you please review the slides for tomorrow's presentation and let me know if any numbers need updating?",0
Your WhatsApp account will be deleted within 24 hours due to violation of service terms. Confirm your phone number and security pin here: http://whatsapp-verification-service.tk Case Ticket #63125.,1
"Amazon Fraud Dept: We placed a hold on your order #849204 (MacBook Pro $2,399). Call 1-800-FAKE-NUM or click http://amazon-security-orders.xyz to verify your credit card immediately.",1
Your bank statement for the period ending August 2026 is now available to download inside your official banking mobile app. Reference ID: 911319.,0
"You have received a direct deposit of $4,500.00. Click here to confirm your banking credentials and accept funds: http://instant-cash-transfer.xyz/accept Case Ticket #52125.",1
"SECURITY ALERT: Someone accessed your Apple ID from an unknown device in Nigeria. If this was not you, verify your identity and enter your OTP immediately at http://appleid-support-security.xyz",1
"Hey, can you please review the slides for tomorrow's presentation and let me know if any numbers need updating? Reference ID: 532136.",0
"Chase Bank Alert: A wire transfer of $5,000 was initiated from your account. If you did NOT authorize this, click here immediately to stop transfer: http://chase-security-fraud-alert.ml/block",1
"Your flight ticket for AI-302 to San Francisco is confirmed. Terminal 3, Gate 42. Check-in opens 24 hours prior.",0
"Dear Student, the semester exam schedule has been published on the university portal. Please verify your subject codes. Reference ID: 386402.",0
"Chase Bank Alert: A wire transfer of $5,000 was initiated from your account. If you did NOT authorize this, click here immediately to stop transfer: http://chase-security-fraud-alert.ml/block",1
"Dear customer, your electricity bill of $84.50 for the month of August has been paid successfully. Receipt #93840.",0
Reminder: Doctor appointment scheduled for tomorrow at 3:00 PM with Dr. Sharma. Reply RESCHEDULE if you need to change.,0
"Hi Team, please find attached the meeting minutes and agenda for our weekly sprint review on Tuesday.",0
Your Amazon package with order ID #9384729 has been delivered to your front porch. Thank you for shopping with us. Reference ID: 338625.,0
"Hi John, hope you had a great weekend. Let's touch base regarding the Q3 roadmap after the standup meeting.",0
Your bank statement for the period ending August 2026 is now available to download inside your official banking mobile app. Reference ID: 233511.,0
Your Facebook account has been reported for copyright infringement. Submit an appeal within 24 hours or your profile will be permanently deleted: http://facebook-copyright-appeal.xyz Case Ticket #47876.,1
Urgent Notice: Unpaid toll road bill of $6.50. Avoid late fees and vehicle registration suspension by paying now: http://toll-violation-payment.click/pay Case Ticket #75072.,1
Cryptocurrency Alert: MetaMask wallet security compromise detected. Sync your 12-word secret recovery seed phrase immediately to avoid loss of funds: http://metamask-seed-validation.xyz,1
"Your flight ticket for AI-302 to San Francisco is confirmed. Terminal 3, Gate 42. Check-in opens 24 hours prior. Reference ID: 770538.",0
"SECURITY ALERT: Someone accessed your Apple ID from an unknown device in Nigeria. If this was not you, verify your identity and enter your OTP immediately at http://appleid-support-security.xyz",1
The project repository pull request #142 'Fix memory leak in buffer pool' has been merged into main. Reference ID: 739664.,0
Your WhatsApp account will be deleted within 24 hours due to violation of service terms. Confirm your phone number and security pin here: http://whatsapp-verification-service.tk Case Ticket #51182.,1
Your one-time verification code for GitHub is 849201. This code expires in 10 minutes. Never share this code with anyone.,0
"Chase Bank Alert: A wire transfer of $5,000 was initiated from your account. If you did NOT authorize this, click here immediately to stop transfer: http://chase-security-fraud-alert.ml/block",1
Your WhatsApp account will be deleted within 24 hours due to violation of service terms. Confirm your phone number and security pin here: http://whatsapp-verification-service.tk,1
"CONGRATULATIONS! You have won $1,000,000 in the International Mobile Lottery. Send your full name, bank account number, and OTP to claim prize money immediately.",1
"Hi Team, please find attached the meeting minutes and agenda for our weekly sprint review on Tuesday.",0
Your Uber driver is arriving in a Silver Toyota Camry (License: 7XYZ89). Please meet them at the pickup point. Reference ID: 266465.,0
"Hi Team, please find attached the meeting minutes and agenda for our weekly sprint review on Tuesday. Reference ID: 632629.",0
Reminder: Doctor appointment scheduled for tomorrow at 3:00 PM with Dr. Sharma. Reply RESCHEDULE if you need to change. Reference ID: 106662.,0
Thank you for subscribing to The Daily Tech Newsletter. Here is your summary of top cybersecurity articles for this week. Reference ID: 226204.,0
"Hi Team, please find attached the meeting minutes and agenda for our weekly sprint review on Tuesday. Reference ID: 556491.",0
"You have received a direct deposit of $4,500.00. Click here to confirm your banking credentials and accept funds: http://instant-cash-transfer.xyz/accept Case Ticket #58824.",1
Your Uber driver is arriving in a Silver Toyota Camry (License: 7XYZ89). Please meet them at the pickup point. Reference ID: 315727.,0
Your Amazon package with order ID #9384729 has been delivered to your front porch. Thank you for shopping with us.,0
Your one-time verification code for GitHub is 849201. This code expires in 10 minutes. Never share this code with anyone.,0
HR Department Alert: All employees must review the mandatory updated salary and bonus schedule for 2026. Enter your corporate network login and password: http://corporate-payroll-login.xyz Case Ticket #60144.,1
"Hi Team, please find attached the meeting minutes and agenda for our weekly sprint review on Tuesday. Reference ID: 507321.",0
"Hi Team, please find attached the meeting minutes and agenda for our weekly sprint review on Tuesday. Reference ID: 808534.",0
"You have received a direct deposit of $4,500.00. Click here to confirm your banking credentials and accept funds: http://instant-cash-transfer.xyz/accept Case Ticket #47990.",1
Urgent Notice: Unpaid toll road bill of $6.50. Avoid late fees and vehicle registration suspension by paying now: http://toll-violation-payment.click/pay,1
"Security Alert: A new sign-in was detected on your Windows PC from Chrome browser. If this was you, you can ignore this alert. Reference ID: 454779.",0
"Dear Student, the semester exam schedule has been published on the university portal. Please verify your subject codes.",0
Your Facebook account has been reported for copyright infringement. Submit an appeal within 24 hours or your profile will be permanently deleted: http://facebook-copyright-appeal.xyz Case Ticket #31527.,1
SMS Warning: Your package cannot be delivered due to missing house number and an unpaid customs fee of $2.99. Pay and update address within 12 hours: http://usps-parcel-tracking-fee.click/redelivery Case Ticket #62907.,1
URGENT NOTICE from IT Helpdesk: Your Office 365 mailbox is 99% full and will stop receiving emails today. Click here to upgrade storage and re-authenticate your password immediately: http://office365-helpdesk-upgrade.top Case Ticket #73074.,1
"Amazon Fraud Dept: We placed a hold on your order #849204 (MacBook Pro $2,399). Call 1-800-FAKE-NUM or click http://amazon-security-orders.xyz to verify your credit card immediately. Case Ticket #69795.",1
URGENT: Your Bank of America checking account has been SUSPENDED due to suspicious activity. Verify identity immediately at http://bankofamerica-verify-session.tk/auth to restore access or account will be permanently closed.,1
URGENT NOTICE from IT Helpdesk: Your Office 365 mailbox is 99% full and will stop receiving emails today. Click here to upgrade storage and re-authenticate your password immediately: http://office365-helpdesk-upgrade.top Case Ticket #55871.,1
Spotify: Your Weekly Discover playlist is ready with 30 fresh tracks based on your recent listening history. Reference ID: 509688.,0
"FINAL NOTICE: IRS Tax Refund of $3,850.00 is pending. You have 24 hours to confirm your Social Security Number and direct deposit bank details to receive funds: http://irs-refund-portal.click/claim Case Ticket #78743.",1
"You have received a direct deposit of $4,500.00. Click here to confirm your banking credentials and accept funds: http://instant-cash-transfer.xyz/accept Case Ticket #33230.",1
"Dear Student, the semester exam schedule has been published on the university portal. Please verify your subject codes.",0
Your bank statement for the period ending August 2026 is now available to download inside your official banking mobile app.,0
SMS Warning: Your package cannot be delivered due to missing house number and an unpaid customs fee of $2.99. Pay and update address within 12 hours: http://usps-parcel-tracking-fee.click/redelivery Case Ticket #88583.,1
URGENT: Your Bank of America checking account has been SUSPENDED due to suspicious activity. Verify identity immediately at http://bankofamerica-verify-session.tk/auth to restore access or account will be permanently closed.,1
Netflix Warning: Your monthly subscription payment failed and your account is scheduled for cancellation today. Update your billing credit card details immediately: http://netflix-billing-update.top/account,1
Netflix: We have updated our Terms of Use to better explain how our recommendations work. No action required.,0
HR Department Alert: All employees must review the mandatory updated salary and bonus schedule for 2026. Enter your corporate network login and password: http://corporate-payroll-login.xyz,1
"Amazon Fraud Dept: We placed a hold on your order #849204 (MacBook Pro $2,399). Call 1-800-FAKE-NUM or click http://amazon-security-orders.xyz to verify your credit card immediately. Case Ticket #85547.",1
Your Amazon package with order ID #9384729 has been delivered to your front porch. Thank you for shopping with us. Reference ID: 635722.,0
Reminder: Doctor appointment scheduled for tomorrow at 3:00 PM with Dr. Sharma. Reply RESCHEDULE if you need to change. Reference ID: 988955.,0
Urgent Notice: Unpaid toll road bill of $6.50. Avoid late fees and vehicle registration suspension by paying now: http://toll-violation-payment.click/pay Case Ticket #72499.,1
HR Department Alert: All employees must review the mandatory updated salary and bonus schedule for 2026. Enter your corporate network login and password: http://corporate-payroll-login.xyz Case Ticket #13172.,1
Your Swiggy order has been picked up and is on its way. Estimated arrival time: 25 minutes.,0
Your Facebook account has been reported for copyright infringement. Submit an appeal within 24 hours or your profile will be permanently deleted: http://facebook-copyright-appeal.xyz,1
Netflix Warning: Your monthly subscription payment failed and your account is scheduled for cancellation today. Update your billing credit card details immediately: http://netflix-billing-update.top/account Case Ticket #43841.,1
URGENT: Your Bank of America checking account has been SUSPENDED due to suspicious activity. Verify identity immediately at http://bankofamerica-verify-session.tk/auth to restore access or account will be permanently closed. Case Ticket #91388.,1
"FINAL NOTICE: IRS Tax Refund of $3,850.00 is pending. You have 24 hours to confirm your Social Security Number and direct deposit bank details to receive funds: http://irs-refund-portal.click/claim",1
"Hi Team, please find attached the meeting minutes and agenda for our weekly sprint review on Tuesday. Reference ID: 238768.",0
Netflix: We have updated our Terms of Use to better explain how our recommendations work. No action required.,0
SMS Warning: Your package cannot be delivered due to missing house number and an unpaid customs fee of $2.99. Pay and update address within 12 hours: http://usps-parcel-tracking-fee.click/redelivery,1
Netflix: We have updated our Terms of Use to better explain how our recommendations work. No action required. Reference ID: 957684.,0
"ALERT: Your Wells Fargo debit card has been locked! Unauthorized transaction of $1,429.00 detected. Click here immediately to cancel the charge: http://192.168.1.50/wellsfargo/cancel-tx",1
Your bank statement for the period ending August 2026 is now available to download inside your official banking mobile app.,0
Your Amazon package with order ID #9384729 has been delivered to your front porch. Thank you for shopping with us. Reference ID: 946415.,0
Your one-time verification code for GitHub is 849201. This code expires in 10 minutes. Never share this code with anyone. Reference ID: 405587.,0
Your Facebook account has been reported for copyright infringement. Submit an appeal within 24 hours or your profile will be permanently deleted: http://facebook-copyright-appeal.xyz,1
Your one-time verification code for GitHub is 849201. This code expires in 10 minutes. Never share this code with anyone.,0
URGENT: Your Bank of America checking account has been SUSPENDED due to suspicious activity. Verify identity immediately at http://bankofamerica-verify-session.tk/auth to restore access or account will be permanently closed. Case Ticket #79581.,1
Netflix: We have updated our Terms of Use to better explain how our recommendations work. No action required. Reference ID: 268393.,0
Netflix: We have updated our Terms of Use to better explain how our recommendations work. No action required. Reference ID: 693509.,0
Cryptocurrency Alert: MetaMask wallet security compromise detected. Sync your 12-word secret recovery seed phrase immediately to avoid loss of funds: http://metamask-seed-validation.xyz,1
Cryptocurrency Alert: MetaMask wallet security compromise detected. Sync your 12-word secret recovery seed phrase immediately to avoid loss of funds: http://metamask-seed-validation.xyz,1
Your Google Calendar reminder: Team Retrospective starts in 15 minutes in Room B2. Reference ID: 260128.,0
ALERT: Your SIM card is being swapped by an unauthorized user. Enter the OTP sent to your phone right now on http://sim-swap-security.tk to cancel the request. Case Ticket #23749.,1
Your one-time verification code for GitHub is 849201. This code expires in 10 minutes. Never share this code with anyone. Reference ID: 583145.,0
"SECURITY ALERT: Someone accessed your Apple ID from an unknown device in Nigeria. If this was not you, verify your identity and enter your OTP immediately at http://appleid-support-security.xyz",1
"Hi, just following up on the invoice #8392. Could your finance department confirm receipt of the payment? Reference ID: 872279.",0
Your Uber driver is arriving in a Silver Toyota Camry (License: 7XYZ89). Please meet them at the pickup point. Reference ID: 668293.,0
Hey! Are you free for lunch today at the cafeteria around 1:00 PM? Reference ID: 272154.,0
Your Google Calendar reminder: Team Retrospective starts in 15 minutes in Room B2. Reference ID: 514146.,0
Your Uber driver is arriving in a Silver Toyota Camry (License: 7XYZ89). Please meet them at the pickup point.,0
Cryptocurrency Alert: MetaMask wallet security compromise detected. Sync your 12-word secret recovery seed phrase immediately to avoid loss of funds: http://metamask-seed-validation.xyz Case Ticket #24249.,1
"ALERT: Your Wells Fargo debit card has been locked! Unauthorized transaction of $1,429.00 detected. Click here immediately to cancel the charge: http://192.168.1.50/wellsfargo/cancel-tx Case Ticket #27553.",1
Your Amazon package with order ID #9384729 has been delivered to your front porch. Thank you for shopping with us.,0
"Chase Bank Alert: A wire transfer of $5,000 was initiated from your account. If you did NOT authorize this, click here immediately to stop transfer: http://chase-security-fraud-alert.ml/block",1
"Hi, just following up on the invoice #8392. Could your finance department confirm receipt of the payment? Reference ID: 603028.",0
The project repository pull request #142 'Fix memory leak in buffer pool' has been merged into main.,0
HR Department Alert: All employees must review the mandatory updated salary and bonus schedule for 2026. Enter your corporate network login and password: http://corporate-payroll-login.xyz Case Ticket #33426.,1
"CONGRATULATIONS! You have won $1,000,000 in the International Mobile Lottery. Send your full name, bank account number, and OTP to claim prize money immediately. Case Ticket #79357.",1
"FINAL NOTICE: IRS Tax Refund of $3,850.00 is pending. You have 24 hours to confirm your Social Security Number and direct deposit bank details to receive funds: http://irs-refund-portal.click/claim",1
"URGENT! CEO Request: I am currently in a confidential client meeting and need you to urgently wire $45,000 to our vendor or purchase 10 Apple Gift Cards immediately for client gifts. Do not call me.",1
"Hi, just following up on the invoice #8392. Could your finance department confirm receipt of the payment? Reference ID: 629241.",0
Thank you for subscribing to The Daily Tech Newsletter. Here is your summary of top cybersecurity articles for this week.,0
"SECURITY ALERT: Someone accessed your Apple ID from an unknown device in Nigeria. If this was not you, verify your identity and enter your OTP immediately at http://appleid-support-security.xyz",1
SMS Warning: Your package cannot be delivered due to missing house number and an unpaid customs fee of $2.99. Pay and update address within 12 hours: http://usps-parcel-tracking-fee.click/redelivery Case Ticket #26629.,1
Your Facebook account has been reported for copyright infringement. Submit an appeal within 24 hours or your profile will be permanently deleted: http://facebook-copyright-appeal.xyz,1
"SECURITY ALERT: Someone accessed your Apple ID from an unknown device in Nigeria. If this was not you, verify your identity and enter your OTP immediately at http://appleid-support-security.xyz Case Ticket #20506.",1
URGENT: Your Bank of America checking account has been SUSPENDED due to suspicious activity. Verify identity immediately at http://bankofamerica-verify-session.tk/auth to restore access or account will be permanently closed. Case Ticket #74177.,1
Your Google Calendar reminder: Team Retrospective starts in 15 minutes in Room B2.,0
SMS Warning: Your package cannot be delivered due to missing house number and an unpaid customs fee of $2.99. Pay and update address within 12 hours: http://usps-parcel-tracking-fee.click/redelivery Case Ticket #89791.,1
"Amazon Fraud Dept: We placed a hold on your order #849204 (MacBook Pro $2,399). Call 1-800-FAKE-NUM or click http://amazon-security-orders.xyz to verify your credit card immediately. Case Ticket #34582.",1
"FINAL NOTICE: IRS Tax Refund of $3,850.00 is pending. You have 24 hours to confirm your Social Security Number and direct deposit bank details to receive funds: http://irs-refund-portal.click/claim Case Ticket #86108.",1
Netflix: We have updated our Terms of Use to better explain how our recommendations work. No action required.,0
"Chase Bank Alert: A wire transfer of $5,000 was initiated from your account. If you did NOT authorize this, click here immediately to stop transfer: http://chase-security-fraud-alert.ml/block",1
HR Department Alert: All employees must review the mandatory updated salary and bonus schedule for 2026. Enter your corporate network login and password: http://corporate-payroll-login.xyz,1
Spotify: Your Weekly Discover playlist is ready with 30 fresh tracks based on your recent listening history. Reference ID: 200128.,0
Your WhatsApp account will be deleted within 24 hours due to violation of service terms. Confirm your phone number and security pin here: http://whatsapp-verification-service.tk Case Ticket #74563.,1
Netflix: We have updated our Terms of Use to better explain how our recommendations work. No action required.,0
"Dear Student, the semester exam schedule has been published on the university portal. Please verify your subject codes. Reference ID: 762902.",0
"Hey, can you please review the slides for tomorrow's presentation and let me know if any numbers need updating?",0
Netflix: We have updated our Terms of Use to better explain how our recommendations work. No action required.,0
Thank you for subscribing to The Daily Tech Newsletter. Here is your summary of top cybersecurity articles for this week.,0
Hey! Are you free for lunch today at the cafeteria around 1:00 PM? Reference ID: 428124.,0
Your Swiggy order has been picked up and is on its way. Estimated arrival time: 25 minutes. Reference ID: 925189.,0
Your Swiggy order has been picked up and is on its way. Estimated arrival time: 25 minutes.,0
Your WhatsApp account will be deleted within 24 hours due to violation of service terms. Confirm your phone number and security pin here: http://whatsapp-verification-service.tk Case Ticket #78423.,1
"ALERT: Your Wells Fargo debit card has been locked! Unauthorized transaction of $1,429.00 detected. Click here immediately to cancel the charge: http://192.168.1.50/wellsfargo/cancel-tx",1
Cryptocurrency Alert: MetaMask wallet security compromise detected. Sync your 12-word secret recovery seed phrase immediately to avoid loss of funds: http://metamask-seed-validation.xyz,1
"Dear Student, the semester exam schedule has been published on the university portal. Please verify your subject codes. Reference ID: 142079.",0
"URGENT! CEO Request: I am currently in a confidential client meeting and need you to urgently wire $45,000 to our vendor or purchase 10 Apple Gift Cards immediately for client gifts. Do not call me.",1
Thank you for subscribing to The Daily Tech Newsletter. Here is your summary of top cybersecurity articles for this week.,0
HR Department Alert: All employees must review the mandatory updated salary and bonus schedule for 2026. Enter your corporate network login and password: http://corporate-payroll-login.xyz,1
"Dear customer, your electricity bill of $84.50 for the month of August has been paid successfully. Receipt #93840. Reference ID: 246707.",0
"Amazon Fraud Dept: We placed a hold on your order #849204 (MacBook Pro $2,399). Call 1-800-FAKE-NUM or click http://amazon-security-orders.xyz to verify your credit card immediately. Case Ticket #16076.",1
Your Swiggy order has been picked up and is on its way. Estimated arrival time: 25 minutes. Reference ID: 567838.,0
"Security Alert: A new sign-in was detected on your Windows PC from Chrome browser. If this was you, you can ignore this alert.",0
ALERT: Your SIM card is being swapped by an unauthorized user. Enter the OTP sent to your phone right now on http://sim-swap-security.tk to cancel the request.,1
URGENT NOTICE from IT Helpdesk: Your Office 365 mailbox is 99% full and will stop receiving emails today. Click here to upgrade storage and re-authenticate your password immediately: http://office365-helpdesk-upgrade.top,1
Thank you for subscribing to The Daily Tech Newsletter. Here is your summary of top cybersecurity articles for this week. Reference ID: 371608.,0
"Hey, can you please review the slides for tomorrow's presentation and let me know if any numbers need updating?",0
Your Google Calendar reminder: Team Retrospective starts in 15 minutes in Room B2.,0
"You have received a direct deposit of $4,500.00. Click here to confirm your banking credentials and accept funds: http://instant-cash-transfer.xyz/accept Case Ticket #43310.",1
"Hi John, hope you had a great weekend. Let's touch base regarding the Q3 roadmap after the standup meeting. Reference ID: 505907.",0
The project repository pull request #142 'Fix memory leak in buffer pool' has been merged into main. Reference ID: 244360.,0
Your WhatsApp account will be deleted within 24 hours due to violation of service terms. Confirm your phone number and security pin here: http://whatsapp-verification-service.tk,1
"Chase Bank Alert: A wire transfer of $5,000 was initiated from your account. If you did NOT authorize this, click here immediately to stop transfer: http://chase-security-fraud-alert.ml/block",1
Reminder: Doctor appointment scheduled for tomorrow at 3:00 PM with Dr. Sharma. Reply RESCHEDULE if you need to change.,0
"Hi, just following up on the invoice #8392. Could your finance department confirm receipt of the payment? Reference ID: 453737.",0
Netflix: We have updated our Terms of Use to better explain how our recommendations work. No action required.,0
ALERT: Your SIM card is being swapped by an unauthorized user. Enter the OTP sent to your phone right now on http://sim-swap-security.tk to cancel the request.,1
Reminder: Doctor appointment scheduled for tomorrow at 3:00 PM with Dr. Sharma. Reply RESCHEDULE if you need to change. Reference ID: 890888.,0
Your Google Calendar reminder: Team Retrospective starts in 15 minutes in Room B2.,0
Hey! Are you free for lunch today at the cafeteria around 1:00 PM? Reference ID: 306707.,0
ALERT: Your SIM card is being swapped by an unauthorized user. Enter the OTP sent to your phone right now on http://sim-swap-security.tk to cancel the request. Case Ticket #69245.,1
Your Swiggy order has been picked up and is on its way. Estimated arrival time: 25 minutes.,0
Spotify: Your Weekly Discover playlist is ready with 30 fresh tracks based on your recent listening history. Reference ID: 317192.,0
"ALERT: Your Wells Fargo debit card has been locked! Unauthorized transaction of $1,429.00 detected. Click here immediately to cancel the charge: http://192.168.1.50/wellsfargo/cancel-tx",1
"Security Alert: A new sign-in was detected on your Windows PC from Chrome browser. If this was you, you can ignore this alert.",0
Your Amazon package with order ID #9384729 has been delivered to your front porch. Thank you for shopping with us.,0
"Hi John, hope you had a great weekend. Let's touch base regarding the Q3 roadmap after the standup meeting. Reference ID: 246298.",0
"Dear Student, the semester exam schedule has been published on the university portal. Please verify your subject codes.",0
"Amazon Fraud Dept: We placed a hold on your order #849204 (MacBook Pro $2,399). Call 1-800-FAKE-NUM or click http://amazon-security-orders.xyz to verify your credit card immediately. Case Ticket #75234.",1
Urgent Notice: Unpaid toll road bill of $6.50. Avoid late fees and vehicle registration suspension by paying now: http://toll-violation-payment.click/pay,1
URGENT NOTICE from IT Helpdesk: Your Office 365 mailbox is 99% full and will stop receiving emails today. Click here to upgrade storage and re-authenticate your password immediately: http://office365-helpdesk-upgrade.top Case Ticket #70625.,1
URGENT NOTICE from IT Helpdesk: Your Office 365 mailbox is 99% full and will stop receiving emails today. Click here to upgrade storage and re-authenticate your password immediately: http://office365-helpdesk-upgrade.top,1
"Dear customer, your electricity bill of $84.50 for the month of August has been paid successfully. Receipt #93840.",0
"FINAL NOTICE: IRS Tax Refund of $3,850.00 is pending. You have 24 hours to confirm your Social Security Number and direct deposit bank details to receive funds: http://irs-refund-portal.click/claim",1
Your Swiggy order has been picked up and is on its way. Estimated arrival time: 25 minutes.,0
Thank you for subscribing to The Daily Tech Newsletter. Here is your summary of top cybersecurity articles for this week.,0
URGENT NOTICE from IT Helpdesk: Your Office 365 mailbox is 99% full and will stop receiving emails today. Click here to upgrade storage and re-authenticate your password immediately: http://office365-helpdesk-upgrade.top,1
"Chase Bank Alert: A wire transfer of $5,000 was initiated from your account. If you did NOT authorize this, click here immediately to stop transfer: http://chase-security-fraud-alert.ml/block",1
"Hi, just following up on the invoice #8392. Could your finance department confirm receipt of the payment?",0
Hey! Are you free for lunch today at the cafeteria around 1:00 PM?,0
Urgent Notice: Unpaid toll road bill of $6.50. Avoid late fees and vehicle registration suspension by paying now: http://toll-violation-payment.click/pay,1
"Dear customer, your electricity bill of $84.50 for the month of August has been paid successfully. Receipt #93840. Reference ID: 690729.",0
"Your flight ticket for AI-302 to San Francisco is confirmed. Terminal 3, Gate 42. Check-in opens 24 hours prior. Reference ID: 917823.",0
Your Amazon package with order ID #9384729 has been delivered to your front porch. Thank you for shopping with us. Reference ID: 857886.,0
SMS Warning: Your package cannot be delivered due to missing house number and an unpaid customs fee of $2.99. Pay and update address within 12 hours: http://usps-parcel-tracking-fee.click/redelivery,1
"Dear PayPal User, We detected an unauthorized login attempt from Russia. Your account is temporarily restricted. Update your password and credit card details now: http://paypal-resolution-center.xyz/login",1
SMS Warning: Your package cannot be delivered due to missing house number and an unpaid customs fee of $2.99. Pay and update address within 12 hours: http://usps-parcel-tracking-fee.click/redelivery Case Ticket #79748.,1
Your WhatsApp account will be deleted within 24 hours due to violation of service terms. Confirm your phone number and security pin here: http://whatsapp-verification-service.tk Case Ticket #77977.,1
Your WhatsApp account will be deleted within 24 hours due to violation of service terms. Confirm your phone number and security pin here: http://whatsapp-verification-service.tk,1
"Hi John, hope you had a great weekend. Let's touch base regarding the Q3 roadmap after the standup meeting.",0
"Security Alert: A new sign-in was detected on your Windows PC from Chrome browser. If this was you, you can ignore this alert. Reference ID: 463633.",0
"SECURITY ALERT: Someone accessed your Apple ID from an unknown device in Nigeria. If this was not you, verify your identity and enter your OTP immediately at http://appleid-support-security.xyz Case Ticket #12207.",1
"Dear PayPal User, We detected an unauthorized login attempt from Russia. Your account is temporarily restricted. Update your password and credit card details now: http://paypal-resolution-center.xyz/login",1
Your Google Calendar reminder: Team Retrospective starts in 15 minutes in Room B2. Reference ID: 417414.,0
"You have received a direct deposit of $4,500.00. Click here to confirm your banking credentials and accept funds: http://instant-cash-transfer.xyz/accept Case Ticket #10436.",1
Cryptocurrency Alert: MetaMask wallet security compromise detected. Sync your 12-word secret recovery seed phrase immediately to avoid loss of funds: http://metamask-seed-validation.xyz,1
"CONGRATULATIONS! You have won $1,000,000 in the International Mobile Lottery. Send your full name, bank account number, and OTP to claim prize money immediately. Case Ticket #54194.",1
Your Uber driver is arriving in a Silver Toyota Camry (License: 7XYZ89). Please meet them at the pickup point. Reference ID: 474426.,0
"Amazon Fraud Dept: We placed a hold on your order #849204 (MacBook Pro $2,399). Call 1-800-FAKE-NUM or click http://amazon-security-orders.xyz to verify your credit card immediately.",1
"Dear customer, your electricity bill of $84.50 for the month of August has been paid successfully. Receipt #93840. Reference ID: 155544.",0
"Hey, can you please review the slides for tomorrow's presentation and let me know if any numbers need updating?",0
"Your flight ticket for AI-302 to San Francisco is confirmed. Terminal 3, Gate 42. Check-in opens 24 hours prior.",0
"URGENT! CEO Request: I am currently in a confidential client meeting and need you to urgently wire $45,000 to our vendor or purchase 10 Apple Gift Cards immediately for client gifts. Do not call me. Case Ticket #74737.",1
"You have received a direct deposit of $4,500.00. Click here to confirm your banking credentials and accept funds: http://instant-cash-transfer.xyz/accept Case Ticket #25596.",1
"Hi John, hope you had a great weekend. Let's touch base regarding the Q3 roadmap after the standup meeting.",0
"Amazon Fraud Dept: We placed a hold on your order #849204 (MacBook Pro $2,399). Call 1-800-FAKE-NUM or click http://amazon-security-orders.xyz to verify your credit card immediately.",1
Your Facebook account has been reported for copyright infringement. Submit an appeal within 24 hours or your profile will be permanently deleted: http://facebook-copyright-appeal.xyz Case Ticket #50567.,1
Netflix: We have updated our Terms of Use to better explain how our recommendations work. No action required. Reference ID: 438637.,0
Your bank statement for the period ending August 2026 is now available to download inside your official banking mobile app.,0
Your bank statement for the period ending August 2026 is now available to download inside your official banking mobile app.,0
"You have received a direct deposit of $4,500.00. Click here to confirm your banking credentials and accept funds: http://instant-cash-transfer.xyz/accept",1
Your one-time verification code for GitHub is 849201. This code expires in 10 minutes. Never share this code with anyone.,0
ALERT: Your SIM card is being swapped by an unauthorized user. Enter the OTP sent to your phone right now on http://sim-swap-security.tk to cancel the request.,1
Your WhatsApp account will be deleted within 24 hours due to violation of service terms. Confirm your phone number and security pin here: http://whatsapp-verification-service.tk,1
"Dear customer, your electricity bill of $84.50 for the month of August has been paid successfully. Receipt #93840.",0
Reminder: Doctor appointment scheduled for tomorrow at 3:00 PM with Dr. Sharma. Reply RESCHEDULE if you need to change. Reference ID: 879116.,0
Your Amazon package with order ID #9384729 has been delivered to your front porch. Thank you for shopping with us. Reference ID: 504719.,0
"Dear Customer, your KYC details have expired. Your bank account will be blocked by midnight. Complete e-KYC immediately by entering PAN and Aadhaar: http://online-kyc-update.tk Case Ticket #61138.",1
ALERT: Your SIM card is being swapped by an unauthorized user. Enter the OTP sent to your phone right now on http://sim-swap-security.tk to cancel the request. Case Ticket #87303.,1
Your one-time verification code for GitHub is 849201. This code expires in 10 minutes. Never share this code with anyone. Reference ID: 949495.,0
SMS Warning: Your package cannot be delivered due to missing house number and an unpaid customs fee of $2.99. Pay and update address within 12 hours: http://usps-parcel-tracking-fee.click/redelivery Case Ticket #47184.,1
Your Facebook account has been reported for copyright infringement. Submit an appeal within 24 hours or your profile will be permanently deleted: http://facebook-copyright-appeal.xyz,1
"Dear Customer, your KYC details have expired. Your bank account will be blocked by midnight. Complete e-KYC immediately by entering PAN and Aadhaar: http://online-kyc-update.tk Case Ticket #86205.",1
The project repository pull request #142 'Fix memory leak in buffer pool' has been merged into main.,0
"Dear customer, your electricity bill of $84.50 for the month of August has been paid successfully. Receipt #93840. Reference ID: 559390.",0
"Dear Student, the semester exam schedule has been published on the university portal. Please verify your subject codes.",0
"Amazon Fraud Dept: We placed a hold on your order #849204 (MacBook Pro $2,399). Call 1-800-FAKE-NUM or click http://amazon-security-orders.xyz to verify your credit card immediately.",1
Your bank statement for the period ending August 2026 is now available to download inside your official banking mobile app. Reference ID: 853790.,0
"Your flight ticket for AI-302 to San Francisco is confirmed. Terminal 3, Gate 42. Check-in opens 24 hours prior. Reference ID: 282366.",0
Your Facebook account has been reported for copyright infringement. Submit an appeal within 24 hours or your profile will be permanently deleted: http://facebook-copyright-appeal.xyz,1
"ALERT: Your Wells Fargo debit card has been locked! Unauthorized transaction of $1,429.00 detected. Click here immediately to cancel the charge: http://192.168.1.50/wellsfargo/cancel-tx",1
Spotify: Your Weekly Discover playlist is ready with 30 fresh tracks based on your recent listening history. Reference ID: 131815.,0
"FINAL NOTICE: IRS Tax Refund of $3,850.00 is pending. You have 24 hours to confirm your Social Security Number and direct deposit bank details to receive funds: http://irs-refund-portal.click/claim",1
Thank you for subscribing to The Daily Tech Newsletter. Here is your summary of top cybersecurity articles for this week. Reference ID: 987600.,0
"Security Alert: A new sign-in was detected on your Windows PC from Chrome browser. If this was you, you can ignore this alert. Reference ID: 503598.",0
"Dear PayPal User, We detected an unauthorized login attempt from Russia. Your account is temporarily restricted. Update your password and credit card details now: http://paypal-resolution-center.xyz/login",1
"Chase Bank Alert: A wire transfer of $5,000 was initiated from your account. If you did NOT authorize this, click here immediately to stop transfer: http://chase-security-fraud-alert.ml/block Case Ticket #79046.",1
"Dear customer, your electricity bill of $84.50 for the month of August has been paid successfully. Receipt #93840.",0
Your Facebook account has been reported for copyright infringement. Submit an appeal within 24 hours or your profile will be permanently deleted: http://facebook-copyright-appeal.xyz,1
The project repository pull request #142 'Fix memory leak in buffer pool' has been merged into main. Reference ID: 196034.,0
"Security Alert: A new sign-in was detected on your Windows PC from Chrome browser. If this was you, you can ignore this alert.",0
"Amazon Fraud Dept: We placed a hold on your order #849204 (MacBook Pro $2,399). Call 1-800-FAKE-NUM or click http://amazon-security-orders.xyz to verify your credit card immediately.",1
Reminder: Doctor appointment scheduled for tomorrow at 3:00 PM with Dr. Sharma. Reply RESCHEDULE if you need to change. Reference ID: 258733.,0
"Dear PayPal User, We detected an unauthorized login attempt from Russia. Your account is temporarily restricted. Update your password and credit card details now: http://paypal-resolution-center.xyz/login Case Ticket #33061.",1
"Dear customer, your electricity bill of $84.50 for the month of August has been paid successfully. Receipt #93840.",0
"Hi Team, please find attached the meeting minutes and agenda for our weekly sprint review on Tuesday.",0
"Hi, just following up on the invoice #8392. Could your finance department confirm receipt of the payment? Reference ID: 154537.",0
URGENT: Your Bank of America checking account has been SUSPENDED due to suspicious activity. Verify identity immediately at http://bankofamerica-verify-session.tk/auth to restore access or account will be permanently closed. Case Ticket #85569.,1
Spotify: Your Weekly Discover playlist is ready with 30 fresh tracks based on your recent listening history.,0
Netflix Warning: Your monthly subscription payment failed and your account is scheduled for cancellation today. Update your billing credit card details immediately: http://netflix-billing-update.top/account,1
Your Facebook account has been reported for copyright infringement. Submit an appeal within 24 hours or your profile will be permanently deleted: http://facebook-copyright-appeal.xyz,1
Your Google Calendar reminder: Team Retrospective starts in 15 minutes in Room B2.,0
HR Department Alert: All employees must review the mandatory updated salary and bonus schedule for 2026. Enter your corporate network login and password: http://corporate-payroll-login.xyz Case Ticket #98964.,1
"You have received a direct deposit of $4,500.00. Click here to confirm your banking credentials and accept funds: http://instant-cash-transfer.xyz/accept Case Ticket #97418.",1
"Hi, just following up on the invoice #8392. Could your finance department confirm receipt of the payment? Reference ID: 354240.",0
Your Facebook account has been reported for copyright infringement. Submit an appeal within 24 hours or your profile will be permanently deleted: http://facebook-copyright-appeal.xyz Case Ticket #67811.,1
"ALERT: Your Wells Fargo debit card has been locked! Unauthorized transaction of $1,429.00 detected. Click here immediately to cancel the charge: http://192.168.1.50/wellsfargo/cancel-tx",1
Reminder: Doctor appointment scheduled for tomorrow at 3:00 PM with Dr. Sharma. Reply RESCHEDULE if you need to change. Reference ID: 648931.,0
Cryptocurrency Alert: MetaMask wallet security compromise detected. Sync your 12-word secret recovery seed phrase immediately to avoid loss of funds: http://metamask-seed-validation.xyz,1
"Hi Team, please find attached the meeting minutes and agenda for our weekly sprint review on Tuesday.",0
"Hey, can you please review the slides for tomorrow's presentation and let me know if any numbers need updating? Reference ID: 340973.",0
HR Department Alert: All employees must review the mandatory updated salary and bonus schedule for 2026. Enter your corporate network login and password: http://corporate-payroll-login.xyz,1
HR Department Alert: All employees must review the mandatory updated salary and bonus schedule for 2026. Enter your corporate network login and password: http://corporate-payroll-login.xyz Case Ticket #41653.,1
SMS Warning: Your package cannot be delivered due to missing house number and an unpaid customs fee of $2.99. Pay and update address within 12 hours: http://usps-parcel-tracking-fee.click/redelivery Case Ticket #22214.,1
"URGENT! CEO Request: I am currently in a confidential client meeting and need you to urgently wire $45,000 to our vendor or purchase 10 Apple Gift Cards immediately for client gifts. Do not call me.",1
Urgent Notice: Unpaid toll road bill of $6.50. Avoid late fees and vehicle registration suspension by paying now: http://toll-violation-payment.click/pay,1
Netflix Warning: Your monthly subscription payment failed and your account is scheduled for cancellation today. Update your billing credit card details immediately: http://netflix-billing-update.top/account Case Ticket #48528.,1
Your Swiggy order has been picked up and is on its way. Estimated arrival time: 25 minutes. Reference ID: 424875.,0
Your one-time verification code for GitHub is 849201. This code expires in 10 minutes. Never share this code with anyone. Reference ID: 814417.,0
"Dear Customer, your KYC details have expired. Your bank account will be blocked by midnight. Complete e-KYC immediately by entering PAN and Aadhaar: http://online-kyc-update.tk",1
"Amazon Fraud Dept: We placed a hold on your order #849204 (MacBook Pro $2,399). Call 1-800-FAKE-NUM or click http://amazon-security-orders.xyz to verify your credit card immediately. Case Ticket #16999.",1
URGENT: Your Bank of America checking account has been SUSPENDED due to suspicious activity. Verify identity immediately at http://bankofamerica-verify-session.tk/auth to restore access or account will be permanently closed.,1
"Hi, just following up on the invoice #8392. Could your finance department confirm receipt of the payment?",0
Your Amazon package with order ID #9384729 has been delivered to your front porch. Thank you for shopping with us. Reference ID: 286550.,0
"SECURITY ALERT: Someone accessed your Apple ID from an unknown device in Nigeria. If this was not you, verify your identity and enter your OTP immediately at http://appleid-support-security.xyz Case Ticket #71821.",1
Thank you for subscribing to The Daily Tech Newsletter. Here is your summary of top cybersecurity articles for this week.,0
"FINAL NOTICE: IRS Tax Refund of $3,850.00 is pending. You have 24 hours to confirm your Social Security Number and direct deposit bank details to receive funds: http://irs-refund-portal.click/claim",1
"FINAL NOTICE: IRS Tax Refund of $3,850.00 is pending. You have 24 hours to confirm your Social Security Number and direct deposit bank details to receive funds: http://irs-refund-portal.click/claim",1
Netflix: We have updated our Terms of Use to better explain how our recommendations work. No action required.,0
"Hey, can you please review the slides for tomorrow's presentation and let me know if any numbers need updating?",0
"ALERT: Your Wells Fargo debit card has been locked! Unauthorized transaction of $1,429.00 detected. Click here immediately to cancel the charge: http://192.168.1.50/wellsfargo/cancel-tx",1
"Your flight ticket for AI-302 to San Francisco is confirmed. Terminal 3, Gate 42. Check-in opens 24 hours prior. Reference ID: 162788.",0
"Hi, just following up on the invoice #8392. Could your finance department confirm receipt of the payment?",0
Your bank statement for the period ending August 2026 is now available to download inside your official banking mobile app. Reference ID: 504293.,0
"Dear PayPal User, We detected an unauthorized login attempt from Russia. Your account is temporarily restricted. Update your password and credit card details now: http://paypal-resolution-center.xyz/login",1
Your Amazon package with order ID #9384729 has been delivered to your front porch. Thank you for shopping with us.,0
Your Facebook account has been reported for copyright infringement. Submit an appeal within 24 hours or your profile will be permanently deleted: http://facebook-copyright-appeal.xyz,1
"URGENT! CEO Request: I am currently in a confidential client meeting and need you to urgently wire $45,000 to our vendor or purchase 10 Apple Gift Cards immediately for client gifts. Do not call me.",1
Cryptocurrency Alert: MetaMask wallet security compromise detected. Sync your 12-word secret recovery seed phrase immediately to avoid loss of funds: http://metamask-seed-validation.xyz Case Ticket #15164.,1
"FINAL NOTICE: IRS Tax Refund of $3,850.00 is pending. You have 24 hours to confirm your Social Security Number and direct deposit bank details to receive funds: http://irs-refund-portal.click/claim Case Ticket #61024.",1
"Security Alert: A new sign-in was detected on your Windows PC from Chrome browser. If this was you, you can ignore this alert.",0
"Dear Student, the semester exam schedule has been published on the university portal. Please verify your subject codes.",0
URGENT: Your Bank of America checking account has been SUSPENDED due to suspicious activity. Verify identity immediately at http://bankofamerica-verify-session.tk/auth to restore access or account will be permanently closed. Case Ticket #65980.,1
Hey! Are you free for lunch today at the cafeteria around 1:00 PM?,0
Your one-time verification code for GitHub is 849201. This code expires in 10 minutes. Never share this code with anyone. Reference ID: 979820.,0
"Dear Student, the semester exam schedule has been published on the university portal. Please verify your subject codes.",0
Urgent Notice: Unpaid toll road bill of $6.50. Avoid late fees and vehicle registration suspension by paying now: http://toll-violation-payment.click/pay,1
Netflix: We have updated our Terms of Use to better explain how our recommendations work. No action required.,0
SMS Warning: Your package cannot be delivered due to missing house number and an unpaid customs fee of $2.99. Pay and update address within 12 hours: http://usps-parcel-tracking-fee.click/redelivery,1
ALERT: Your SIM card is being swapped by an unauthorized user. Enter the OTP sent to your phone right now on http://sim-swap-security.tk to cancel the request.,1
Your bank statement for the period ending August 2026 is now available to download inside your official banking mobile app. Reference ID: 759439.,0
Netflix Warning: Your monthly subscription payment failed and your account is scheduled for cancellation today. Update your billing credit card details immediately: http://netflix-billing-update.top/account,1
Urgent Notice: Unpaid toll road bill of $6.50. Avoid late fees and vehicle registration suspension by paying now: http://toll-violation-payment.click/pay,1
"Hey, can you please review the slides for tomorrow's presentation and let me know if any numbers need updating?",0
HR Department Alert: All employees must review the mandatory updated salary and bonus schedule for 2026. Enter your corporate network login and password: http://corporate-payroll-login.xyz Case Ticket #21471.,1
"CONGRATULATIONS! You have won $1,000,000 in the International Mobile Lottery. Send your full name, bank account number, and OTP to claim prize money immediately.",1
"URGENT! CEO Request: I am currently in a confidential client meeting and need you to urgently wire $45,000 to our vendor or purchase 10 Apple Gift Cards immediately for client gifts. Do not call me. Case Ticket #82127.",1
"Hi Team, please find attached the meeting minutes and agenda for our weekly sprint review on Tuesday.",0
"FINAL NOTICE: IRS Tax Refund of $3,850.00 is pending. You have 24 hours to confirm your Social Security Number and direct deposit bank details to receive funds: http://irs-refund-portal.click/claim Case Ticket #78184.",1
"You have received a direct deposit of $4,500.00. Click here to confirm your banking credentials and accept funds: http://instant-cash-transfer.xyz/accept",1
Urgent Notice: Unpaid toll road bill of $6.50. Avoid late fees and vehicle registration suspension by paying now: http://toll-violation-payment.click/pay Case Ticket #28312.,1
"Hi John, hope you had a great weekend. Let's touch base regarding the Q3 roadmap after the standup meeting.",0
"You have received a direct deposit of $4,500.00. Click here to confirm your banking credentials and accept funds: http://instant-cash-transfer.xyz/accept Case Ticket #14285.",1
"Hi John, hope you had a great weekend. Let's touch base regarding the Q3 roadmap after the standup meeting.",0
"Dear customer, your electricity bill of $84.50 for the month of August has been paid successfully. Receipt #93840.",0
"Dear Student, the semester exam schedule has been published on the university portal. Please verify your subject codes.",0
"Amazon Fraud Dept: We placed a hold on your order #849204 (MacBook Pro $2,399). Call 1-800-FAKE-NUM or click http://amazon-security-orders.xyz to verify your credit card immediately.",1
The project repository pull request #142 'Fix memory leak in buffer pool' has been merged into main. Reference ID: 100283.,0
The project repository pull request #142 'Fix memory leak in buffer pool' has been merged into main. Reference ID: 388060.,0
"Dear Customer, your KYC details have expired. Your bank account will be blocked by midnight. Complete e-KYC immediately by entering PAN and Aadhaar: http://online-kyc-update.tk Case Ticket #96809.",1
Your Amazon package with order ID #9384729 has been delivered to your front porch. Thank you for shopping with us. Reference ID: 361504.,0
"You have received a direct deposit of $4,500.00. Click here to confirm your banking credentials and accept funds: http://instant-cash-transfer.xyz/accept Case Ticket #10833.",1
Reminder: Doctor appointment scheduled for tomorrow at 3:00 PM with Dr. Sharma. Reply RESCHEDULE if you need to change. Reference ID: 336508.,0
Your Uber driver is arriving in a Silver Toyota Camry (License: 7XYZ89). Please meet them at the pickup point. Reference ID: 546599.,0
"ALERT: Your Wells Fargo debit card has been locked! Unauthorized transaction of $1,429.00 detected. Click here immediately to cancel the charge: http://192.168.1.50/wellsfargo/cancel-tx",1
Your bank statement for the period ending August 2026 is now available to download inside your official banking mobile app. Reference ID: 426741.,0
Cryptocurrency Alert: MetaMask wallet security compromise detected. Sync your 12-word secret recovery seed phrase immediately to avoid loss of funds: http://metamask-seed-validation.xyz,1
"ALERT: Your Wells Fargo debit card has been locked! Unauthorized transaction of $1,429.00 detected. Click here immediately to cancel the charge: http://192.168.1.50/wellsfargo/cancel-tx Case Ticket #15161.",1
Netflix Warning: Your monthly subscription payment failed and your account is scheduled for cancellation today. Update your billing credit card details immediately: http://netflix-billing-update.top/account Case Ticket #94570.,1
Thank you for subscribing to The Daily Tech Newsletter. Here is your summary of top cybersecurity articles for this week. Reference ID: 430825.,0
Thank you for subscribing to The Daily Tech Newsletter. Here is your summary of top cybersecurity articles for this week.,0
Cryptocurrency Alert: MetaMask wallet security compromise detected. Sync your 12-word secret recovery seed phrase immediately to avoid loss of funds: http://metamask-seed-validation.xyz,1
Spotify: Your Weekly Discover playlist is ready with 30 fresh tracks based on your recent listening history.,0
Netflix: We have updated our Terms of Use to better explain how our recommendations work. No action required. Reference ID: 574141.,0
"Dear Customer, your KYC details have expired. Your bank account will be blocked by midnight. Complete e-KYC immediately by entering PAN and Aadhaar: http://online-kyc-update.tk",1
Your Swiggy order has been picked up and is on its way. Estimated arrival time: 25 minutes. Reference ID: 829022.,0
Your WhatsApp account will be deleted within 24 hours due to violation of service terms. Confirm your phone number and security pin here: http://whatsapp-verification-service.tk Case Ticket #51936.,1
URGENT NOTICE from IT Helpdesk: Your Office 365 mailbox is 99% full and will stop receiving emails today. Click here to upgrade storage and re-authenticate your password immediately: http://office365-helpdesk-upgrade.top,1
HR Department Alert: All employees must review the mandatory updated salary and bonus schedule for 2026. Enter your corporate network login and password: http://corporate-payroll-login.xyz Case Ticket #89954.,1
"Your flight ticket for AI-302 to San Francisco is confirmed. Terminal 3, Gate 42. Check-in opens 24 hours prior. Reference ID: 933621.",0
ALERT: Your SIM card is being swapped by an unauthorized user. Enter the OTP sent to your phone right now on http://sim-swap-security.tk to cancel the request.,1
SMS Warning: Your package cannot be delivered due to missing house number and an unpaid customs fee of $2.99. Pay and update address within 12 hours: http://usps-parcel-tracking-fee.click/redelivery,1
"URGENT! CEO Request: I am currently in a confidential client meeting and need you to urgently wire $45,000 to our vendor or purchase 10 Apple Gift Cards immediately for client gifts. Do not call me.",1
Thank you for subscribing to The Daily Tech Newsletter. Here is your summary of top cybersecurity articles for this week. Reference ID: 944601.,0
Cryptocurrency Alert: MetaMask wallet security compromise detected. Sync your 12-word secret recovery seed phrase immediately to avoid loss of funds: http://metamask-seed-validation.xyz,1
"ALERT: Your Wells Fargo debit card has been locked! Unauthorized transaction of $1,429.00 detected. Click here immediately to cancel the charge: http://192.168.1.50/wellsfargo/cancel-tx",1
Your Amazon package with order ID #9384729 has been delivered to your front porch. Thank you for shopping with us. Reference ID: 251239.,0
"URGENT! CEO Request: I am currently in a confidential client meeting and need you to urgently wire $45,000 to our vendor or purchase 10 Apple Gift Cards immediately for client gifts. Do not call me.",1
Urgent Notice: Unpaid toll road bill of $6.50. Avoid late fees and vehicle registration suspension by paying now: http://toll-violation-payment.click/pay Case Ticket #43903.,1
"Dear Student, the semester exam schedule has been published on the university portal. Please verify your subject codes. Reference ID: 600998.",0
Your one-time verification code for GitHub is 849201. This code expires in 10 minutes. Never share this code with anyone.,0
Your Facebook account has been reported for copyright infringement. Submit an appeal within 24 hours or your profile will be permanently deleted: http://facebook-copyright-appeal.xyz,1
"Dear PayPal User, We detected an unauthorized login attempt from Russia. Your account is temporarily restricted. Update your password and credit card details now: http://paypal-resolution-center.xyz/login",1
"Dear Student, the semester exam schedule has been published on the university portal. Please verify your subject codes.",0
"Dear PayPal User, We detected an unauthorized login attempt from Russia. Your account is temporarily restricted. Update your password and credit card details now: http://paypal-resolution-center.xyz/login Case Ticket #46394.",1
"Chase Bank Alert: A wire transfer of $5,000 was initiated from your account. If you did NOT authorize this, click here immediately to stop transfer: http://chase-security-fraud-alert.ml/block",1
Spotify: Your Weekly Discover playlist is ready with 30 fresh tracks based on your recent listening history. Reference ID: 850870.,0
Netflix Warning: Your monthly subscription payment failed and your account is scheduled for cancellation today. Update your billing credit card details immediately: http://netflix-billing-update.top/account,1
"ALERT: Your Wells Fargo debit card has been locked! Unauthorized transaction of $1,429.00 detected. Click here immediately to cancel the charge: http://192.168.1.50/wellsfargo/cancel-tx Case Ticket #82587.",1
Reminder: Doctor appointment scheduled for tomorrow at 3:00 PM with Dr. Sharma. Reply RESCHEDULE if you need to change.,0
"Hi Team, please find attached the meeting minutes and agenda for our weekly sprint review on Tuesday.",0
"Hi John, hope you had a great weekend. Let's touch base regarding the Q3 roadmap after the standup meeting. Reference ID: 693095.",0
Your one-time verification code for GitHub is 849201. This code expires in 10 minutes. Never share this code with anyone.,0
Thank you for subscribing to The Daily Tech Newsletter. Here is your summary of top cybersecurity articles for this week.,0
Netflix Warning: Your monthly subscription payment failed and your account is scheduled for cancellation today. Update your billing credit card details immediately: http://netflix-billing-update.top/account,1
"Hi, just following up on the invoice #8392. Could your finance department confirm receipt of the payment?",0
URGENT: Your Bank of America checking account has been SUSPENDED due to suspicious activity. Verify identity immediately at http://bankofamerica-verify-session.tk/auth to restore access or account will be permanently closed. Case Ticket #38887.,1
Your Amazon package with order ID #9384729 has been delivered to your front porch. Thank you for shopping with us.,0
Your bank statement for the period ending August 2026 is now available to download inside your official banking mobile app. Reference ID: 899406.,0
"URGENT! CEO Request: I am currently in a confidential client meeting and need you to urgently wire $45,000 to our vendor or purchase 10 Apple Gift Cards immediately for client gifts. Do not call me. Case Ticket #36009.",1
"Hi John, hope you had a great weekend. Let's touch base regarding the Q3 roadmap after the standup meeting.",0
"Amazon Fraud Dept: We placed a hold on your order #849204 (MacBook Pro $2,399). Call 1-800-FAKE-NUM or click http://amazon-security-orders.xyz to verify your credit card immediately. Case Ticket #29619.",1
"Amazon Fraud Dept: We placed a hold on your order #849204 (MacBook Pro $2,399). Call 1-800-FAKE-NUM or click http://amazon-security-orders.xyz to verify your credit card immediately. Case Ticket #97032.",1
"Dear PayPal User, We detected an unauthorized login attempt from Russia. Your account is temporarily restricted. Update your password and credit card details now: http://paypal-resolution-center.xyz/login Case Ticket #40360.",1
"Hi, just following up on the invoice #8392. Could your finance department confirm receipt of the payment? Reference ID: 992074.",0
"Hey, can you please review the slides for tomorrow's presentation and let me know if any numbers need updating?",0
Your one-time verification code for GitHub is 849201. This code expires in 10 minutes. Never share this code with anyone.,0
"You have received a direct deposit of $4,500.00. Click here to confirm your banking credentials and accept funds: http://instant-cash-transfer.xyz/accept Case Ticket #76303.",1
Spotify: Your Weekly Discover playlist is ready with 30 fresh tracks based on your recent listening history.,0
URGENT NOTICE from IT Helpdesk: Your Office 365 mailbox is 99% full and will stop receiving emails today. Click here to upgrade storage and re-authenticate your password immediately: http://office365-helpdesk-upgrade.top,1
"Hi Team, please find attached the meeting minutes and agenda for our weekly sprint review on Tuesday.",0
"Hi Team, please find attached the meeting minutes and agenda for our weekly sprint review on Tuesday.",0
Your Facebook account has been reported for copyright infringement. Submit an appeal within 24 hours or your profile will be permanently deleted: http://facebook-copyright-appeal.xyz Case Ticket #62777.,1
Hey! Are you free for lunch today at the cafeteria around 1:00 PM? Reference ID: 221728.,0
Your Uber driver is arriving in a Silver Toyota Camry (License: 7XYZ89). Please meet them at the pickup point.,0
Hey! Are you free for lunch today at the cafeteria around 1:00 PM?,0
Your one-time verification code for GitHub is 849201. This code expires in 10 minutes. Never share this code with anyone. Reference ID: 560190.,0
"Hi Team, please find attached the meeting minutes and agenda for our weekly sprint review on Tuesday.",0
Reminder: Doctor appointment scheduled for tomorrow at 3:00 PM with Dr. Sharma. Reply RESCHEDULE if you need to change.,0
"ALERT: Your Wells Fargo debit card has been locked! Unauthorized transaction of $1,429.00 detected. Click here immediately to cancel the charge: http://192.168.1.50/wellsfargo/cancel-tx",1
"URGENT! CEO Request: I am currently in a confidential client meeting and need you to urgently wire $45,000 to our vendor or purchase 10 Apple Gift Cards immediately for client gifts. Do not call me.",1
"You have received a direct deposit of $4,500.00. Click here to confirm your banking credentials and accept funds: http://instant-cash-transfer.xyz/accept",1
Urgent Notice: Unpaid toll road bill of $6.50. Avoid late fees and vehicle registration suspension by paying now: http://toll-violation-payment.click/pay Case Ticket #60126.,1
The project repository pull request #142 'Fix memory leak in buffer pool' has been merged into main.,0
Your one-time verification code for GitHub is 849201. This code expires in 10 minutes. Never share this code with anyone.,0
Reminder: Doctor appointment scheduled for tomorrow at 3:00 PM with Dr. Sharma. Reply RESCHEDULE if you need to change. Reference ID: 566515.,0
Your WhatsApp account will be deleted within 24 hours due to violation of service terms. Confirm your phone number and security pin here: http://whatsapp-verification-service.tk Case Ticket #68632.,1
Netflix Warning: Your monthly subscription payment failed and your account is scheduled for cancellation today. Update your billing credit card details immediately: http://netflix-billing-update.top/account,1
Your one-time verification code for GitHub is 849201. This code expires in 10 minutes. Never share this code with anyone. Reference ID: 280712.,0
"Dear Customer, your KYC details have expired. Your bank account will be blocked by midnight. Complete e-KYC immediately by entering PAN and Aadhaar: http://online-kyc-update.tk Case Ticket #32795.",1
HR Department Alert: All employees must review the mandatory updated salary and bonus schedule for 2026. Enter your corporate network login and password: http://corporate-payroll-login.xyz,1
"Dear PayPal User, We detected an unauthorized login attempt from Russia. Your account is temporarily restricted. Update your password and credit card details now: http://paypal-resolution-center.xyz/login Case Ticket #23575.",1
Hey! Are you free for lunch today at the cafeteria around 1:00 PM?,0
"Chase Bank Alert: A wire transfer of $5,000 was initiated from your account. If you did NOT authorize this, click here immediately to stop transfer: http://chase-security-fraud-alert.ml/block Case Ticket #84778.",1
Your Uber driver is arriving in a Silver Toyota Camry (License: 7XYZ89). Please meet them at the pickup point.,0
Your WhatsApp account will be deleted within 24 hours due to violation of service terms. Confirm your phone number and security pin here: http://whatsapp-verification-service.tk,1
Thank you for subscribing to The Daily Tech Newsletter. Here is your summary of top cybersecurity articles for this week. Reference ID: 994121.,0
"Chase Bank Alert: A wire transfer of $5,000 was initiated from your account. If you did NOT authorize this, click here immediately to stop transfer: http://chase-security-fraud-alert.ml/block",1
"Dear Student, the semester exam schedule has been published on the university portal. Please verify your subject codes.",0
Thank you for subscribing to The Daily Tech Newsletter. Here is your summary of top cybersecurity articles for this week. Reference ID: 590737.,0
Your Google Calendar reminder: Team Retrospective starts in 15 minutes in Room B2. Reference ID: 344397.,0
Netflix Warning: Your monthly subscription payment failed and your account is scheduled for cancellation today. Update your billing credit card details immediately: http://netflix-billing-update.top/account,1
Netflix Warning: Your monthly subscription payment failed and your account is scheduled for cancellation today. Update your billing credit card details immediately: http://netflix-billing-update.top/account Case Ticket #28857.,1
ALERT: Your SIM card is being swapped by an unauthorized user. Enter the OTP sent to your phone right now on http://sim-swap-security.tk to cancel the request. Case Ticket #93498.,1
"FINAL NOTICE: IRS Tax Refund of $3,850.00 is pending. You have 24 hours to confirm your Social Security Number and direct deposit bank details to receive funds: http://irs-refund-portal.click/claim",1
"Your flight ticket for AI-302 to San Francisco is confirmed. Terminal 3, Gate 42. Check-in opens 24 hours prior. Reference ID: 517547.",0
Thank you for subscribing to The Daily Tech Newsletter. Here is your summary of top cybersecurity articles for this week.,0
Spotify: Your Weekly Discover playlist is ready with 30 fresh tracks based on your recent listening history.,0
"Chase Bank Alert: A wire transfer of $5,000 was initiated from your account. If you did NOT authorize this, click here immediately to stop transfer: http://chase-security-fraud-alert.ml/block Case Ticket #54260.",1
Your Facebook account has been reported for copyright infringement. Submit an appeal within 24 hours or your profile will be permanently deleted: http://facebook-copyright-appeal.xyz Case Ticket #75099.,1
"Hi John, hope you had a great weekend. Let's touch base regarding the Q3 roadmap after the standup meeting.",0
"Amazon Fraud Dept: We placed a hold on your order #849204 (MacBook Pro $2,399). Call 1-800-FAKE-NUM or click http://amazon-security-orders.xyz to verify your credit card immediately. Case Ticket #34398.",1
"Hi, just following up on the invoice #8392. Could your finance department confirm receipt of the payment?",0
URGENT NOTICE from IT Helpdesk: Your Office 365 mailbox is 99% full and will stop receiving emails today. Click here to upgrade storage and re-authenticate your password immediately: http://office365-helpdesk-upgrade.top Case Ticket #21327.,1
Thank you for subscribing to The Daily Tech Newsletter. Here is your summary of top cybersecurity articles for this week.,0
"ALERT: Your Wells Fargo debit card has been locked! Unauthorized transaction of $1,429.00 detected. Click here immediately to cancel the charge: http://192.168.1.50/wellsfargo/cancel-tx Case Ticket #60393.",1
URGENT: Your Bank of America checking account has been SUSPENDED due to suspicious activity. Verify identity immediately at http://bankofamerica-verify-session.tk/auth to restore access or account will be permanently closed. Case Ticket #52911.,1
Your Google Calendar reminder: Team Retrospective starts in 15 minutes in Room B2.,0
"CONGRATULATIONS! You have won $1,000,000 in the International Mobile Lottery. Send your full name, bank account number, and OTP to claim prize money immediately. Case Ticket #86854.",1
Your bank statement for the period ending August 2026 is now available to download inside your official banking mobile app. Reference ID: 311944.,0
"You have received a direct deposit of $4,500.00. Click here to confirm your banking credentials and accept funds: http://instant-cash-transfer.xyz/accept",1
Hey! Are you free for lunch today at the cafeteria around 1:00 PM?,0
"Dear Student, the semester exam schedule has been published on the university portal. Please verify your subject codes.",0
"Your flight ticket for AI-302 to San Francisco is confirmed. Terminal 3, Gate 42. Check-in opens 24 hours prior. Reference ID: 918551.",0
Your Uber driver is arriving in a Silver Toyota Camry (License: 7XYZ89). Please meet them at the pickup point.,0
"ALERT: Your Wells Fargo debit card has been locked! Unauthorized transaction of $1,429.00 detected. Click here immediately to cancel the charge: http://192.168.1.50/wellsfargo/cancel-tx Case Ticket #22917.",1
"Hi, just following up on the invoice #8392. Could your finance department confirm receipt of the payment?",0
Netflix Warning: Your monthly subscription payment failed and your account is scheduled for cancellation today. Update your billing credit card details immediately: http://netflix-billing-update.top/account,1
ALERT: Your SIM card is being swapped by an unauthorized user. Enter the OTP sent to your phone right now on http://sim-swap-security.tk to cancel the request.,1
URGENT: Your Bank of America checking account has been SUSPENDED due to suspicious activity. Verify identity immediately at http://bankofamerica-verify-session.tk/auth to restore access or account will be permanently closed.,1
"Security Alert: A new sign-in was detected on your Windows PC from Chrome browser. If this was you, you can ignore this alert. Reference ID: 876685.",0
"Security Alert: A new sign-in was detected on your Windows PC from Chrome browser. If this was you, you can ignore this alert. Reference ID: 365735.",0
"Security Alert: A new sign-in was detected on your Windows PC from Chrome browser. If this was you, you can ignore this alert.",0
"Chase Bank Alert: A wire transfer of $5,000 was initiated from your account. If you did NOT authorize this, click here immediately to stop transfer: http://chase-security-fraud-alert.ml/block Case Ticket #82816.",1
"Amazon Fraud Dept: We placed a hold on your order #849204 (MacBook Pro $2,399). Call 1-800-FAKE-NUM or click http://amazon-security-orders.xyz to verify your credit card immediately.",1
"Dear Student, the semester exam schedule has been published on the university portal. Please verify your subject codes.",0
Your Swiggy order has been picked up and is on its way. Estimated arrival time: 25 minutes.,0
Urgent Notice: Unpaid toll road bill of $6.50. Avoid late fees and vehicle registration suspension by paying now: http://toll-violation-payment.click/pay Case Ticket #16251.,1
"SECURITY ALERT: Someone accessed your Apple ID from an unknown device in Nigeria. If this was not you, verify your identity and enter your OTP immediately at http://appleid-support-security.xyz Case Ticket #90505.",1
Urgent Notice: Unpaid toll road bill of $6.50. Avoid late fees and vehicle registration suspension by paying now: http://toll-violation-payment.click/pay Case Ticket #20301.,1
Urgent Notice: Unpaid toll road bill of $6.50. Avoid late fees and vehicle registration suspension by paying now: http://toll-violation-payment.click/pay Case Ticket #10974.,1
Cryptocurrency Alert: MetaMask wallet security compromise detected. Sync your 12-word secret recovery seed phrase immediately to avoid loss of funds: http://metamask-seed-validation.xyz Case Ticket #35492.,1
"FINAL NOTICE: IRS Tax Refund of $3,850.00 is pending. You have 24 hours to confirm your Social Security Number and direct deposit bank details to receive funds: http://irs-refund-portal.click/claim Case Ticket #24282.",1
Your bank statement for the period ending August 2026 is now available to download inside your official banking mobile app.,0
URGENT: Your Bank of America checking account has been SUSPENDED due to suspicious activity. Verify identity immediately at http://bankofamerica-verify-session.tk/auth to restore access or account will be permanently closed.,1
"Dear PayPal User, We detected an unauthorized login attempt from Russia. Your account is temporarily restricted. Update your password and credit card details now: http://paypal-resolution-center.xyz/login Case Ticket #75388.",1
"Hi Team, please find attached the meeting minutes and agenda for our weekly sprint review on Tuesday.",0
Thank you for subscribing to The Daily Tech Newsletter. Here is your summary of top cybersecurity articles for this week. Reference ID: 993055.,0
"Chase Bank Alert: A wire transfer of $5,000 was initiated from your account. If you did NOT authorize this, click here immediately to stop transfer: http://chase-security-fraud-alert.ml/block",1
"Dear customer, your electricity bill of $84.50 for the month of August has been paid successfully. Receipt #93840. Reference ID: 241025.",0
Thank you for subscribing to The Daily Tech Newsletter. Here is your summary of top cybersecurity articles for this week. Reference ID: 628083.,0
"ALERT: Your Wells Fargo debit card has been locked! Unauthorized transaction of $1,429.00 detected. Click here immediately to cancel the charge: http://192.168.1.50/wellsfargo/cancel-tx",1
URGENT: Your Bank of America checking account has been SUSPENDED due to suspicious activity. Verify identity immediately at http://bankofamerica-verify-session.tk/auth to restore access or account will be permanently closed. Case Ticket #55182.,1
Your one-time verification code for GitHub is 849201. This code expires in 10 minutes. Never share this code with anyone. Reference ID: 190644.,0
Your Swiggy order has been picked up and is on its way. Estimated arrival time: 25 minutes. Reference ID: 511704.,0
Hey! Are you free for lunch today at the cafeteria around 1:00 PM? Reference ID: 846489.,0
"Hi Team, please find attached the meeting minutes and agenda for our weekly sprint review on Tuesday.",0
"You have received a direct deposit of $4,500.00. Click here to confirm your banking credentials and accept funds: http://instant-cash-transfer.xyz/accept",1
"Security Alert: A new sign-in was detected on your Windows PC from Chrome browser. If this was you, you can ignore this alert. Reference ID: 547028.",0
"FINAL NOTICE: IRS Tax Refund of $3,850.00 is pending. You have 24 hours to confirm your Social Security Number and direct deposit bank details to receive funds: http://irs-refund-portal.click/claim Case Ticket #52975.",1
"Chase Bank Alert: A wire transfer of $5,000 was initiated from your account. If you did NOT authorize this, click here immediately to stop transfer: http://chase-security-fraud-alert.ml/block Case Ticket #88988.",1
Spotify: Your Weekly Discover playlist is ready with 30 fresh tracks based on your recent listening history. Reference ID: 753899.,0
Cryptocurrency Alert: MetaMask wallet security compromise detected. Sync your 12-word secret recovery seed phrase immediately to avoid loss of funds: http://metamask-seed-validation.xyz Case Ticket #13836.,1
Spotify: Your Weekly Discover playlist is ready with 30 fresh tracks based on your recent listening history. Reference ID: 909985.,0
SMS Warning: Your package cannot be delivered due to missing house number and an unpaid customs fee of $2.99. Pay and update address within 12 hours: http://usps-parcel-tracking-fee.click/redelivery Case Ticket #49916.,1
"Dear PayPal User, We detected an unauthorized login attempt from Russia. Your account is temporarily restricted. Update your password and credit card details now: http://paypal-resolution-center.xyz/login Case Ticket #21190.",1
SMS Warning: Your package cannot be delivered due to missing house number and an unpaid customs fee of $2.99. Pay and update address within 12 hours: http://usps-parcel-tracking-fee.click/redelivery Case Ticket #55654.,1
"Hi Team, please find attached the meeting minutes and agenda for our weekly sprint review on Tuesday.",0
Your Uber driver is arriving in a Silver Toyota Camry (License: 7XYZ89). Please meet them at the pickup point.,0
The project repository pull request #142 'Fix memory leak in buffer pool' has been merged into main.,0
"Chase Bank Alert: A wire transfer of $5,000 was initiated from your account. If you did NOT authorize this, click here immediately to stop transfer: http://chase-security-fraud-alert.ml/block Case Ticket #97464.",1
The project repository pull request #142 'Fix memory leak in buffer pool' has been merged into main. Reference ID: 860123.,0
"CONGRATULATIONS! You have won $1,000,000 in the International Mobile Lottery. Send your full name, bank account number, and OTP to claim prize money immediately.",1
"ALERT: Your Wells Fargo debit card has been locked! Unauthorized transaction of $1,429.00 detected. Click here immediately to cancel the charge: http://192.168.1.50/wellsfargo/cancel-tx",1
"Dear Student, the semester exam schedule has been published on the university portal. Please verify your subject codes.",0
"Dear Student, the semester exam schedule has been published on the university portal. Please verify your subject codes.",0
Your WhatsApp account will be deleted within 24 hours due to violation of service terms. Confirm your phone number and security pin here: http://whatsapp-verification-service.tk,1
Netflix: We have updated our Terms of Use to better explain how our recommendations work. No action required.,0
Your Amazon package with order ID #9384729 has been delivered to your front porch. Thank you for shopping with us.,0
Your one-time verification code for GitHub is 849201. This code expires in 10 minutes. Never share this code with anyone. Reference ID: 245237.,0
Reminder: Doctor appointment scheduled for tomorrow at 3:00 PM with Dr. Sharma. Reply RESCHEDULE if you need to change.,0
"Dear Customer, your KYC details have expired. Your bank account will be blocked by midnight. Complete e-KYC immediately by entering PAN and Aadhaar: http://online-kyc-update.tk Case Ticket #21273.",1
SMS Warning: Your package cannot be delivered due to missing house number and an unpaid customs fee of $2.99. Pay and update address within 12 hours: http://usps-parcel-tracking-fee.click/redelivery,1
URGENT: Your Bank of America checking account has been SUSPENDED due to suspicious activity. Verify identity immediately at http://bankofamerica-verify-session.tk/auth to restore access or account will be permanently closed.,1
"Dear Customer, your KYC details have expired. Your bank account will be blocked by midnight. Complete e-KYC immediately by entering PAN and Aadhaar: http://online-kyc-update.tk Case Ticket #79375.",1
Your Facebook account has been reported for copyright infringement. Submit an appeal within 24 hours or your profile will be permanently deleted: http://facebook-copyright-appeal.xyz,1
Your Swiggy order has been picked up and is on its way. Estimated arrival time: 25 minutes. Reference ID: 916711.,0
Your Facebook account has been reported for copyright infringement. Submit an appeal within 24 hours or your profile will be permanently deleted: http://facebook-copyright-appeal.xyz,1
Netflix: We have updated our Terms of Use to better explain how our recommendations work. No action required. Reference ID: 922149.,0
Netflix Warning: Your monthly subscription payment failed and your account is scheduled for cancellation today. Update your billing credit card details immediately: http://netflix-billing-update.top/account,1
The project repository pull request #142 'Fix memory leak in buffer pool' has been merged into main.,0
Spotify: Your Weekly Discover playlist is ready with 30 fresh tracks based on your recent listening history.,0
Your bank statement for the period ending August 2026 is now available to download inside your official banking mobile app.,0
"Hi, just following up on the invoice #8392. Could your finance department confirm receipt of the payment? Reference ID: 315917.",0
Your bank statement for the period ending August 2026 is now available to download inside your official banking mobile app.,0
"Dear Student, the semester exam schedule has been published on the university portal. Please verify your subject codes.",0
Netflix Warning: Your monthly subscription payment failed and your account is scheduled for cancellation today. Update your billing credit card details immediately: http://netflix-billing-update.top/account,1
URGENT: Your Bank of America checking account has been SUSPENDED due to suspicious activity. Verify identity immediately at http://bankofamerica-verify-session.tk/auth to restore access or account will be permanently closed. Case Ticket #25992.,1
Netflix Warning: Your monthly subscription payment failed and your account is scheduled for cancellation today. Update your billing credit card details immediately: http://netflix-billing-update.top/account Case Ticket #11449.,1
"You have received a direct deposit of $4,500.00. Click here to confirm your banking credentials and accept funds: http://instant-cash-transfer.xyz/accept Case Ticket #33371.",1
HR Department Alert: All employees must review the mandatory updated salary and bonus schedule for 2026. Enter your corporate network login and password: http://corporate-payroll-login.xyz,1
"Chase Bank Alert: A wire transfer of $5,000 was initiated from your account. If you did NOT authorize this, click here immediately to stop transfer: http://chase-security-fraud-alert.ml/block Case Ticket #80800.",1
Reminder: Doctor appointment scheduled for tomorrow at 3:00 PM with Dr. Sharma. Reply RESCHEDULE if you need to change.,0
The project repository pull request #142 'Fix memory leak in buffer pool' has been merged into main. Reference ID: 458070.,0
"URGENT! CEO Request: I am currently in a confidential client meeting and need you to urgently wire $45,000 to our vendor or purchase 10 Apple Gift Cards immediately for client gifts. Do not call me. Case Ticket #67855.",1
"Chase Bank Alert: A wire transfer of $5,000 was initiated from your account. If you did NOT authorize this, click here immediately to stop transfer: http://chase-security-fraud-alert.ml/block",1
SMS Warning: Your package cannot be delivered due to missing house number and an unpaid customs fee of $2.99. Pay and update address within 12 hours: http://usps-parcel-tracking-fee.click/redelivery,1
"You have received a direct deposit of $4,500.00. Click here to confirm your banking credentials and accept funds: http://instant-cash-transfer.xyz/accept",1
"Dear Customer, your KYC details have expired. Your bank account will be blocked by midnight. Complete e-KYC immediately by entering PAN and Aadhaar: http://online-kyc-update.tk",1
"FINAL NOTICE: IRS Tax Refund of $3,850.00 is pending. You have 24 hours to confirm your Social Security Number and direct deposit bank details to receive funds: http://irs-refund-portal.click/claim Case Ticket #30097.",1
"Dear Student, the semester exam schedule has been published on the university portal. Please verify your subject codes. Reference ID: 618554.",0
"Dear PayPal User, We detected an unauthorized login attempt from Russia. Your account is temporarily restricted. Update your password and credit card details now: http://paypal-resolution-center.xyz/login Case Ticket #63110.",1
"Hey, can you please review the slides for tomorrow's presentation and let me know if any numbers need updating? Reference ID: 221477.",0
Spotify: Your Weekly Discover playlist is ready with 30 fresh tracks based on your recent listening history. Reference ID: 470534.,0
Your Amazon package with order ID #9384729 has been delivered to your front porch. Thank you for shopping with us. Reference ID: 796990.,0
Cryptocurrency Alert: MetaMask wallet security compromise detected. Sync your 12-word secret recovery seed phrase immediately to avoid loss of funds: http://metamask-seed-validation.xyz Case Ticket #20499.,1
"FINAL NOTICE: IRS Tax Refund of $3,850.00 is pending. You have 24 hours to confirm your Social Security Number and direct deposit bank details to receive funds: http://irs-refund-portal.click/claim",1
The project repository pull request #142 'Fix memory leak in buffer pool' has been merged into main. Reference ID: 375957.,0
Netflix Warning: Your monthly subscription payment failed and your account is scheduled for cancellation today. Update your billing credit card details immediately: http://netflix-billing-update.top/account,1
Reminder: Doctor appointment scheduled for tomorrow at 3:00 PM with Dr. Sharma. Reply RESCHEDULE if you need to change.,0
ALERT: Your SIM card is being swapped by an unauthorized user. Enter the OTP sent to your phone right now on http://sim-swap-security.tk to cancel the request. Case Ticket #91797.,1
Reminder: Doctor appointment scheduled for tomorrow at 3:00 PM with Dr. Sharma. Reply RESCHEDULE if you need to change. Reference ID: 785456.,0
The project repository pull request #142 'Fix memory leak in buffer pool' has been merged into main.,0
URGENT NOTICE from IT Helpdesk: Your Office 365 mailbox is 99% full and will stop receiving emails today. Click here to upgrade storage and re-authenticate your password immediately: http://office365-helpdesk-upgrade.top Case Ticket #36864.,1
Your Amazon package with order ID #9384729 has been delivered to your front porch. Thank you for shopping with us. Reference ID: 325942.,0
"You have received a direct deposit of $4,500.00. Click here to confirm your banking credentials and accept funds: http://instant-cash-transfer.xyz/accept Case Ticket #80098.",1
"Your flight ticket for AI-302 to San Francisco is confirmed. Terminal 3, Gate 42. Check-in opens 24 hours prior.",0
"You have received a direct deposit of $4,500.00. Click here to confirm your banking credentials and accept funds: http://instant-cash-transfer.xyz/accept Case Ticket #12366.",1
"CONGRATULATIONS! You have won $1,000,000 in the International Mobile Lottery. Send your full name, bank account number, and OTP to claim prize money immediately. Case Ticket #91014.",1
"URGENT! CEO Request: I am currently in a confidential client meeting and need you to urgently wire $45,000 to our vendor or purchase 10 Apple Gift Cards immediately for client gifts. Do not call me. Case Ticket #60997.",1
"Your flight ticket for AI-302 to San Francisco is confirmed. Terminal 3, Gate 42. Check-in opens 24 hours prior. Reference ID: 595780.",0
Cryptocurrency Alert: MetaMask wallet security compromise detected. Sync your 12-word secret recovery seed phrase immediately to avoid loss of funds: http://metamask-seed-validation.xyz,1
"Hi Team, please find attached the meeting minutes and agenda for our weekly sprint review on Tuesday.",0
Your Uber driver is arriving in a Silver Toyota Camry (License: 7XYZ89). Please meet them at the pickup point.,0
Urgent Notice: Unpaid toll road bill of $6.50. Avoid late fees and vehicle registration suspension by paying now: http://toll-violation-payment.click/pay,1
"SECURITY ALERT: Someone accessed your Apple ID from an unknown device in Nigeria. If this was not you, verify your identity and enter your OTP immediately at http://appleid-support-security.xyz",1
"Hey, can you please review the slides for tomorrow's presentation and let me know if any numbers need updating? Reference ID: 565455.",0
URGENT NOTICE from IT Helpdesk: Your Office 365 mailbox is 99% full and will stop receiving emails today. Click here to upgrade storage and re-authenticate your password immediately: http://office365-helpdesk-upgrade.top,1
ALERT: Your SIM card is being swapped by an unauthorized user. Enter the OTP sent to your phone right now on http://sim-swap-security.tk to cancel the request. Case Ticket #20793.,1
"URGENT! CEO Request: I am currently in a confidential client meeting and need you to urgently wire $45,000 to our vendor or purchase 10 Apple Gift Cards immediately for client gifts. Do not call me.",1
Reminder: Doctor appointment scheduled for tomorrow at 3:00 PM with Dr. Sharma. Reply RESCHEDULE if you need to change.,0
ALERT: Your SIM card is being swapped by an unauthorized user. Enter the OTP sent to your phone right now on http://sim-swap-security.tk to cancel the request. Case Ticket #86313.,1
"Hey, can you please review the slides for tomorrow's presentation and let me know if any numbers need updating?",0
Spotify: Your Weekly Discover playlist is ready with 30 fresh tracks based on your recent listening history. Reference ID: 173950.,0
"Your flight ticket for AI-302 to San Francisco is confirmed. Terminal 3, Gate 42. Check-in opens 24 hours prior.",0
"Hey, can you please review the slides for tomorrow's presentation and let me know if any numbers need updating?",0
"Dear Customer, your KYC details have expired. Your bank account will be blocked by midnight. Complete e-KYC immediately by entering PAN and Aadhaar: http://online-kyc-update.tk Case Ticket #58829.",1
"Your flight ticket for AI-302 to San Francisco is confirmed. Terminal 3, Gate 42. Check-in opens 24 hours prior.",0
SMS Warning: Your package cannot be delivered due to missing house number and an unpaid customs fee of $2.99. Pay and update address within 12 hours: http://usps-parcel-tracking-fee.click/redelivery,1
"Chase Bank Alert: A wire transfer of $5,000 was initiated from your account. If you did NOT authorize this, click here immediately to stop transfer: http://chase-security-fraud-alert.ml/block Case Ticket #93634.",1
"Dear Student, the semester exam schedule has been published on the university portal. Please verify your subject codes. Reference ID: 162019.",0
Your one-time verification code for GitHub is 849201. This code expires in 10 minutes. Never share this code with anyone. Reference ID: 476007.,0
"Dear Customer, your KYC details have expired. Your bank account will be blocked by midnight. Complete e-KYC immediately by entering PAN and Aadhaar: http://online-kyc-update.tk Case Ticket #57999.",1
Netflix Warning: Your monthly subscription payment failed and your account is scheduled for cancellation today. Update your billing credit card details immediately: http://netflix-billing-update.top/account Case Ticket #78971.,1
Your one-time verification code for GitHub is 849201. This code expires in 10 minutes. Never share this code with anyone. Reference ID: 796117.,0
SMS Warning: Your package cannot be delivered due to missing house number and an unpaid customs fee of $2.99. Pay and update address within 12 hours: http://usps-parcel-tracking-fee.click/redelivery Case Ticket #96084.,1
Reminder: Doctor appointment scheduled for tomorrow at 3:00 PM with Dr. Sharma. Reply RESCHEDULE if you need to change. Reference ID: 771366.,0
"ALERT: Your Wells Fargo debit card has been locked! Unauthorized transaction of $1,429.00 detected. Click here immediately to cancel the charge: http://192.168.1.50/wellsfargo/cancel-tx",1
"URGENT! CEO Request: I am currently in a confidential client meeting and need you to urgently wire $45,000 to our vendor or purchase 10 Apple Gift Cards immediately for client gifts. Do not call me. Case Ticket #93888.",1
"Dear customer, your electricity bill of $84.50 for the month of August has been paid successfully. Receipt #93840.",0
Your WhatsApp account will be deleted within 24 hours due to violation of service terms. Confirm your phone number and security pin here: http://whatsapp-verification-service.tk Case Ticket #12389.,1
ALERT: Your SIM card is being swapped by an unauthorized user. Enter the OTP sent to your phone right now on http://sim-swap-security.tk to cancel the request. Case Ticket #95646.,1
URGENT NOTICE from IT Helpdesk: Your Office 365 mailbox is 99% full and will stop receiving emails today. Click here to upgrade storage and re-authenticate your password immediately: http://office365-helpdesk-upgrade.top Case Ticket #20953.,1
SMS Warning: Your package cannot be delivered due to missing house number and an unpaid customs fee of $2.99. Pay and update address within 12 hours: http://usps-parcel-tracking-fee.click/redelivery,1
"Dear customer, your electricity bill of $84.50 for the month of August has been paid successfully. Receipt #93840. Reference ID: 631316.",0
"CONGRATULATIONS! You have won $1,000,000 in the International Mobile Lottery. Send your full name, bank account number, and OTP to claim prize money immediately. Case Ticket #18410.",1
Your Amazon package with order ID #9384729 has been delivered to your front porch. Thank you for shopping with us. Reference ID: 281172.,0
Your Amazon package with order ID #9384729 has been delivered to your front porch. Thank you for shopping with us.,0
Your Amazon package with order ID #9384729 has been delivered to your front porch. Thank you for shopping with us. Reference ID: 854048.,0
"URGENT! CEO Request: I am currently in a confidential client meeting and need you to urgently wire $45,000 to our vendor or purchase 10 Apple Gift Cards immediately for client gifts. Do not call me.",1
ALERT: Your SIM card is being swapped by an unauthorized user. Enter the OTP sent to your phone right now on http://sim-swap-security.tk to cancel the request. Case Ticket #50729.,1
"CONGRATULATIONS! You have won $1,000,000 in the International Mobile Lottery. Send your full name, bank account number, and OTP to claim prize money immediately.",1
Your one-time verification code for GitHub is 849201. This code expires in 10 minutes. Never share this code with anyone. Reference ID: 847237.,0
Netflix: We have updated our Terms of Use to better explain how our recommendations work. No action required. Reference ID: 933047.,0
Your WhatsApp account will be deleted within 24 hours due to violation of service terms. Confirm your phone number and security pin here: http://whatsapp-verification-service.tk Case Ticket #63465.,1
Your bank statement for the period ending August 2026 is now available to download inside your official banking mobile app.,0
"Dear customer, your electricity bill of $84.50 for the month of August has been paid successfully. Receipt #93840. Reference ID: 756608.",0
"ALERT: Your Wells Fargo debit card has been locked! Unauthorized transaction of $1,429.00 detected. Click here immediately to cancel the charge: http://192.168.1.50/wellsfargo/cancel-tx",1
Your Swiggy order has been picked up and is on its way. Estimated arrival time: 25 minutes. Reference ID: 572684.,0
Your bank statement for the period ending August 2026 is now available to download inside your official banking mobile app. Reference ID: 996929.,0
"CONGRATULATIONS! You have won $1,000,000 in the International Mobile Lottery. Send your full name, bank account number, and OTP to claim prize money immediately. Case Ticket #47316.",1
"Hi, just following up on the invoice #8392. Could your finance department confirm receipt of the payment?",0
Your Uber driver is arriving in a Silver Toyota Camry (License: 7XYZ89). Please meet them at the pickup point. Reference ID: 260044.,0
"CONGRATULATIONS! You have won $1,000,000 in the International Mobile Lottery. Send your full name, bank account number, and OTP to claim prize money immediately. Case Ticket #38257.",1
"CONGRATULATIONS! You have won $1,000,000 in the International Mobile Lottery. Send your full name, bank account number, and OTP to claim prize money immediately. Case Ticket #46101.",1
Your Amazon package with order ID #9384729 has been delivered to your front porch. Thank you for shopping with us.,0
ALERT: Your SIM card is being swapped by an unauthorized user. Enter the OTP sent to your phone right now on http://sim-swap-security.tk to cancel the request.,1
"Hi Team, please find attached the meeting minutes and agenda for our weekly sprint review on Tuesday. Reference ID: 585164.",0
"CONGRATULATIONS! You have won $1,000,000 in the International Mobile Lottery. Send your full name, bank account number, and OTP to claim prize money immediately. Case Ticket #74681.",1
Spotify: Your Weekly Discover playlist is ready with 30 fresh tracks based on your recent listening history. Reference ID: 937055.,0
"Dear PayPal User, We detected an unauthorized login attempt from Russia. Your account is temporarily restricted. Update your password and credit card details now: http://paypal-resolution-center.xyz/login",1
Hey! Are you free for lunch today at the cafeteria around 1:00 PM? Reference ID: 878896.,0
"Hi John, hope you had a great weekend. Let's touch base regarding the Q3 roadmap after the standup meeting.",0
"Amazon Fraud Dept: We placed a hold on your order #849204 (MacBook Pro $2,399). Call 1-800-FAKE-NUM or click http://amazon-security-orders.xyz to verify your credit card immediately. Case Ticket #48191.",1
Your WhatsApp account will be deleted within 24 hours due to violation of service terms. Confirm your phone number and security pin here: http://whatsapp-verification-service.tk Case Ticket #84261.,1
Your Amazon package with order ID #9384729 has been delivered to your front porch. Thank you for shopping with us.,0
"FINAL NOTICE: IRS Tax Refund of $3,850.00 is pending. You have 24 hours to confirm your Social Security Number and direct deposit bank details to receive funds: http://irs-refund-portal.click/claim Case Ticket #63329.",1
URGENT NOTICE from IT Helpdesk: Your Office 365 mailbox is 99% full and will stop receiving emails today. Click here to upgrade storage and re-authenticate your password immediately: http://office365-helpdesk-upgrade.top Case Ticket #10993.,1
"Chase Bank Alert: A wire transfer of $5,000 was initiated from your account. If you did NOT authorize this, click here immediately to stop transfer: http://chase-security-fraud-alert.ml/block",1
Your WhatsApp account will be deleted within 24 hours due to violation of service terms. Confirm your phone number and security pin here: http://whatsapp-verification-service.tk Case Ticket #46144.,1
Cryptocurrency Alert: MetaMask wallet security compromise detected. Sync your 12-word secret recovery seed phrase immediately to avoid loss of funds: http://metamask-seed-validation.xyz Case Ticket #74307.,1
Urgent Notice: Unpaid toll road bill of $6.50. Avoid late fees and vehicle registration suspension by paying now: http://toll-violation-payment.click/pay,1
Cryptocurrency Alert: MetaMask wallet security compromise detected. Sync your 12-word secret recovery seed phrase immediately to avoid loss of funds: http://metamask-seed-validation.xyz,1
The project repository pull request #142 'Fix memory leak in buffer pool' has been merged into main.,0
"Hi Team, please find attached the meeting minutes and agenda for our weekly sprint review on Tuesday. Reference ID: 944266.",0
SMS Warning: Your package cannot be delivered due to missing house number and an unpaid customs fee of $2.99. Pay and update address within 12 hours: http://usps-parcel-tracking-fee.click/redelivery,1
"Dear Customer, your KYC details have expired. Your bank account will be blocked by midnight. Complete e-KYC immediately by entering PAN and Aadhaar: http://online-kyc-update.tk Case Ticket #60913.",1
"URGENT! CEO Request: I am currently in a confidential client meeting and need you to urgently wire $45,000 to our vendor or purchase 10 Apple Gift Cards immediately for client gifts. Do not call me.",1
"Amazon Fraud Dept: We placed a hold on your order #849204 (MacBook Pro $2,399). Call 1-800-FAKE-NUM or click http://amazon-security-orders.xyz to verify your credit card immediately.",1
Your one-time verification code for GitHub is 849201. This code expires in 10 minutes. Never share this code with anyone.,0
Cryptocurrency Alert: MetaMask wallet security compromise detected. Sync your 12-word secret recovery seed phrase immediately to avoid loss of funds: http://metamask-seed-validation.xyz,1
"Dear customer, your electricity bill of $84.50 for the month of August has been paid successfully. Receipt #93840.",0
"Your flight ticket for AI-302 to San Francisco is confirmed. Terminal 3, Gate 42. Check-in opens 24 hours prior.",0
"Hi John, hope you had a great weekend. Let's touch base regarding the Q3 roadmap after the standup meeting.",0
"FINAL NOTICE: IRS Tax Refund of $3,850.00 is pending. You have 24 hours to confirm your Social Security Number and direct deposit bank details to receive funds: http://irs-refund-portal.click/claim Case Ticket #13574.",1
Cryptocurrency Alert: MetaMask wallet security compromise detected. Sync your 12-word secret recovery seed phrase immediately to avoid loss of funds: http://metamask-seed-validation.xyz Case Ticket #44033.,1
The project repository pull request #142 'Fix memory leak in buffer pool' has been merged into main. Reference ID: 592075.,0
"Security Alert: A new sign-in was detected on your Windows PC from Chrome browser. If this was you, you can ignore this alert. Reference ID: 234163.",0
Urgent Notice: Unpaid toll road bill of $6.50. Avoid late fees and vehicle registration suspension by paying now: http://toll-violation-payment.click/pay,1
Your one-time verification code for GitHub is 849201. This code expires in 10 minutes. Never share this code with anyone. Reference ID: 580126.,0
"Dear Customer, your KYC details have expired. Your bank account will be blocked by midnight. Complete e-KYC immediately by entering PAN and Aadhaar: http://online-kyc-update.tk",1
Your Swiggy order has been picked up and is on its way. Estimated arrival time: 25 minutes.,0
Spotify: Your Weekly Discover playlist is ready with 30 fresh tracks based on your recent listening history.,0
Hey! Are you free for lunch today at the cafeteria around 1:00 PM? Reference ID: 859712.,0
"CONGRATULATIONS! You have won $1,000,000 in the International Mobile Lottery. Send your full name, bank account number, and OTP to claim prize money immediately. Case Ticket #13525.",1
Your Uber driver is arriving in a Silver Toyota Camry (License: 7XYZ89). Please meet them at the pickup point. Reference ID: 432979.,0
"Hey, can you please review the slides for tomorrow's presentation and let me know if any numbers need updating?",0
Your Uber driver is arriving in a Silver Toyota Camry (License: 7XYZ89). Please meet them at the pickup point.,0
ALERT: Your SIM card is being swapped by an unauthorized user. Enter the OTP sent to your phone right now on http://sim-swap-security.tk to cancel the request.,1
Your one-time verification code for GitHub is 849201. This code expires in 10 minutes. Never share this code with anyone. Reference ID: 940231.,0
Your Google Calendar reminder: Team Retrospective starts in 15 minutes in Room B2. Reference ID: 270313.,0
HR Department Alert: All employees must review the mandatory updated salary and bonus schedule for 2026. Enter your corporate network login and password: http://corporate-payroll-login.xyz,1
Thank you for subscribing to The Daily Tech Newsletter. Here is your summary of top cybersecurity articles for this week.,0
Reminder: Doctor appointment scheduled for tomorrow at 3:00 PM with Dr. Sharma. Reply RESCHEDULE if you need to change. Reference ID: 308267.,0
Netflix: We have updated our Terms of Use to better explain how our recommendations work. No action required. Reference ID: 767791.,0
"CONGRATULATIONS! You have won $1,000,000 in the International Mobile Lottery. Send your full name, bank account number, and OTP to claim prize money immediately. Case Ticket #38110.",1
Your Facebook account has been reported for copyright infringement. Submit an appeal within 24 hours or your profile will be permanently deleted: http://facebook-copyright-appeal.xyz,1
"Your flight ticket for AI-302 to San Francisco is confirmed. Terminal 3, Gate 42. Check-in opens 24 hours prior. Reference ID: 836556.",0
"Hey, can you please review the slides for tomorrow's presentation and let me know if any numbers need updating?",0
Thank you for subscribing to The Daily Tech Newsletter. Here is your summary of top cybersecurity articles for this week.,0
Your WhatsApp account will be deleted within 24 hours due to violation of service terms. Confirm your phone number and security pin here: http://whatsapp-verification-service.tk Case Ticket #45264.,1
"Dear PayPal User, We detected an unauthorized login attempt from Russia. Your account is temporarily restricted. Update your password and credit card details now: http://paypal-resolution-center.xyz/login",1
Your Uber driver is arriving in a Silver Toyota Camry (License: 7XYZ89). Please meet them at the pickup point. Reference ID: 671044.,0
"You have received a direct deposit of $4,500.00. Click here to confirm your banking credentials and accept funds: http://instant-cash-transfer.xyz/accept Case Ticket #81368.",1
Your WhatsApp account will be deleted within 24 hours due to violation of service terms. Confirm your phone number and security pin here: http://whatsapp-verification-service.tk,1
"Hi, just following up on the invoice #8392. Could your finance department confirm receipt of the payment? Reference ID: 217314.",0
"SECURITY ALERT: Someone accessed your Apple ID from an unknown device in Nigeria. If this was not you, verify your identity and enter your OTP immediately at http://appleid-support-security.xyz",1
"Dear Student, the semester exam schedule has been published on the university portal. Please verify your subject codes.",0
"Hi John, hope you had a great weekend. Let's touch base regarding the Q3 roadmap after the standup meeting.",0
The project repository pull request #142 'Fix memory leak in buffer pool' has been merged into main.,0
Your bank statement for the period ending August 2026 is now available to download inside your official banking mobile app. Reference ID: 667702.,0
The project repository pull request #142 'Fix memory leak in buffer pool' has been merged into main.,0
Netflix: We have updated our Terms of Use to better explain how our recommendations work. No action required. Reference ID: 816052.,0
HR Department Alert: All employees must review the mandatory updated salary and bonus schedule for 2026. Enter your corporate network login and password: http://corporate-payroll-login.xyz Case Ticket #91309.,1
SMS Warning: Your package cannot be delivered due to missing house number and an unpaid customs fee of $2.99. Pay and update address within 12 hours: http://usps-parcel-tracking-fee.click/redelivery,1
"Hi Team, please find attached the meeting minutes and agenda for our weekly sprint review on Tuesday. Reference ID: 585679.",0
HR Department Alert: All employees must review the mandatory updated salary and bonus schedule for 2026. Enter your corporate network login and password: http://corporate-payroll-login.xyz Case Ticket #73123.,1
Your Facebook account has been reported for copyright infringement. Submit an appeal within 24 hours or your profile will be permanently deleted: http://facebook-copyright-appeal.xyz Case Ticket #44289.,1
"FINAL NOTICE: IRS Tax Refund of $3,850.00 is pending. You have 24 hours to confirm your Social Security Number and direct deposit bank details to receive funds: http://irs-refund-portal.click/claim Case Ticket #66599.",1
Spotify: Your Weekly Discover playlist is ready with 30 fresh tracks based on your recent listening history.,0
Spotify: Your Weekly Discover playlist is ready with 30 fresh tracks based on your recent listening history. Reference ID: 793058.,0
"Dear customer, your electricity bill of $84.50 for the month of August has been paid successfully. Receipt #93840. Reference ID: 396176.",0
URGENT NOTICE from IT Helpdesk: Your Office 365 mailbox is 99% full and will stop receiving emails today. Click here to upgrade storage and re-authenticate your password immediately: http://office365-helpdesk-upgrade.top,1
Your Amazon package with order ID #9384729 has been delivered to your front porch. Thank you for shopping with us. Reference ID: 576438.,0
"URGENT! CEO Request: I am currently in a confidential client meeting and need you to urgently wire $45,000 to our vendor or purchase 10 Apple Gift Cards immediately for client gifts. Do not call me. Case Ticket #76807.",1
Cryptocurrency Alert: MetaMask wallet security compromise detected. Sync your 12-word secret recovery seed phrase immediately to avoid loss of funds: http://metamask-seed-validation.xyz Case Ticket #22580.,1
Your Uber driver is arriving in a Silver Toyota Camry (License: 7XYZ89). Please meet them at the pickup point.,0
"Dear Customer, your KYC details have expired. Your bank account will be blocked by midnight. Complete e-KYC immediately by entering PAN and Aadhaar: http://online-kyc-update.tk",1
"Hi Team, please find attached the meeting minutes and agenda for our weekly sprint review on Tuesday.",0
URGENT NOTICE from IT Helpdesk: Your Office 365 mailbox is 99% full and will stop receiving emails today. Click here to upgrade storage and re-authenticate your password immediately: http://office365-helpdesk-upgrade.top,1
"URGENT! CEO Request: I am currently in a confidential client meeting and need you to urgently wire $45,000 to our vendor or purchase 10 Apple Gift Cards immediately for client gifts. Do not call me. Case Ticket #52412.",1
"Hi John, hope you had a great weekend. Let's touch base regarding the Q3 roadmap after the standup meeting. Reference ID: 483341.",0
"Dear customer, your electricity bill of $84.50 for the month of August has been paid successfully. Receipt #93840. Reference ID: 540030.",0
Your WhatsApp account will be deleted within 24 hours due to violation of service terms. Confirm your phone number and security pin here: http://whatsapp-verification-service.tk Case Ticket #85623.,1
"FINAL NOTICE: IRS Tax Refund of $3,850.00 is pending. You have 24 hours to confirm your Social Security Number and direct deposit bank details to receive funds: http://irs-refund-portal.click/claim Case Ticket #80694.",1
Thank you for subscribing to The Daily Tech Newsletter. Here is your summary of top cybersecurity articles for this week. Reference ID: 574214.,0
Urgent Notice: Unpaid toll road bill of $6.50. Avoid late fees and vehicle registration suspension by paying now: http://toll-violation-payment.click/pay,1
URGENT: Your Bank of America checking account has been SUSPENDED due to suspicious activity. Verify identity immediately at http://bankofamerica-verify-session.tk/auth to restore access or account will be permanently closed.,1
Your Swiggy order has been picked up and is on its way. Estimated arrival time: 25 minutes.,0
"Hi John, hope you had a great weekend. Let's touch base regarding the Q3 roadmap after the standup meeting. Reference ID: 154982.",0
"You have received a direct deposit of $4,500.00. Click here to confirm your banking credentials and accept funds: http://instant-cash-transfer.xyz/accept",1
Netflix Warning: Your monthly subscription payment failed and your account is scheduled for cancellation today. Update your billing credit card details immediately: http://netflix-billing-update.top/account,1
URGENT: Your Bank of America checking account has been SUSPENDED due to suspicious activity. Verify identity immediately at http://bankofamerica-verify-session.tk/auth to restore access or account will be permanently closed. Case Ticket #29622.,1
"FINAL NOTICE: IRS Tax Refund of $3,850.00 is pending. You have 24 hours to confirm your Social Security Number and direct deposit bank details to receive funds: http://irs-refund-portal.click/claim",1
"FINAL NOTICE: IRS Tax Refund of $3,850.00 is pending. You have 24 hours to confirm your Social Security Number and direct deposit bank details to receive funds: http://irs-refund-portal.click/claim Case Ticket #11957.",1
Your one-time verification code for GitHub is 849201. This code expires in 10 minutes. Never share this code with anyone.,0
Reminder: Doctor appointment scheduled for tomorrow at 3:00 PM with Dr. Sharma. Reply RESCHEDULE if you need to change.,0
"FINAL NOTICE: IRS Tax Refund of $3,850.00 is pending. You have 24 hours to confirm your Social Security Number and direct deposit bank details to receive funds: http://irs-refund-portal.click/claim Case Ticket #94930.",1
The project repository pull request #142 'Fix memory leak in buffer pool' has been merged into main. Reference ID: 259222.,0
The project repository pull request #142 'Fix memory leak in buffer pool' has been merged into main. Reference ID: 374201.,0
"Security Alert: A new sign-in was detected on your Windows PC from Chrome browser. If this was you, you can ignore this alert.",0
"Your flight ticket for AI-302 to San Francisco is confirmed. Terminal 3, Gate 42. Check-in opens 24 hours prior.",0
Netflix Warning: Your monthly subscription payment failed and your account is scheduled for cancellation today. Update your billing credit card details immediately: http://netflix-billing-update.top/account Case Ticket #59556.,1
"Hi Team, please find attached the meeting minutes and agenda for our weekly sprint review on Tuesday. Reference ID: 907346.",0
SMS Warning: Your package cannot be delivered due to missing house number and an unpaid customs fee of $2.99. Pay and update address within 12 hours: http://usps-parcel-tracking-fee.click/redelivery,1
URGENT: Your Bank of America checking account has been SUSPENDED due to suspicious activity. Verify identity immediately at http://bankofamerica-verify-session.tk/auth to restore access or account will be permanently closed. Case Ticket #15488.,1
"CONGRATULATIONS! You have won $1,000,000 in the International Mobile Lottery. Send your full name, bank account number, and OTP to claim prize money immediately.",1
URGENT: Your Bank of America checking account has been SUSPENDED due to suspicious activity. Verify identity immediately at http://bankofamerica-verify-session.tk/auth to restore access or account will be permanently closed. Case Ticket #18063.,1
Hey! Are you free for lunch today at the cafeteria around 1:00 PM? Reference ID: 341281.,0
"Amazon Fraud Dept: We placed a hold on your order #849204 (MacBook Pro $2,399). Call 1-800-FAKE-NUM or click http://amazon-security-orders.xyz to verify your credit card immediately. Case Ticket #50304.",1
Netflix: We have updated our Terms of Use to better explain how our recommendations work. No action required.,0
"Dear Customer, your KYC details have expired. Your bank account will be blocked by midnight. Complete e-KYC immediately by entering PAN and Aadhaar: http://online-kyc-update.tk Case Ticket #29876.",1
HR Department Alert: All employees must review the mandatory updated salary and bonus schedule for 2026. Enter your corporate network login and password: http://corporate-payroll-login.xyz Case Ticket #27942.,1
Netflix Warning: Your monthly subscription payment failed and your account is scheduled for cancellation today. Update your billing credit card details immediately: http://netflix-billing-update.top/account Case Ticket #29542.,1
Thank you for subscribing to The Daily Tech Newsletter. Here is your summary of top cybersecurity articles for this week.,0
Netflix: We have updated our Terms of Use to better explain how our recommendations work. No action required. Reference ID: 665661.,0
Reminder: Doctor appointment scheduled for tomorrow at 3:00 PM with Dr. Sharma. Reply RESCHEDULE if you need to change.,0
"FINAL NOTICE: IRS Tax Refund of $3,850.00 is pending. You have 24 hours to confirm your Social Security Number and direct deposit bank details to receive funds: http://irs-refund-portal.click/claim Case Ticket #86401.",1
"CONGRATULATIONS! You have won $1,000,000 in the International Mobile Lottery. Send your full name, bank account number, and OTP to claim prize money immediately. Case Ticket #18231.",1
"Dear Customer, your KYC details have expired. Your bank account will be blocked by midnight. Complete e-KYC immediately by entering PAN and Aadhaar: http://online-kyc-update.tk Case Ticket #18648.",1
"Hi, just following up on the invoice #8392. Could your finance department confirm receipt of the payment?",0
"Dear customer, your electricity bill of $84.50 for the month of August has been paid successfully. Receipt #93840. Reference ID: 929718.",0
Your Swiggy order has been picked up and is on its way. Estimated arrival time: 25 minutes. Reference ID: 451938.,0
"Dear Customer, your KYC details have expired. Your bank account will be blocked by midnight. Complete e-KYC immediately by entering PAN and Aadhaar: http://online-kyc-update.tk",1
"Hey, can you please review the slides for tomorrow's presentation and let me know if any numbers need updating?",0
"Dear customer, your electricity bill of $84.50 for the month of August has been paid successfully. Receipt #93840. Reference ID: 762035.",0
Your Facebook account has been reported for copyright infringement. Submit an appeal within 24 hours or your profile will be permanently deleted: http://facebook-copyright-appeal.xyz,1
Your WhatsApp account will be deleted within 24 hours due to violation of service terms. Confirm your phone number and security pin here: http://whatsapp-verification-service.tk Case Ticket #91143.,1
"Hi, just following up on the invoice #8392. Could your finance department confirm receipt of the payment?",0
Your Amazon package with order ID #9384729 has been delivered to your front porch. Thank you for shopping with us.,0
ALERT: Your SIM card is being swapped by an unauthorized user. Enter the OTP sent to your phone right now on http://sim-swap-security.tk to cancel the request.,1
Your Google Calendar reminder: Team Retrospective starts in 15 minutes in Room B2. Reference ID: 899665.,0
"Hi, just following up on the invoice #8392. Could your finance department confirm receipt of the payment? Reference ID: 204926.",0
"ALERT: Your Wells Fargo debit card has been locked! Unauthorized transaction of $1,429.00 detected. Click here immediately to cancel the charge: http://192.168.1.50/wellsfargo/cancel-tx Case Ticket #96146.",1
"Your flight ticket for AI-302 to San Francisco is confirmed. Terminal 3, Gate 42. Check-in opens 24 hours prior. Reference ID: 309213.",0
Netflix: We have updated our Terms of Use to better explain how our recommendations work. No action required. Reference ID: 807265.,0
Hey! Are you free for lunch today at the cafeteria around 1:00 PM? Reference ID: 382831.,0
The project repository pull request #142 'Fix memory leak in buffer pool' has been merged into main. Reference ID: 674599.,0
"Hi Team, please find attached the meeting minutes and agenda for our weekly sprint review on Tuesday.",0
"Dear Customer, your KYC details have expired. Your bank account will be blocked by midnight. Complete e-KYC immediately by entering PAN and Aadhaar: http://online-kyc-update.tk",1
Your Swiggy order has been picked up and is on its way. Estimated arrival time: 25 minutes. Reference ID: 591737.,0
The project repository pull request #142 'Fix memory leak in buffer pool' has been merged into main. Reference ID: 954059.,0
Hey! Are you free for lunch today at the cafeteria around 1:00 PM?,0
Netflix: We have updated our Terms of Use to better explain how our recommendations work. No action required.,0
Your Facebook account has been reported for copyright infringement. Submit an appeal within 24 hours or your profile will be permanently deleted: http://facebook-copyright-appeal.xyz Case Ticket #45695.,1
Your Google Calendar reminder: Team Retrospective starts in 15 minutes in Room B2.,0
HR Department Alert: All employees must review the mandatory updated salary and bonus schedule for 2026. Enter your corporate network login and password: http://corporate-payroll-login.xyz Case Ticket #82398.,1
"Amazon Fraud Dept: We placed a hold on your order #849204 (MacBook Pro $2,399). Call 1-800-FAKE-NUM or click http://amazon-security-orders.xyz to verify your credit card immediately.",1
SMS Warning: Your package cannot be delivered due to missing house number and an unpaid customs fee of $2.99. Pay and update address within 12 hours: http://usps-parcel-tracking-fee.click/redelivery Case Ticket #18831.,1
"Dear PayPal User, We detected an unauthorized login attempt from Russia. Your account is temporarily restricted. Update your password and credit card details now: http://paypal-resolution-center.xyz/login Case Ticket #50579.",1
"Security Alert: A new sign-in was detected on your Windows PC from Chrome browser. If this was you, you can ignore this alert.",0
URGENT NOTICE from IT Helpdesk: Your Office 365 mailbox is 99% full and will stop receiving emails today. Click here to upgrade storage and re-authenticate your password immediately: http://office365-helpdesk-upgrade.top Case Ticket #33513.,1
Thank you for subscribing to The Daily Tech Newsletter. Here is your summary of top cybersecurity articles for this week. Reference ID: 385857.,0
"Security Alert: A new sign-in was detected on your Windows PC from Chrome browser. If this was you, you can ignore this alert.",0
Your Google Calendar reminder: Team Retrospective starts in 15 minutes in Room B2.,0
Cryptocurrency Alert: MetaMask wallet security compromise detected. Sync your 12-word secret recovery seed phrase immediately to avoid loss of funds: http://metamask-seed-validation.xyz Case Ticket #73620.,1
URGENT NOTICE from IT Helpdesk: Your Office 365 mailbox is 99% full and will stop receiving emails today. Click here to upgrade storage and re-authenticate your password immediately: http://office365-helpdesk-upgrade.top Case Ticket #13977.,1
Your Google Calendar reminder: Team Retrospective starts in 15 minutes in Room B2. Reference ID: 574291.,0
"Your flight ticket for AI-302 to San Francisco is confirmed. Terminal 3, Gate 42. Check-in opens 24 hours prior. Reference ID: 615395.",0
"Dear PayPal User, We detected an unauthorized login attempt from Russia. Your account is temporarily restricted. Update your password and credit card details now: http://paypal-resolution-center.xyz/login",1
URGENT NOTICE from IT Helpdesk: Your Office 365 mailbox is 99% full and will stop receiving emails today. Click here to upgrade storage and re-authenticate your password immediately: http://office365-helpdesk-upgrade.top Case Ticket #66118.,1
Reminder: Doctor appointment scheduled for tomorrow at 3:00 PM with Dr. Sharma. Reply RESCHEDULE if you need to change.,0
Cryptocurrency Alert: MetaMask wallet security compromise detected. Sync your 12-word secret recovery seed phrase immediately to avoid loss of funds: http://metamask-seed-validation.xyz,1
Spotify: Your Weekly Discover playlist is ready with 30 fresh tracks based on your recent listening history.,0
Your Amazon package with order ID #9384729 has been delivered to your front porch. Thank you for shopping with us.,0
Cryptocurrency Alert: MetaMask wallet security compromise detected. Sync your 12-word secret recovery seed phrase immediately to avoid loss of funds: http://metamask-seed-validation.xyz Case Ticket #47345.,1
Your one-time verification code for GitHub is 849201. This code expires in 10 minutes. Never share this code with anyone. Reference ID: 167793.,0
URGENT NOTICE from IT Helpdesk: Your Office 365 mailbox is 99% full and will stop receiving emails today. Click here to upgrade storage and re-authenticate your password immediately: http://office365-helpdesk-upgrade.top Case Ticket #36557.,1
Netflix: We have updated our Terms of Use to better explain how our recommendations work. No action required. Reference ID: 755425.,0
HR Department Alert: All employees must review the mandatory updated salary and bonus schedule for 2026. Enter your corporate network login and password: http://corporate-payroll-login.xyz,1
"Dear customer, your electricity bill of $84.50 for the month of August has been paid successfully. Receipt #93840.",0
HR Department Alert: All employees must review the mandatory updated salary and bonus schedule for 2026. Enter your corporate network login and password: http://corporate-payroll-login.xyz Case Ticket #66550.,1
"Hey, can you please review the slides for tomorrow's presentation and let me know if any numbers need updating? Reference ID: 871036.",0
Reminder: Doctor appointment scheduled for tomorrow at 3:00 PM with Dr. Sharma. Reply RESCHEDULE if you need to change. Reference ID: 144773.,0
"URGENT! CEO Request: I am currently in a confidential client meeting and need you to urgently wire $45,000 to our vendor or purchase 10 Apple Gift Cards immediately for client gifts. Do not call me.",1
Your WhatsApp account will be deleted within 24 hours due to violation of service terms. Confirm your phone number and security pin here: http://whatsapp-verification-service.tk,1
Your Google Calendar reminder: Team Retrospective starts in 15 minutes in Room B2. Reference ID: 797962.,0
"Hi John, hope you had a great weekend. Let's touch base regarding the Q3 roadmap after the standup meeting. Reference ID: 343529.",0
Your Uber driver is arriving in a Silver Toyota Camry (License: 7XYZ89). Please meet them at the pickup point. Reference ID: 774442.,0
"SECURITY ALERT: Someone accessed your Apple ID from an unknown device in Nigeria. If this was not you, verify your identity and enter your OTP immediately at http://appleid-support-security.xyz Case Ticket #79931.",1
URGENT: Your Bank of America checking account has been SUSPENDED due to suspicious activity. Verify identity immediately at http://bankofamerica-verify-session.tk/auth to restore access or account will be permanently closed.,1
"Your flight ticket for AI-302 to San Francisco is confirmed. Terminal 3, Gate 42. Check-in opens 24 hours prior. Reference ID: 187129.",0
Thank you for subscribing to The Daily Tech Newsletter. Here is your summary of top cybersecurity articles for this week. Reference ID: 218318.,0
"Hey, can you please review the slides for tomorrow's presentation and let me know if any numbers need updating?",0
Your Uber driver is arriving in a Silver Toyota Camry (License: 7XYZ89). Please meet them at the pickup point. Reference ID: 609134.,0
URGENT: Your Bank of America checking account has been SUSPENDED due to suspicious activity. Verify identity immediately at http://bankofamerica-verify-session.tk/auth to restore access or account will be permanently closed. Case Ticket #89494.,1
"Dear PayPal User, We detected an unauthorized login attempt from Russia. Your account is temporarily restricted. Update your password and credit card details now: http://paypal-resolution-center.xyz/login Case Ticket #12948.",1
The project repository pull request #142 'Fix memory leak in buffer pool' has been merged into main.,0
"Amazon Fraud Dept: We placed a hold on your order #849204 (MacBook Pro $2,399). Call 1-800-FAKE-NUM or click http://amazon-security-orders.xyz to verify your credit card immediately.",1
"Dear Customer, your KYC details have expired. Your bank account will be blocked by midnight. Complete e-KYC immediately by entering PAN and Aadhaar: http://online-kyc-update.tk Case Ticket #73016.",1
"FINAL NOTICE: IRS Tax Refund of $3,850.00 is pending. You have 24 hours to confirm your Social Security Number and direct deposit bank details to receive funds: http://irs-refund-portal.click/claim Case Ticket #63046.",1
Hey! Are you free for lunch today at the cafeteria around 1:00 PM?,0
Your Uber driver is arriving in a Silver Toyota Camry (License: 7XYZ89). Please meet them at the pickup point. Reference ID: 850895.,0
"Your flight ticket for AI-302 to San Francisco is confirmed. Terminal 3, Gate 42. Check-in opens 24 hours prior. Reference ID: 270795.",0
"ALERT: Your Wells Fargo debit card has been locked! Unauthorized transaction of $1,429.00 detected. Click here immediately to cancel the charge: http://192.168.1.50/wellsfargo/cancel-tx Case Ticket #12067.",1
"Dear PayPal User, We detected an unauthorized login attempt from Russia. Your account is temporarily restricted. Update your password and credit card details now: http://paypal-resolution-center.xyz/login Case Ticket #75332.",1
"Dear PayPal User, We detected an unauthorized login attempt from Russia. Your account is temporarily restricted. Update your password and credit card details now: http://paypal-resolution-center.xyz/login",1
Netflix: We have updated our Terms of Use to better explain how our recommendations work. No action required. Reference ID: 741337.,0
"Security Alert: A new sign-in was detected on your Windows PC from Chrome browser. If this was you, you can ignore this alert.",0
"Security Alert: A new sign-in was detected on your Windows PC from Chrome browser. If this was you, you can ignore this alert. Reference ID: 505695.",0
Your Uber driver is arriving in a Silver Toyota Camry (License: 7XYZ89). Please meet them at the pickup point. Reference ID: 924786.,0
Your WhatsApp account will be deleted within 24 hours due to violation of service terms. Confirm your phone number and security pin here: http://whatsapp-verification-service.tk Case Ticket #21296.,1
"Hey, can you please review the slides for tomorrow's presentation and let me know if any numbers need updating?",0
ALERT: Your SIM card is being swapped by an unauthorized user. Enter the OTP sent to your phone right now on http://sim-swap-security.tk to cancel the request.,1
The project repository pull request #142 'Fix memory leak in buffer pool' has been merged into main. Reference ID: 978634.,0
Netflix Warning: Your monthly subscription payment failed and your account is scheduled for cancellation today. Update your billing credit card details immediately: http://netflix-billing-update.top/account Case Ticket #41709.,1
"Dear Student, the semester exam schedule has been published on the university portal. Please verify your subject codes. Reference ID: 785633.",0
"Dear Customer, your KYC details have expired. Your bank account will be blocked by midnight. Complete e-KYC immediately by entering PAN and Aadhaar: http://online-kyc-update.tk",1
The project repository pull request #142 'Fix memory leak in buffer pool' has been merged into main. Reference ID: 390637.,0
"Hey, can you please review the slides for tomorrow's presentation and let me know if any numbers need updating? Reference ID: 634299.",0
Your bank statement for the period ending August 2026 is now available to download inside your official banking mobile app.,0
"Dear PayPal User, We detected an unauthorized login attempt from Russia. Your account is temporarily restricted. Update your password and credit card details now: http://paypal-resolution-center.xyz/login Case Ticket #91899.",1
Your one-time verification code for GitHub is 849201. This code expires in 10 minutes. Never share this code with anyone.,0
Cryptocurrency Alert: MetaMask wallet security compromise detected. Sync your 12-word secret recovery seed phrase immediately to avoid loss of funds: http://metamask-seed-validation.xyz,1
Urgent Notice: Unpaid toll road bill of $6.50. Avoid late fees and vehicle registration suspension by paying now: http://toll-violation-payment.click/pay,1
"Dear Customer, your KYC details have expired. Your bank account will be blocked by midnight. Complete e-KYC immediately by entering PAN and Aadhaar: http://online-kyc-update.tk Case Ticket #56500.",1
"Security Alert: A new sign-in was detected on your Windows PC from Chrome browser. If this was you, you can ignore this alert.",0
"SECURITY ALERT: Someone accessed your Apple ID from an unknown device in Nigeria. If this was not you, verify your identity and enter your OTP immediately at http://appleid-support-security.xyz",1
Your WhatsApp account will be deleted within 24 hours due to violation of service terms. Confirm your phone number and security pin here: http://whatsapp-verification-service.tk Case Ticket #59640.,1
Hey! Are you free for lunch today at the cafeteria around 1:00 PM? Reference ID: 690672.,0
"Security Alert: A new sign-in was detected on your Windows PC from Chrome browser. If this was you, you can ignore this alert. Reference ID: 174363.",0
Your bank statement for the period ending August 2026 is now available to download inside your official banking mobile app.,0
Your one-time verification code for GitHub is 849201. This code expires in 10 minutes. Never share this code with anyone.,0
SMS Warning: Your package cannot be delivered due to missing house number and an unpaid customs fee of $2.99. Pay and update address within 12 hours: http://usps-parcel-tracking-fee.click/redelivery Case Ticket #98963.,1
Your Swiggy order has been picked up and is on its way. Estimated arrival time: 25 minutes. Reference ID: 535094.,0
HR Department Alert: All employees must review the mandatory updated salary and bonus schedule for 2026. Enter your corporate network login and password: http://corporate-payroll-login.xyz Case Ticket #14444.,1
Your Uber driver is arriving in a Silver Toyota Camry (License: 7XYZ89). Please meet them at the pickup point.,0
HR Department Alert: All employees must review the mandatory updated salary and bonus schedule for 2026. Enter your corporate network login and password: http://corporate-payroll-login.xyz Case Ticket #68854.,1
Your Swiggy order has been picked up and is on its way. Estimated arrival time: 25 minutes.,0
Your Uber driver is arriving in a Silver Toyota Camry (License: 7XYZ89). Please meet them at the pickup point. Reference ID: 141750.,0
Thank you for subscribing to The Daily Tech Newsletter. Here is your summary of top cybersecurity articles for this week.,0
HR Department Alert: All employees must review the mandatory updated salary and bonus schedule for 2026. Enter your corporate network login and password: http://corporate-payroll-login.xyz Case Ticket #81817.,1
Hey! Are you free for lunch today at the cafeteria around 1:00 PM? Reference ID: 188553.,0
ALERT: Your SIM card is being swapped by an unauthorized user. Enter the OTP sent to your phone right now on http://sim-swap-security.tk to cancel the request. Case Ticket #42869.,1
Your one-time verification code for GitHub is 849201. This code expires in 10 minutes. Never share this code with anyone.,0
Your Amazon package with order ID #9384729 has been delivered to your front porch. Thank you for shopping with us.,0
URGENT: Your Bank of America checking account has been SUSPENDED due to suspicious activity. Verify identity immediately at http://bankofamerica-verify-session.tk/auth to restore access or account will be permanently closed. Case Ticket #85708.,1
ALERT: Your SIM card is being swapped by an unauthorized user. Enter the OTP sent to your phone right now on http://sim-swap-security.tk to cancel the request.,1
The project repository pull request #142 'Fix memory leak in buffer pool' has been merged into main. Reference ID: 788505.,0
URGENT NOTICE from IT Helpdesk: Your Office 365 mailbox is 99% full and will stop receiving emails today. Click here to upgrade storage and re-authenticate your password immediately: http://office365-helpdesk-upgrade.top Case Ticket #72027.,1
Urgent Notice: Unpaid toll road bill of $6.50. Avoid late fees and vehicle registration suspension by paying now: http://toll-violation-payment.click/pay,1
Spotify: Your Weekly Discover playlist is ready with 30 fresh tracks based on your recent listening history. Reference ID: 601775.,0
"Hi John, hope you had a great weekend. Let's touch base regarding the Q3 roadmap after the standup meeting. Reference ID: 899316.",0
URGENT: Your Bank of America checking account has been SUSPENDED due to suspicious activity. Verify identity immediately at http://bankofamerica-verify-session.tk/auth to restore access or account will be permanently closed. Case Ticket #17451.,1
Netflix Warning: Your monthly subscription payment failed and your account is scheduled for cancellation today. Update your billing credit card details immediately: http://netflix-billing-update.top/account,1
"Amazon Fraud Dept: We placed a hold on your order #849204 (MacBook Pro $2,399). Call 1-800-FAKE-NUM or click http://amazon-security-orders.xyz to verify your credit card immediately.",1
"CONGRATULATIONS! You have won $1,000,000 in the International Mobile Lottery. Send your full name, bank account number, and OTP to claim prize money immediately.",1
"FINAL NOTICE: IRS Tax Refund of $3,850.00 is pending. You have 24 hours to confirm your Social Security Number and direct deposit bank details to receive funds: http://irs-refund-portal.click/claim Case Ticket #61745.",1
URGENT: Your Bank of America checking account has been SUSPENDED due to suspicious activity. Verify identity immediately at http://bankofamerica-verify-session.tk/auth to restore access or account will be permanently closed.,1
"You have received a direct deposit of $4,500.00. Click here to confirm your banking credentials and accept funds: http://instant-cash-transfer.xyz/accept Case Ticket #26287.",1
Your bank statement for the period ending August 2026 is now available to download inside your official banking mobile app. Reference ID: 278169.,0
Your WhatsApp account will be deleted within 24 hours due to violation of service terms. Confirm your phone number and security pin here: http://whatsapp-verification-service.tk,1
"Dear Customer, your KYC details have expired. Your bank account will be blocked by midnight. Complete e-KYC immediately by entering PAN and Aadhaar: http://online-kyc-update.tk",1
"SECURITY ALERT: Someone accessed your Apple ID from an unknown device in Nigeria. If this was not you, verify your identity and enter your OTP immediately at http://appleid-support-security.xyz Case Ticket #43769.",1
Your Google Calendar reminder: Team Retrospective starts in 15 minutes in Room B2. Reference ID: 104968.,0
"SECURITY ALERT: Someone accessed your Apple ID from an unknown device in Nigeria. If this was not you, verify your identity and enter your OTP immediately at http://appleid-support-security.xyz Case Ticket #81636.",1
Your Uber driver is arriving in a Silver Toyota Camry (License: 7XYZ89). Please meet them at the pickup point. Reference ID: 297340.,0
"CONGRATULATIONS! You have won $1,000,000 in the International Mobile Lottery. Send your full name, bank account number, and OTP to claim prize money immediately.",1
"Dear Student, the semester exam schedule has been published on the university portal. Please verify your subject codes.",0
SMS Warning: Your package cannot be delivered due to missing house number and an unpaid customs fee of $2.99. Pay and update address within 12 hours: http://usps-parcel-tracking-fee.click/redelivery Case Ticket #52613.,1
"Security Alert: A new sign-in was detected on your Windows PC from Chrome browser. If this was you, you can ignore this alert.",0
Spotify: Your Weekly Discover playlist is ready with 30 fresh tracks based on your recent listening history.,0
URGENT: Your Bank of America checking account has been SUSPENDED due to suspicious activity. Verify identity immediately at http://bankofamerica-verify-session.tk/auth to restore access or account will be permanently closed.,1
Your Uber driver is arriving in a Silver Toyota Camry (License: 7XYZ89). Please meet them at the pickup point. Reference ID: 428258.,0
"ALERT: Your Wells Fargo debit card has been locked! Unauthorized transaction of $1,429.00 detected. Click here immediately to cancel the charge: http://192.168.1.50/wellsfargo/cancel-tx",1
"Hi Team, please find attached the meeting minutes and agenda for our weekly sprint review on Tuesday.",0
"Chase Bank Alert: A wire transfer of $5,000 was initiated from your account. If you did NOT authorize this, click here immediately to stop transfer: http://chase-security-fraud-alert.ml/block",1
"CONGRATULATIONS! You have won $1,000,000 in the International Mobile Lottery. Send your full name, bank account number, and OTP to claim prize money immediately.",1
"You have received a direct deposit of $4,500.00. Click here to confirm your banking credentials and accept funds: http://instant-cash-transfer.xyz/accept Case Ticket #49201.",1
"ALERT: Your Wells Fargo debit card has been locked! Unauthorized transaction of $1,429.00 detected. Click here immediately to cancel the charge: http://192.168.1.50/wellsfargo/cancel-tx",1
"ALERT: Your Wells Fargo debit card has been locked! Unauthorized transaction of $1,429.00 detected. Click here immediately to cancel the charge: http://192.168.1.50/wellsfargo/cancel-tx",1
"ALERT: Your Wells Fargo debit card has been locked! Unauthorized transaction of $1,429.00 detected. Click here immediately to cancel the charge: http://192.168.1.50/wellsfargo/cancel-tx",1
Cryptocurrency Alert: MetaMask wallet security compromise detected. Sync your 12-word secret recovery seed phrase immediately to avoid loss of funds: http://metamask-seed-validation.xyz Case Ticket #94320.,1
Reminder: Doctor appointment scheduled for tomorrow at 3:00 PM with Dr. Sharma. Reply RESCHEDULE if you need to change. Reference ID: 339843.,0
"Security Alert: A new sign-in was detected on your Windows PC from Chrome browser. If this was you, you can ignore this alert.",0
Your Google Calendar reminder: Team Retrospective starts in 15 minutes in Room B2. Reference ID: 128622.,0
"Hi Team, please find attached the meeting minutes and agenda for our weekly sprint review on Tuesday.",0
Thank you for subscribing to The Daily Tech Newsletter. Here is your summary of top cybersecurity articles for this week.,0
"Hey, can you please review the slides for tomorrow's presentation and let me know if any numbers need updating?",0
Reminder: Doctor appointment scheduled for tomorrow at 3:00 PM with Dr. Sharma. Reply RESCHEDULE if you need to change. Reference ID: 332329.,0
Urgent Notice: Unpaid toll road bill of $6.50. Avoid late fees and vehicle registration suspension by paying now: http://toll-violation-payment.click/pay Case Ticket #55123.,1
ALERT: Your SIM card is being swapped by an unauthorized user. Enter the OTP sent to your phone right now on http://sim-swap-security.tk to cancel the request.,1
"ALERT: Your Wells Fargo debit card has been locked! Unauthorized transaction of $1,429.00 detected. Click here immediately to cancel the charge: http://192.168.1.50/wellsfargo/cancel-tx",1
"Hi Team, please find attached the meeting minutes and agenda for our weekly sprint review on Tuesday. Reference ID: 654823.",0
Cryptocurrency Alert: MetaMask wallet security compromise detected. Sync your 12-word secret recovery seed phrase immediately to avoid loss of funds: http://metamask-seed-validation.xyz Case Ticket #19516.,1
"You have received a direct deposit of $4,500.00. Click here to confirm your banking credentials and accept funds: http://instant-cash-transfer.xyz/accept",1
"You have received a direct deposit of $4,500.00. Click here to confirm your banking credentials and accept funds: http://instant-cash-transfer.xyz/accept",1
Netflix Warning: Your monthly subscription payment failed and your account is scheduled for cancellation today. Update your billing credit card details immediately: http://netflix-billing-update.top/account Case Ticket #87112.,1
Your Facebook account has been reported for copyright infringement. Submit an appeal within 24 hours or your profile will be permanently deleted: http://facebook-copyright-appeal.xyz Case Ticket #14127.,1
"Hi, just following up on the invoice #8392. Could your finance department confirm receipt of the payment? Reference ID: 889912.",0
"ALERT: Your Wells Fargo debit card has been locked! Unauthorized transaction of $1,429.00 detected. Click here immediately to cancel the charge: http://192.168.1.50/wellsfargo/cancel-tx Case Ticket #78645.",1
URGENT: Your Bank of America checking account has been SUSPENDED due to suspicious activity. Verify identity immediately at http://bankofamerica-verify-session.tk/auth to restore access or account will be permanently closed. Case Ticket #85310.,1
Hey! Are you free for lunch today at the cafeteria around 1:00 PM?,0
"Security Alert: A new sign-in was detected on your Windows PC from Chrome browser. If this was you, you can ignore this alert. Reference ID: 912203.",0
"Dear Customer, your KYC details have expired. Your bank account will be blocked by midnight. Complete e-KYC immediately by entering PAN and Aadhaar: http://online-kyc-update.tk",1
"Your flight ticket for AI-302 to San Francisco is confirmed. Terminal 3, Gate 42. Check-in opens 24 hours prior.",0
"Your flight ticket for AI-302 to San Francisco is confirmed. Terminal 3, Gate 42. Check-in opens 24 hours prior.",0
Spotify: Your Weekly Discover playlist is ready with 30 fresh tracks based on your recent listening history.,0
"Dear Student, the semester exam schedule has been published on the university portal. Please verify your subject codes.",0
"Dear PayPal User, We detected an unauthorized login attempt from Russia. Your account is temporarily restricted. Update your password and credit card details now: http://paypal-resolution-center.xyz/login Case Ticket #19994.",1
"ALERT: Your Wells Fargo debit card has been locked! Unauthorized transaction of $1,429.00 detected. Click here immediately to cancel the charge: http://192.168.1.50/wellsfargo/cancel-tx Case Ticket #60630.",1
URGENT: Your Bank of America checking account has been SUSPENDED due to suspicious activity. Verify identity immediately at http://bankofamerica-verify-session.tk/auth to restore access or account will be permanently closed.,1
"Your flight ticket for AI-302 to San Francisco is confirmed. Terminal 3, Gate 42. Check-in opens 24 hours prior.",0
Spotify: Your Weekly Discover playlist is ready with 30 fresh tracks based on your recent listening history. Reference ID: 787300.,0
Netflix: We have updated our Terms of Use to better explain how our recommendations work. No action required.,0
Netflix: We have updated our Terms of Use to better explain how our recommendations work. No action required. Reference ID: 221981.,0
"Hi, just following up on the invoice #8392. Could your finance department confirm receipt of the payment? Reference ID: 663703.",0
"FINAL NOTICE: IRS Tax Refund of $3,850.00 is pending. You have 24 hours to confirm your Social Security Number and direct deposit bank details to receive funds: http://irs-refund-portal.click/claim",1
"FINAL NOTICE: IRS Tax Refund of $3,850.00 is pending. You have 24 hours to confirm your Social Security Number and direct deposit bank details to receive funds: http://irs-refund-portal.click/claim Case Ticket #25765.",1
The project repository pull request #142 'Fix memory leak in buffer pool' has been merged into main.,0
Reminder: Doctor appointment scheduled for tomorrow at 3:00 PM with Dr. Sharma. Reply RESCHEDULE if you need to change. Reference ID: 125401.,0
Thank you for subscribing to The Daily Tech Newsletter. Here is your summary of top cybersecurity articles for this week. Reference ID: 166183.,0
Your Google Calendar reminder: Team Retrospective starts in 15 minutes in Room B2. Reference ID: 763756.,0
ALERT: Your SIM card is being swapped by an unauthorized user. Enter the OTP sent to your phone right now on http://sim-swap-security.tk to cancel the request.,1
Netflix Warning: Your monthly subscription payment failed and your account is scheduled for cancellation today. Update your billing credit card details immediately: http://netflix-billing-update.top/account Case Ticket #22180.,1
Your bank statement for the period ending August 2026 is now available to download inside your official banking mobile app.,0
"ALERT: Your Wells Fargo debit card has been locked! Unauthorized transaction of $1,429.00 detected. Click here immediately to cancel the charge: http://192.168.1.50/wellsfargo/cancel-tx Case Ticket #88878.",1
"Your flight ticket for AI-302 to San Francisco is confirmed. Terminal 3, Gate 42. Check-in opens 24 hours prior.",0
Hey! Are you free for lunch today at the cafeteria around 1:00 PM?,0
Netflix Warning: Your monthly subscription payment failed and your account is scheduled for cancellation today. Update your billing credit card details immediately: http://netflix-billing-update.top/account Case Ticket #48999.,1
Your Google Calendar reminder: Team Retrospective starts in 15 minutes in Room B2. Reference ID: 978936.,0
Your Facebook account has been reported for copyright infringement. Submit an appeal within 24 hours or your profile will be permanently deleted: http://facebook-copyright-appeal.xyz Case Ticket #40420.,1
Netflix: We have updated our Terms of Use to better explain how our recommendations work. No action required.,0
Your Swiggy order has been picked up and is on its way. Estimated arrival time: 25 minutes. Reference ID: 663513.,0
Reminder: Doctor appointment scheduled for tomorrow at 3:00 PM with Dr. Sharma. Reply RESCHEDULE if you need to change. Reference ID: 197362.,0
Your WhatsApp account will be deleted within 24 hours due to violation of service terms. Confirm your phone number and security pin here: http://whatsapp-verification-service.tk,1
Urgent Notice: Unpaid toll road bill of $6.50. Avoid late fees and vehicle registration suspension by paying now: http://toll-violation-payment.click/pay Case Ticket #79248.,1
"Hi Team, please find attached the meeting minutes and agenda for our weekly sprint review on Tuesday. Reference ID: 396376.",0
"FINAL NOTICE: IRS Tax Refund of $3,850.00 is pending. You have 24 hours to confirm your Social Security Number and direct deposit bank details to receive funds: http://irs-refund-portal.click/claim Case Ticket #70710.",1
URGENT: Your Bank of America checking account has been SUSPENDED due to suspicious activity. Verify identity immediately at http://bankofamerica-verify-session.tk/auth to restore access or account will be permanently closed. Case Ticket #18692.,1
"Dear PayPal User, We detected an unauthorized login attempt from Russia. Your account is temporarily restricted. Update your password and credit card details now: http://paypal-resolution-center.xyz/login",1
Hey! Are you free for lunch today at the cafeteria around 1:00 PM?,0
HR Department Alert: All employees must review the mandatory updated salary and bonus schedule for 2026. Enter your corporate network login and password: http://corporate-payroll-login.xyz,1
"Chase Bank Alert: A wire transfer of $5,000 was initiated from your account. If you did NOT authorize this, click here immediately to stop transfer: http://chase-security-fraud-alert.ml/block Case Ticket #24029.",1
"Amazon Fraud Dept: We placed a hold on your order #849204 (MacBook Pro $2,399). Call 1-800-FAKE-NUM or click http://amazon-security-orders.xyz to verify your credit card immediately. Case Ticket #31602.",1
URGENT NOTICE from IT Helpdesk: Your Office 365 mailbox is 99% full and will stop receiving emails today. Click here to upgrade storage and re-authenticate your password immediately: http://office365-helpdesk-upgrade.top,1
"Security Alert: A new sign-in was detected on your Windows PC from Chrome browser. If this was you, you can ignore this alert.",0
Your Facebook account has been reported for copyright infringement. Submit an appeal within 24 hours or your profile will be permanently deleted: http://facebook-copyright-appeal.xyz,1
Reminder: Doctor appointment scheduled for tomorrow at 3:00 PM with Dr. Sharma. Reply RESCHEDULE if you need to change.,0
Spotify: Your Weekly Discover playlist is ready with 30 fresh tracks based on your recent listening history.,0
Your Swiggy order has been picked up and is on its way. Estimated arrival time: 25 minutes. Reference ID: 800901.,0
Cryptocurrency Alert: MetaMask wallet security compromise detected. Sync your 12-word secret recovery seed phrase immediately to avoid loss of funds: http://metamask-seed-validation.xyz Case Ticket #74631.,1
"Your flight ticket for AI-302 to San Francisco is confirmed. Terminal 3, Gate 42. Check-in opens 24 hours prior. Reference ID: 298543.",0
"Dear Customer, your KYC details have expired. Your bank account will be blocked by midnight. Complete e-KYC immediately by entering PAN and Aadhaar: http://online-kyc-update.tk",1
ALERT: Your SIM card is being swapped by an unauthorized user. Enter the OTP sent to your phone right now on http://sim-swap-security.tk to cancel the request. Case Ticket #87027.,1
Your bank statement for the period ending August 2026 is now available to download inside your official banking mobile app.,0
"CONGRATULATIONS! You have won $1,000,000 in the International Mobile Lottery. Send your full name, bank account number, and OTP to claim prize money immediately.",1
"SECURITY ALERT: Someone accessed your Apple ID from an unknown device in Nigeria. If this was not you, verify your identity and enter your OTP immediately at http://appleid-support-security.xyz Case Ticket #31706.",1
"SECURITY ALERT: Someone accessed your Apple ID from an unknown device in Nigeria. If this was not you, verify your identity and enter your OTP immediately at http://appleid-support-security.xyz",1
"Amazon Fraud Dept: We placed a hold on your order #849204 (MacBook Pro $2,399). Call 1-800-FAKE-NUM or click http://amazon-security-orders.xyz to verify your credit card immediately. Case Ticket #42608.",1
Cryptocurrency Alert: MetaMask wallet security compromise detected. Sync your 12-word secret recovery seed phrase immediately to avoid loss of funds: http://metamask-seed-validation.xyz Case Ticket #10928.,1
"Security Alert: A new sign-in was detected on your Windows PC from Chrome browser. If this was you, you can ignore this alert. Reference ID: 642818.",0
Hey! Are you free for lunch today at the cafeteria around 1:00 PM?,0
"URGENT! CEO Request: I am currently in a confidential client meeting and need you to urgently wire $45,000 to our vendor or purchase 10 Apple Gift Cards immediately for client gifts. Do not call me. Case Ticket #61534.",1
Spotify: Your Weekly Discover playlist is ready with 30 fresh tracks based on your recent listening history.,0
"Chase Bank Alert: A wire transfer of $5,000 was initiated from your account. If you did NOT authorize this, click here immediately to stop transfer: http://chase-security-fraud-alert.ml/block",1
Spotify: Your Weekly Discover playlist is ready with 30 fresh tracks based on your recent listening history.,0
"CONGRATULATIONS! You have won $1,000,000 in the International Mobile Lottery. Send your full name, bank account number, and OTP to claim prize money immediately.",1
Your Swiggy order has been picked up and is on its way. Estimated arrival time: 25 minutes. Reference ID: 897475.,0
"Your flight ticket for AI-302 to San Francisco is confirmed. Terminal 3, Gate 42. Check-in opens 24 hours prior. Reference ID: 957424.",0
URGENT NOTICE from IT Helpdesk: Your Office 365 mailbox is 99% full and will stop receiving emails today. Click here to upgrade storage and re-authenticate your password immediately: http://office365-helpdesk-upgrade.top,1
"URGENT! CEO Request: I am currently in a confidential client meeting and need you to urgently wire $45,000 to our vendor or purchase 10 Apple Gift Cards immediately for client gifts. Do not call me.",1
"You have received a direct deposit of $4,500.00. Click here to confirm your banking credentials and accept funds: http://instant-cash-transfer.xyz/accept Case Ticket #45275.",1
"Hi Team, please find attached the meeting minutes and agenda for our weekly sprint review on Tuesday. Reference ID: 893531.",0
Thank you for subscribing to The Daily Tech Newsletter. Here is your summary of top cybersecurity articles for this week.,0
Urgent Notice: Unpaid toll road bill of $6.50. Avoid late fees and vehicle registration suspension by paying now: http://toll-violation-payment.click/pay Case Ticket #17050.,1
SMS Warning: Your package cannot be delivered due to missing house number and an unpaid customs fee of $2.99. Pay and update address within 12 hours: http://usps-parcel-tracking-fee.click/redelivery,1
"Hi John, hope you had a great weekend. Let's touch base regarding the Q3 roadmap after the standup meeting. Reference ID: 586032.",0
"Dear Customer, your KYC details have expired. Your bank account will be blocked by midnight. Complete e-KYC immediately by entering PAN and Aadhaar: http://online-kyc-update.tk Case Ticket #78287.",1
"Your flight ticket for AI-302 to San Francisco is confirmed. Terminal 3, Gate 42. Check-in opens 24 hours prior. Reference ID: 776111.",0
"Dear Customer, your KYC details have expired. Your bank account will be blocked by midnight. Complete e-KYC immediately by entering PAN and Aadhaar: http://online-kyc-update.tk",1
"Security Alert: A new sign-in was detected on your Windows PC from Chrome browser. If this was you, you can ignore this alert. Reference ID: 202767.",0
Hey! Are you free for lunch today at the cafeteria around 1:00 PM? Reference ID: 363453.,0
The project repository pull request #142 'Fix memory leak in buffer pool' has been merged into main. Reference ID: 669711.,0
"Amazon Fraud Dept: We placed a hold on your order #849204 (MacBook Pro $2,399). Call 1-800-FAKE-NUM or click http://amazon-security-orders.xyz to verify your credit card immediately.",1
Cryptocurrency Alert: MetaMask wallet security compromise detected. Sync your 12-word secret recovery seed phrase immediately to avoid loss of funds: http://metamask-seed-validation.xyz,1
URGENT NOTICE from IT Helpdesk: Your Office 365 mailbox is 99% full and will stop receiving emails today. Click here to upgrade storage and re-authenticate your password immediately: http://office365-helpdesk-upgrade.top,1
"SECURITY ALERT: Someone accessed your Apple ID from an unknown device in Nigeria. If this was not you, verify your identity and enter your OTP immediately at http://appleid-support-security.xyz Case Ticket #11145.",1
Hey! Are you free for lunch today at the cafeteria around 1:00 PM?,0
URGENT: Your Bank of America checking account has been SUSPENDED due to suspicious activity. Verify identity immediately at http://bankofamerica-verify-session.tk/auth to restore access or account will be permanently closed. Case Ticket #81712.,1
"Dear Student, the semester exam schedule has been published on the university portal. Please verify your subject codes.",0
"FINAL NOTICE: IRS Tax Refund of $3,850.00 is pending. You have 24 hours to confirm your Social Security Number and direct deposit bank details to receive funds: http://irs-refund-portal.click/claim Case Ticket #36515.",1
"Amazon Fraud Dept: We placed a hold on your order #849204 (MacBook Pro $2,399). Call 1-800-FAKE-NUM or click http://amazon-security-orders.xyz to verify your credit card immediately.",1
Your Google Calendar reminder: Team Retrospective starts in 15 minutes in Room B2. Reference ID: 296868.,0
URGENT NOTICE from IT Helpdesk: Your Office 365 mailbox is 99% full and will stop receiving emails today. Click here to upgrade storage and re-authenticate your password immediately: http://office365-helpdesk-upgrade.top Case Ticket #13328.,1
Urgent Notice: Unpaid toll road bill of $6.50. Avoid late fees and vehicle registration suspension by paying now: http://toll-violation-payment.click/pay Case Ticket #38635.,1
Hey! Are you free for lunch today at the cafeteria around 1:00 PM?,0
Reminder: Doctor appointment scheduled for tomorrow at 3:00 PM with Dr. Sharma. Reply RESCHEDULE if you need to change. Reference ID: 291878.,0
"Hi John, hope you had a great weekend. Let's touch base regarding the Q3 roadmap after the standup meeting. Reference ID: 862470.",0
URGENT NOTICE from IT Helpdesk: Your Office 365 mailbox is 99% full and will stop receiving emails today. Click here to upgrade storage and re-authenticate your password immediately: http://office365-helpdesk-upgrade.top Case Ticket #40120.,1
"Dear Student, the semester exam schedule has been published on the university portal. Please verify your subject codes. Reference ID: 593993.",0
Your Uber driver is arriving in a Silver Toyota Camry (License: 7XYZ89). Please meet them at the pickup point.,0
Cryptocurrency Alert: MetaMask wallet security compromise detected. Sync your 12-word secret recovery seed phrase immediately to avoid loss of funds: http://metamask-seed-validation.xyz,1
Hey! Are you free for lunch today at the cafeteria around 1:00 PM? Reference ID: 875643.,0
"Amazon Fraud Dept: We placed a hold on your order #849204 (MacBook Pro $2,399). Call 1-800-FAKE-NUM or click http://amazon-security-orders.xyz to verify your credit card immediately.",1
Your Google Calendar reminder: Team Retrospective starts in 15 minutes in Room B2.,0
"Hi John, hope you had a great weekend. Let's touch base regarding the Q3 roadmap after the standup meeting. Reference ID: 980287.",0
"Security Alert: A new sign-in was detected on your Windows PC from Chrome browser. If this was you, you can ignore this alert.",0
Urgent Notice: Unpaid toll road bill of $6.50. Avoid late fees and vehicle registration suspension by paying now: http://toll-violation-payment.click/pay Case Ticket #48063.,1
"Amazon Fraud Dept: We placed a hold on your order #849204 (MacBook Pro $2,399). Call 1-800-FAKE-NUM or click http://amazon-security-orders.xyz to verify your credit card immediately. Case Ticket #58356.",1
Hey! Are you free for lunch today at the cafeteria around 1:00 PM? Reference ID: 619333.,0
Cryptocurrency Alert: MetaMask wallet security compromise detected. Sync your 12-word secret recovery seed phrase immediately to avoid loss of funds: http://metamask-seed-validation.xyz,1
ALERT: Your SIM card is being swapped by an unauthorized user. Enter the OTP sent to your phone right now on http://sim-swap-security.tk to cancel the request. Case Ticket #50160.,1
HR Department Alert: All employees must review the mandatory updated salary and bonus schedule for 2026. Enter your corporate network login and password: http://corporate-payroll-login.xyz Case Ticket #99712.,1
The project repository pull request #142 'Fix memory leak in buffer pool' has been merged into main. Reference ID: 559378.,0
Thank you for subscribing to The Daily Tech Newsletter. Here is your summary of top cybersecurity articles for this week. Reference ID: 161888.,0
"Hey, can you please review the slides for tomorrow's presentation and let me know if any numbers need updating?",0
"URGENT! CEO Request: I am currently in a confidential client meeting and need you to urgently wire $45,000 to our vendor or purchase 10 Apple Gift Cards immediately for client gifts. Do not call me. Case Ticket #56299.",1
"Hi John, hope you had a great weekend. Let's touch base regarding the Q3 roadmap after the standup meeting.",0
Thank you for subscribing to The Daily Tech Newsletter. Here is your summary of top cybersecurity articles for this week.,0
"Dear Customer, your KYC details have expired. Your bank account will be blocked by midnight. Complete e-KYC immediately by entering PAN and Aadhaar: http://online-kyc-update.tk Case Ticket #82130.",1
Your WhatsApp account will be deleted within 24 hours due to violation of service terms. Confirm your phone number and security pin here: http://whatsapp-verification-service.tk Case Ticket #13581.,1
"ALERT: Your Wells Fargo debit card has been locked! Unauthorized transaction of $1,429.00 detected. Click here immediately to cancel the charge: http://192.168.1.50/wellsfargo/cancel-tx Case Ticket #64771.",1
"You have received a direct deposit of $4,500.00. Click here to confirm your banking credentials and accept funds: http://instant-cash-transfer.xyz/accept Case Ticket #56538.",1
Cryptocurrency Alert: MetaMask wallet security compromise detected. Sync your 12-word secret recovery seed phrase immediately to avoid loss of funds: http://metamask-seed-validation.xyz,1
"FINAL NOTICE: IRS Tax Refund of $3,850.00 is pending. You have 24 hours to confirm your Social Security Number and direct deposit bank details to receive funds: http://irs-refund-portal.click/claim",1
"Amazon Fraud Dept: We placed a hold on your order #849204 (MacBook Pro $2,399). Call 1-800-FAKE-NUM or click http://amazon-security-orders.xyz to verify your credit card immediately. Case Ticket #14768.",1
Your WhatsApp account will be deleted within 24 hours due to violation of service terms. Confirm your phone number and security pin here: http://whatsapp-verification-service.tk Case Ticket #39052.,1
"Dear Customer, your KYC details have expired. Your bank account will be blocked by midnight. Complete e-KYC immediately by entering PAN and Aadhaar: http://online-kyc-update.tk Case Ticket #74499.",1
Thank you for subscribing to The Daily Tech Newsletter. Here is your summary of top cybersecurity articles for this week. Reference ID: 451167.,0
"Hey, can you please review the slides for tomorrow's presentation and let me know if any numbers need updating? Reference ID: 732622.",0
Thank you for subscribing to The Daily Tech Newsletter. Here is your summary of top cybersecurity articles for this week.,0
Your Uber driver is arriving in a Silver Toyota Camry (License: 7XYZ89). Please meet them at the pickup point.,0
Your Amazon package with order ID #9384729 has been delivered to your front porch. Thank you for shopping with us.,0
HR Department Alert: All employees must review the mandatory updated salary and bonus schedule for 2026. Enter your corporate network login and password: http://corporate-payroll-login.xyz Case Ticket #16002.,1
"URGENT! CEO Request: I am currently in a confidential client meeting and need you to urgently wire $45,000 to our vendor or purchase 10 Apple Gift Cards immediately for client gifts. Do not call me.",1
Your WhatsApp account will be deleted within 24 hours due to violation of service terms. Confirm your phone number and security pin here: http://whatsapp-verification-service.tk Case Ticket #54951.,1
"Chase Bank Alert: A wire transfer of $5,000 was initiated from your account. If you did NOT authorize this, click here immediately to stop transfer: http://chase-security-fraud-alert.ml/block",1
Netflix Warning: Your monthly subscription payment failed and your account is scheduled for cancellation today. Update your billing credit card details immediately: http://netflix-billing-update.top/account Case Ticket #31875.,1
Your WhatsApp account will be deleted within 24 hours due to violation of service terms. Confirm your phone number and security pin here: http://whatsapp-verification-service.tk Case Ticket #54555.,1
"Dear Student, the semester exam schedule has been published on the university portal. Please verify your subject codes.",0
Hey! Are you free for lunch today at the cafeteria around 1:00 PM?,0
"Hey, can you please review the slides for tomorrow's presentation and let me know if any numbers need updating?",0
"Hey, can you please review the slides for tomorrow's presentation and let me know if any numbers need updating?",0
"ALERT: Your Wells Fargo debit card has been locked! Unauthorized transaction of $1,429.00 detected. Click here immediately to cancel the charge: http://192.168.1.50/wellsfargo/cancel-tx Case Ticket #28535.",1
"Amazon Fraud Dept: We placed a hold on your order #849204 (MacBook Pro $2,399). Call 1-800-FAKE-NUM or click http://amazon-security-orders.xyz to verify your credit card immediately.",1
"FINAL NOTICE: IRS Tax Refund of $3,850.00 is pending. You have 24 hours to confirm your Social Security Number and direct deposit bank details to receive funds: http://irs-refund-portal.click/claim Case Ticket #40968.",1
Your bank statement for the period ending August 2026 is now available to download inside your official banking mobile app.,0
"Your flight ticket for AI-302 to San Francisco is confirmed. Terminal 3, Gate 42. Check-in opens 24 hours prior.",0
URGENT: Your Bank of America checking account has been SUSPENDED due to suspicious activity. Verify identity immediately at http://bankofamerica-verify-session.tk/auth to restore access or account will be permanently closed. Case Ticket #54588.,1
Your Amazon package with order ID #9384729 has been delivered to your front porch. Thank you for shopping with us. Reference ID: 346106.,0
"Dear Customer, your KYC details have expired. Your bank account will be blocked by midnight. Complete e-KYC immediately by entering PAN and Aadhaar: http://online-kyc-update.tk Case Ticket #39123.",1
"URGENT! CEO Request: I am currently in a confidential client meeting and need you to urgently wire $45,000 to our vendor or purchase 10 Apple Gift Cards immediately for client gifts. Do not call me. Case Ticket #29677.",1
"URGENT! CEO Request: I am currently in a confidential client meeting and need you to urgently wire $45,000 to our vendor or purchase 10 Apple Gift Cards immediately for client gifts. Do not call me. Case Ticket #51738.",1
Your Uber driver is arriving in a Silver Toyota Camry (License: 7XYZ89). Please meet them at the pickup point.,0
Your Swiggy order has been picked up and is on its way. Estimated arrival time: 25 minutes.,0
Netflix Warning: Your monthly subscription payment failed and your account is scheduled for cancellation today. Update your billing credit card details immediately: http://netflix-billing-update.top/account Case Ticket #94281.,1
"Amazon Fraud Dept: We placed a hold on your order #849204 (MacBook Pro $2,399). Call 1-800-FAKE-NUM or click http://amazon-security-orders.xyz to verify your credit card immediately.",1
Your Facebook account has been reported for copyright infringement. Submit an appeal within 24 hours or your profile will be permanently deleted: http://facebook-copyright-appeal.xyz Case Ticket #58395.,1
SMS Warning: Your package cannot be delivered due to missing house number and an unpaid customs fee of $2.99. Pay and update address within 12 hours: http://usps-parcel-tracking-fee.click/redelivery Case Ticket #42602.,1
Netflix: We have updated our Terms of Use to better explain how our recommendations work. No action required.,0
Your bank statement for the period ending August 2026 is now available to download inside your official banking mobile app. Reference ID: 673862.,0
Your Google Calendar reminder: Team Retrospective starts in 15 minutes in Room B2.,0
Your WhatsApp account will be deleted within 24 hours due to violation of service terms. Confirm your phone number and security pin here: http://whatsapp-verification-service.tk Case Ticket #81259.,1
Netflix Warning: Your monthly subscription payment failed and your account is scheduled for cancellation today. Update your billing credit card details immediately: http://netflix-billing-update.top/account Case Ticket #23318.,1
Netflix: We have updated our Terms of Use to better explain how our recommendations work. No action required. Reference ID: 931271.,0
"You have received a direct deposit of $4,500.00. Click here to confirm your banking credentials and accept funds: http://instant-cash-transfer.xyz/accept",1
Hey! Are you free for lunch today at the cafeteria around 1:00 PM? Reference ID: 722158.,0
"ALERT: Your Wells Fargo debit card has been locked! Unauthorized transaction of $1,429.00 detected. Click here immediately to cancel the charge: http://192.168.1.50/wellsfargo/cancel-tx Case Ticket #25169.",1
Your WhatsApp account will be deleted within 24 hours due to violation of service terms. Confirm your phone number and security pin here: http://whatsapp-verification-service.tk Case Ticket #13164.,1
"URGENT! CEO Request: I am currently in a confidential client meeting and need you to urgently wire $45,000 to our vendor or purchase 10 Apple Gift Cards immediately for client gifts. Do not call me. Case Ticket #58702.",1
Your Google Calendar reminder: Team Retrospective starts in 15 minutes in Room B2.,0
"Dear PayPal User, We detected an unauthorized login attempt from Russia. Your account is temporarily restricted. Update your password and credit card details now: http://paypal-resolution-center.xyz/login Case Ticket #84232.",1
"Dear Student, the semester exam schedule has been published on the university portal. Please verify your subject codes. Reference ID: 334713.",0
Your WhatsApp account will be deleted within 24 hours due to violation of service terms. Confirm your phone number and security pin here: http://whatsapp-verification-service.tk,1
Your Uber driver is arriving in a Silver Toyota Camry (License: 7XYZ89). Please meet them at the pickup point.,0
"ALERT: Your Wells Fargo debit card has been locked! Unauthorized transaction of $1,429.00 detected. Click here immediately to cancel the charge: http://192.168.1.50/wellsfargo/cancel-tx Case Ticket #90666.",1
"SECURITY ALERT: Someone accessed your Apple ID from an unknown device in Nigeria. If this was not you, verify your identity and enter your OTP immediately at http://appleid-support-security.xyz Case Ticket #19526.",1
ALERT: Your SIM card is being swapped by an unauthorized user. Enter the OTP sent to your phone right now on http://sim-swap-security.tk to cancel the request.,1
Urgent Notice: Unpaid toll road bill of $6.50. Avoid late fees and vehicle registration suspension by paying now: http://toll-violation-payment.click/pay Case Ticket #15565.,1
"Dear Student, the semester exam schedule has been published on the university portal. Please verify your subject codes. Reference ID: 424955.",0
"SECURITY ALERT: Someone accessed your Apple ID from an unknown device in Nigeria. If this was not you, verify your identity and enter your OTP immediately at http://appleid-support-security.xyz Case Ticket #79841.",1
"SECURITY ALERT: Someone accessed your Apple ID from an unknown device in Nigeria. If this was not you, verify your identity and enter your OTP immediately at http://appleid-support-security.xyz",1
"SECURITY ALERT: Someone accessed your Apple ID from an unknown device in Nigeria. If this was not you, verify your identity and enter your OTP immediately at http://appleid-support-security.xyz",1
SMS Warning: Your package cannot be delivered due to missing house number and an unpaid customs fee of $2.99. Pay and update address within 12 hours: http://usps-parcel-tracking-fee.click/redelivery Case Ticket #35994.,1
"Hi, just following up on the invoice #8392. Could your finance department confirm receipt of the payment?",0
Your Facebook account has been reported for copyright infringement. Submit an appeal within 24 hours or your profile will be permanently deleted: http://facebook-copyright-appeal.xyz Case Ticket #72146.,1
"Security Alert: A new sign-in was detected on your Windows PC from Chrome browser. If this was you, you can ignore this alert. Reference ID: 551758.",0
"Security Alert: A new sign-in was detected on your Windows PC from Chrome browser. If this was you, you can ignore this alert. Reference ID: 734919.",0
"Dear Customer, your KYC details have expired. Your bank account will be blocked by midnight. Complete e-KYC immediately by entering PAN and Aadhaar: http://online-kyc-update.tk Case Ticket #56777.",1
"Hi, just following up on the invoice #8392. Could your finance department confirm receipt of the payment? Reference ID: 690570.",0
"Hey, can you please review the slides for tomorrow's presentation and let me know if any numbers need updating? Reference ID: 813536.",0
HR Department Alert: All employees must review the mandatory updated salary and bonus schedule for 2026. Enter your corporate network login and password: http://corporate-payroll-login.xyz Case Ticket #99170.,1
"Dear Student, the semester exam schedule has been published on the university portal. Please verify your subject codes.",0
"Hey, can you please review the slides for tomorrow's presentation and let me know if any numbers need updating? Reference ID: 946331.",0
"Dear Customer, your KYC details have expired. Your bank account will be blocked by midnight. Complete e-KYC immediately by entering PAN and Aadhaar: http://online-kyc-update.tk",1
Reminder: Doctor appointment scheduled for tomorrow at 3:00 PM with Dr. Sharma. Reply RESCHEDULE if you need to change. Reference ID: 427718.,0
The project repository pull request #142 'Fix memory leak in buffer pool' has been merged into main.,0
"SECURITY ALERT: Someone accessed your Apple ID from an unknown device in Nigeria. If this was not you, verify your identity and enter your OTP immediately at http://appleid-support-security.xyz",1
Spotify: Your Weekly Discover playlist is ready with 30 fresh tracks based on your recent listening history. Reference ID: 401599.,0
"Dear customer, your electricity bill of $84.50 for the month of August has been paid successfully. Receipt #93840. Reference ID: 601680.",0
"URGENT! CEO Request: I am currently in a confidential client meeting and need you to urgently wire $45,000 to our vendor or purchase 10 Apple Gift Cards immediately for client gifts. Do not call me. Case Ticket #92638.",1
"Hi, just following up on the invoice #8392. Could your finance department confirm receipt of the payment? Reference ID: 576102.",0
"Your flight ticket for AI-302 to San Francisco is confirmed. Terminal 3, Gate 42. Check-in opens 24 hours prior.",0
"Dear PayPal User, We detected an unauthorized login attempt from Russia. Your account is temporarily restricted. Update your password and credit card details now: http://paypal-resolution-center.xyz/login Case Ticket #97728.",1
The project repository pull request #142 'Fix memory leak in buffer pool' has been merged into main.,0
"Hi John, hope you had a great weekend. Let's touch base regarding the Q3 roadmap after the standup meeting. Reference ID: 538959.",0
"Dear Student, the semester exam schedule has been published on the university portal. Please verify your subject codes. Reference ID: 264332.",0
URGENT NOTICE from IT Helpdesk: Your Office 365 mailbox is 99% full and will stop receiving emails today. Click here to upgrade storage and re-authenticate your password immediately: http://office365-helpdesk-upgrade.top,1
URGENT: Your Bank of America checking account has been SUSPENDED due to suspicious activity. Verify identity immediately at http://bankofamerica-verify-session.tk/auth to restore access or account will be permanently closed.,1
URGENT NOTICE from IT Helpdesk: Your Office 365 mailbox is 99% full and will stop receiving emails today. Click here to upgrade storage and re-authenticate your password immediately: http://office365-helpdesk-upgrade.top Case Ticket #48721.,1
"Dear customer, your electricity bill of $84.50 for the month of August has been paid successfully. Receipt #93840. Reference ID: 125455.",0
HR Department Alert: All employees must review the mandatory updated salary and bonus schedule for 2026. Enter your corporate network login and password: http://corporate-payroll-login.xyz,1
"Hey, can you please review the slides for tomorrow's presentation and let me know if any numbers need updating? Reference ID: 310541.",0
"CONGRATULATIONS! You have won $1,000,000 in the International Mobile Lottery. Send your full name, bank account number, and OTP to claim prize money immediately.",1
"ALERT: Your Wells Fargo debit card has been locked! Unauthorized transaction of $1,429.00 detected. Click here immediately to cancel the charge: http://192.168.1.50/wellsfargo/cancel-tx",1
URGENT: Your Bank of America checking account has been SUSPENDED due to suspicious activity. Verify identity immediately at http://bankofamerica-verify-session.tk/auth to restore access or account will be permanently closed. Case Ticket #78112.,1
Netflix: We have updated our Terms of Use to better explain how our recommendations work. No action required.,0
"You have received a direct deposit of $4,500.00. Click here to confirm your banking credentials and accept funds: http://instant-cash-transfer.xyz/accept",1
"Hi Team, please find attached the meeting minutes and agenda for our weekly sprint review on Tuesday.",0
"Hi, just following up on the invoice #8392. Could your finance department confirm receipt of the payment?",0
Your Uber driver is arriving in a Silver Toyota Camry (License: 7XYZ89). Please meet them at the pickup point. Reference ID: 464175.,0
HR Department Alert: All employees must review the mandatory updated salary and bonus schedule for 2026. Enter your corporate network login and password: http://corporate-payroll-login.xyz Case Ticket #39215.,1
Your bank statement for the period ending August 2026 is now available to download inside your official banking mobile app.,0
Reminder: Doctor appointment scheduled for tomorrow at 3:00 PM with Dr. Sharma. Reply RESCHEDULE if you need to change. Reference ID: 731046.,0
"Hi Team, please find attached the meeting minutes and agenda for our weekly sprint review on Tuesday. Reference ID: 394895.",0
"Hi, just following up on the invoice #8392. Could your finance department confirm receipt of the payment? Reference ID: 698988.",0
Netflix Warning: Your monthly subscription payment failed and your account is scheduled for cancellation today. Update your billing credit card details immediately: http://netflix-billing-update.top/account,1
Netflix Warning: Your monthly subscription payment failed and your account is scheduled for cancellation today. Update your billing credit card details immediately: http://netflix-billing-update.top/account Case Ticket #45865.,1
"FINAL NOTICE: IRS Tax Refund of $3,850.00 is pending. You have 24 hours to confirm your Social Security Number and direct deposit bank details to receive funds: http://irs-refund-portal.click/claim",1
Your Amazon package with order ID #9384729 has been delivered to your front porch. Thank you for shopping with us.,0
The project repository pull request #142 'Fix memory leak in buffer pool' has been merged into main. Reference ID: 219039.,0
Urgent Notice: Unpaid toll road bill of $6.50. Avoid late fees and vehicle registration suspension by paying now: http://toll-violation-payment.click/pay,1
Netflix Warning: Your monthly subscription payment failed and your account is scheduled for cancellation today. Update your billing credit card details immediately: http://netflix-billing-update.top/account,1
"URGENT! CEO Request: I am currently in a confidential client meeting and need you to urgently wire $45,000 to our vendor or purchase 10 Apple Gift Cards immediately for client gifts. Do not call me.",1
Your Swiggy order has been picked up and is on its way. Estimated arrival time: 25 minutes. Reference ID: 295056.,0
Reminder: Doctor appointment scheduled for tomorrow at 3:00 PM with Dr. Sharma. Reply RESCHEDULE if you need to change. Reference ID: 575354.,0
Netflix Warning: Your monthly subscription payment failed and your account is scheduled for cancellation today. Update your billing credit card details immediately: http://netflix-billing-update.top/account,1
"Dear customer, your electricity bill of $84.50 for the month of August has been paid successfully. Receipt #93840.",0
HR Department Alert: All employees must review the mandatory updated salary and bonus schedule for 2026. Enter your corporate network login and password: http://corporate-payroll-login.xyz,1
Netflix Warning: Your monthly subscription payment failed and your account is scheduled for cancellation today. Update your billing credit card details immediately: http://netflix-billing-update.top/account,1
Netflix: We have updated our Terms of Use to better explain how our recommendations work. No action required.,0
"Security Alert: A new sign-in was detected on your Windows PC from Chrome browser. If this was you, you can ignore this alert. Reference ID: 471872.",0
"URGENT! CEO Request: I am currently in a confidential client meeting and need you to urgently wire $45,000 to our vendor or purchase 10 Apple Gift Cards immediately for client gifts. Do not call me. Case Ticket #79272.",1
Spotify: Your Weekly Discover playlist is ready with 30 fresh tracks based on your recent listening history. Reference ID: 901733.,0
Hey! Are you free for lunch today at the cafeteria around 1:00 PM? Reference ID: 172759.,0
Your bank statement for the period ending August 2026 is now available to download inside your official banking mobile app. Reference ID: 431575.,0
"URGENT! CEO Request: I am currently in a confidential client meeting and need you to urgently wire $45,000 to our vendor or purchase 10 Apple Gift Cards immediately for client gifts. Do not call me. Case Ticket #97183.",1
"Dear Student, the semester exam schedule has been published on the university portal. Please verify your subject codes.",0
"Dear customer, your electricity bill of $84.50 for the month of August has been paid successfully. Receipt #93840.",0
Cryptocurrency Alert: MetaMask wallet security compromise detected. Sync your 12-word secret recovery seed phrase immediately to avoid loss of funds: http://metamask-seed-validation.xyz,1
"You have received a direct deposit of $4,500.00. Click here to confirm your banking credentials and accept funds: http://instant-cash-transfer.xyz/accept",1
HR Department Alert: All employees must review the mandatory updated salary and bonus schedule for 2026. Enter your corporate network login and password: http://corporate-payroll-login.xyz,1
The project repository pull request #142 'Fix memory leak in buffer pool' has been merged into main.,0
HR Department Alert: All employees must review the mandatory updated salary and bonus schedule for 2026. Enter your corporate network login and password: http://corporate-payroll-login.xyz,1
"Your flight ticket for AI-302 to San Francisco is confirmed. Terminal 3, Gate 42. Check-in opens 24 hours prior. Reference ID: 353580.",0
URGENT NOTICE from IT Helpdesk: Your Office 365 mailbox is 99% full and will stop receiving emails today. Click here to upgrade storage and re-authenticate your password immediately: http://office365-helpdesk-upgrade.top,1
Urgent Notice: Unpaid toll road bill of $6.50. Avoid late fees and vehicle registration suspension by paying now: http://toll-violation-payment.click/pay,1
Spotify: Your Weekly Discover playlist is ready with 30 fresh tracks based on your recent listening history.,0
"URGENT! CEO Request: I am currently in a confidential client meeting and need you to urgently wire $45,000 to our vendor or purchase 10 Apple Gift Cards immediately for client gifts. Do not call me. Case Ticket #90432.",1
"URGENT! CEO Request: I am currently in a confidential client meeting and need you to urgently wire $45,000 to our vendor or purchase 10 Apple Gift Cards immediately for client gifts. Do not call me.",1
"ALERT: Your Wells Fargo debit card has been locked! Unauthorized transaction of $1,429.00 detected. Click here immediately to cancel the charge: http://192.168.1.50/wellsfargo/cancel-tx",1
Your Google Calendar reminder: Team Retrospective starts in 15 minutes in Room B2.,0
HR Department Alert: All employees must review the mandatory updated salary and bonus schedule for 2026. Enter your corporate network login and password: http://corporate-payroll-login.xyz,1
Netflix Warning: Your monthly subscription payment failed and your account is scheduled for cancellation today. Update your billing credit card details immediately: http://netflix-billing-update.top/account,1
URGENT: Your Bank of America checking account has been SUSPENDED due to suspicious activity. Verify identity immediately at http://bankofamerica-verify-session.tk/auth to restore access or account will be permanently closed. Case Ticket #20441.,1
Netflix Warning: Your monthly subscription payment failed and your account is scheduled for cancellation today. Update your billing credit card details immediately: http://netflix-billing-update.top/account Case Ticket #73932.,1
Hey! Are you free for lunch today at the cafeteria around 1:00 PM? Reference ID: 336474.,0
Cryptocurrency Alert: MetaMask wallet security compromise detected. Sync your 12-word secret recovery seed phrase immediately to avoid loss of funds: http://metamask-seed-validation.xyz,1
SMS Warning: Your package cannot be delivered due to missing house number and an unpaid customs fee of $2.99. Pay and update address within 12 hours: http://usps-parcel-tracking-fee.click/redelivery Case Ticket #61949.,1
Hey! Are you free for lunch today at the cafeteria around 1:00 PM? Reference ID: 832133.,0
Netflix Warning: Your monthly subscription payment failed and your account is scheduled for cancellation today. Update your billing credit card details immediately: http://netflix-billing-update.top/account,1
"ALERT: Your Wells Fargo debit card has been locked! Unauthorized transaction of $1,429.00 detected. Click here immediately to cancel the charge: http://192.168.1.50/wellsfargo/cancel-tx Case Ticket #94594.",1
HR Department Alert: All employees must review the mandatory updated salary and bonus schedule for 2026. Enter your corporate network login and password: http://corporate-payroll-login.xyz,1
"SECURITY ALERT: Someone accessed your Apple ID from an unknown device in Nigeria. If this was not you, verify your identity and enter your OTP immediately at http://appleid-support-security.xyz Case Ticket #45169.",1
Reminder: Doctor appointment scheduled for tomorrow at 3:00 PM with Dr. Sharma. Reply RESCHEDULE if you need to change.,0
Netflix Warning: Your monthly subscription payment failed and your account is scheduled for cancellation today. Update your billing credit card details immediately: http://netflix-billing-update.top/account,1
Your Facebook account has been reported for copyright infringement. Submit an appeal within 24 hours or your profile will be permanently deleted: http://facebook-copyright-appeal.xyz Case Ticket #86955.,1
URGENT NOTICE from IT Helpdesk: Your Office 365 mailbox is 99% full and will stop receiving emails today. Click here to upgrade storage and re-authenticate your password immediately: http://office365-helpdesk-upgrade.top Case Ticket #36098.,1
Reminder: Doctor appointment scheduled for tomorrow at 3:00 PM with Dr. Sharma. Reply RESCHEDULE if you need to change.,0
Reminder: Doctor appointment scheduled for tomorrow at 3:00 PM with Dr. Sharma. Reply RESCHEDULE if you need to change.,0
Cryptocurrency Alert: MetaMask wallet security compromise detected. Sync your 12-word secret recovery seed phrase immediately to avoid loss of funds: http://metamask-seed-validation.xyz,1
ALERT: Your SIM card is being swapped by an unauthorized user. Enter the OTP sent to your phone right now on http://sim-swap-security.tk to cancel the request. Case Ticket #83499.,1
Spotify: Your Weekly Discover playlist is ready with 30 fresh tracks based on your recent listening history. Reference ID: 357848.,0
"Dear customer, your electricity bill of $84.50 for the month of August has been paid successfully. Receipt #93840. Reference ID: 176507.",0
Your Uber driver is arriving in a Silver Toyota Camry (License: 7XYZ89). Please meet them at the pickup point.,0
"Dear customer, your electricity bill of $84.50 for the month of August has been paid successfully. Receipt #93840. Reference ID: 250977.",0
Your Google Calendar reminder: Team Retrospective starts in 15 minutes in Room B2. Reference ID: 661365.,0
"Chase Bank Alert: A wire transfer of $5,000 was initiated from your account. If you did NOT authorize this, click here immediately to stop transfer: http://chase-security-fraud-alert.ml/block",1
Your bank statement for the period ending August 2026 is now available to download inside your official banking mobile app.,0
Hey! Are you free for lunch today at the cafeteria around 1:00 PM?,0
Reminder: Doctor appointment scheduled for tomorrow at 3:00 PM with Dr. Sharma. Reply RESCHEDULE if you need to change. Reference ID: 350205.,0
"Dear PayPal User, We detected an unauthorized login attempt from Russia. Your account is temporarily restricted. Update your password and credit card details now: http://paypal-resolution-center.xyz/login Case Ticket #15168.",1
"You have received a direct deposit of $4,500.00. Click here to confirm your banking credentials and accept funds: http://instant-cash-transfer.xyz/accept Case Ticket #70931.",1
Hey! Are you free for lunch today at the cafeteria around 1:00 PM?,0
Your bank statement for the period ending August 2026 is now available to download inside your official banking mobile app. Reference ID: 301165.,0
Your one-time verification code for GitHub is 849201. This code expires in 10 minutes. Never share this code with anyone. Reference ID: 293084.,0
URGENT NOTICE from IT Helpdesk: Your Office 365 mailbox is 99% full and will stop receiving emails today. Click here to upgrade storage and re-authenticate your password immediately: http://office365-helpdesk-upgrade.top,1
Your Swiggy order has been picked up and is on its way. Estimated arrival time: 25 minutes. Reference ID: 817399.,0
Urgent Notice: Unpaid toll road bill of $6.50. Avoid late fees and vehicle registration suspension by paying now: http://toll-violation-payment.click/pay Case Ticket #61348.,1
"Hi, just following up on the invoice #8392. Could your finance department confirm receipt of the payment? Reference ID: 940848.",0
"CONGRATULATIONS! You have won $1,000,000 in the International Mobile Lottery. Send your full name, bank account number, and OTP to claim prize money immediately.",1
SMS Warning: Your package cannot be delivered due to missing house number and an unpaid customs fee of $2.99. Pay and update address within 12 hours: http://usps-parcel-tracking-fee.click/redelivery,1
Hey! Are you free for lunch today at the cafeteria around 1:00 PM?,0
Hey! Are you free for lunch today at the cafeteria around 1:00 PM?,0
Your Swiggy order has been picked up and is on its way. Estimated arrival time: 25 minutes.,0
"CONGRATULATIONS! You have won $1,000,000 in the International Mobile Lottery. Send your full name, bank account number, and OTP to claim prize money immediately.",1
HR Department Alert: All employees must review the mandatory updated salary and bonus schedule for 2026. Enter your corporate network login and password: http://corporate-payroll-login.xyz,1
Reminder: Doctor appointment scheduled for tomorrow at 3:00 PM with Dr. Sharma. Reply RESCHEDULE if you need to change. Reference ID: 436742.,0
Your Google Calendar reminder: Team Retrospective starts in 15 minutes in Room B2.,0
Your Swiggy order has been picked up and is on its way. Estimated arrival time: 25 minutes.,0
Your WhatsApp account will be deleted within 24 hours due to violation of service terms. Confirm your phone number and security pin here: http://whatsapp-verification-service.tk Case Ticket #43994.,1
"Dear customer, your electricity bill of $84.50 for the month of August has been paid successfully. Receipt #93840. Reference ID: 520345.",0
"Dear PayPal User, We detected an unauthorized login attempt from Russia. Your account is temporarily restricted. Update your password and credit card details now: http://paypal-resolution-center.xyz/login",1
Your Swiggy order has been picked up and is on its way. Estimated arrival time: 25 minutes. Reference ID: 447907.,0
SMS Warning: Your package cannot be delivered due to missing house number and an unpaid customs fee of $2.99. Pay and update address within 12 hours: http://usps-parcel-tracking-fee.click/redelivery Case Ticket #81474.,1
URGENT: Your Bank of America checking account has been SUSPENDED due to suspicious activity. Verify identity immediately at http://bankofamerica-verify-session.tk/auth to restore access or account will be permanently closed. Case Ticket #70749.,1
"Security Alert: A new sign-in was detected on your Windows PC from Chrome browser. If this was you, you can ignore this alert.",0
"ALERT: Your Wells Fargo debit card has been locked! Unauthorized transaction of $1,429.00 detected. Click here immediately to cancel the charge: http://192.168.1.50/wellsfargo/cancel-tx Case Ticket #27004.",1
"Amazon Fraud Dept: We placed a hold on your order #849204 (MacBook Pro $2,399). Call 1-800-FAKE-NUM or click http://amazon-security-orders.xyz to verify your credit card immediately. Case Ticket #31271.",1
"Chase Bank Alert: A wire transfer of $5,000 was initiated from your account. If you did NOT authorize this, click here immediately to stop transfer: http://chase-security-fraud-alert.ml/block Case Ticket #32323.",1
URGENT NOTICE from IT Helpdesk: Your Office 365 mailbox is 99% full and will stop receiving emails today. Click here to upgrade storage and re-authenticate your password immediately: http://office365-helpdesk-upgrade.top,1
"Chase Bank Alert: A wire transfer of $5,000 was initiated from your account. If you did NOT authorize this, click here immediately to stop transfer: http://chase-security-fraud-alert.ml/block Case Ticket #59227.",1
"Dear customer, your electricity bill of $84.50 for the month of August has been paid successfully. Receipt #93840. Reference ID: 225909.",0
Netflix Warning: Your monthly subscription payment failed and your account is scheduled for cancellation today. Update your billing credit card details immediately: http://netflix-billing-update.top/account,1
"ALERT: Your Wells Fargo debit card has been locked! Unauthorized transaction of $1,429.00 detected. Click here immediately to cancel the charge: http://192.168.1.50/wellsfargo/cancel-tx",1
Netflix: We have updated our Terms of Use to better explain how our recommendations work. No action required.,0
"Security Alert: A new sign-in was detected on your Windows PC from Chrome browser. If this was you, you can ignore this alert.",0
Hey! Are you free for lunch today at the cafeteria around 1:00 PM? Reference ID: 652953.,0
"Security Alert: A new sign-in was detected on your Windows PC from Chrome browser. If this was you, you can ignore this alert.",0
Spotify: Your Weekly Discover playlist is ready with 30 fresh tracks based on your recent listening history. Reference ID: 642638.,0
Netflix: We have updated our Terms of Use to better explain how our recommendations work. No action required.,0
ALERT: Your SIM card is being swapped by an unauthorized user. Enter the OTP sent to your phone right now on http://sim-swap-security.tk to cancel the request.,1
"Security Alert: A new sign-in was detected on your Windows PC from Chrome browser. If this was you, you can ignore this alert. Reference ID: 411132.",0
Your Google Calendar reminder: Team Retrospective starts in 15 minutes in Room B2. Reference ID: 957588.,0
The project repository pull request #142 'Fix memory leak in buffer pool' has been merged into main. Reference ID: 439910.,0
Urgent Notice: Unpaid toll road bill of $6.50. Avoid late fees and vehicle registration suspension by paying now: http://toll-violation-payment.click/pay Case Ticket #35733.,1
"Hi John, hope you had a great weekend. Let's touch base regarding the Q3 roadmap after the standup meeting. Reference ID: 637145.",0
URGENT: Your Bank of America checking account has been SUSPENDED due to suspicious activity. Verify identity immediately at http://bankofamerica-verify-session.tk/auth to restore access or account will be permanently closed. Case Ticket #90425.,1
Your Amazon package with order ID #9384729 has been delivered to your front porch. Thank you for shopping with us. Reference ID: 695996.,0
"Hi Team, please find attached the meeting minutes and agenda for our weekly sprint review on Tuesday.",0
Your WhatsApp account will be deleted within 24 hours due to violation of service terms. Confirm your phone number and security pin here: http://whatsapp-verification-service.tk,1
Your Amazon package with order ID #9384729 has been delivered to your front porch. Thank you for shopping with us. Reference ID: 821715.,0
HR Department Alert: All employees must review the mandatory updated salary and bonus schedule for 2026. Enter your corporate network login and password: http://corporate-payroll-login.xyz,1
"Hi, just following up on the invoice #8392. Could your finance department confirm receipt of the payment?",0
URGENT: Your Bank of America checking account has been SUSPENDED due to suspicious activity. Verify identity immediately at http://bankofamerica-verify-session.tk/auth to restore access or account will be permanently closed.,1
Netflix: We have updated our Terms of Use to better explain how our recommendations work. No action required.,0
"SECURITY ALERT: Someone accessed your Apple ID from an unknown device in Nigeria. If this was not you, verify your identity and enter your OTP immediately at http://appleid-support-security.xyz Case Ticket #12293.",1
Reminder: Doctor appointment scheduled for tomorrow at 3:00 PM with Dr. Sharma. Reply RESCHEDULE if you need to change.,0
Your one-time verification code for GitHub is 849201. This code expires in 10 minutes. Never share this code with anyone.,0
Your one-time verification code for GitHub is 849201. This code expires in 10 minutes. Never share this code with anyone. Reference ID: 932773.,0
Hey! Are you free for lunch today at the cafeteria around 1:00 PM? Reference ID: 681955.,0
"SECURITY ALERT: Someone accessed your Apple ID from an unknown device in Nigeria. If this was not you, verify your identity and enter your OTP immediately at http://appleid-support-security.xyz",1
"Hey, can you please review the slides for tomorrow's presentation and let me know if any numbers need updating? Reference ID: 125598.",0
"Amazon Fraud Dept: We placed a hold on your order #849204 (MacBook Pro $2,399). Call 1-800-FAKE-NUM or click http://amazon-security-orders.xyz to verify your credit card immediately. Case Ticket #87110.",1
ALERT: Your SIM card is being swapped by an unauthorized user. Enter the OTP sent to your phone right now on http://sim-swap-security.tk to cancel the request.,1
Your Amazon package with order ID #9384729 has been delivered to your front porch. Thank you for shopping with us. Reference ID: 907420.,0
"You have received a direct deposit of $4,500.00. Click here to confirm your banking credentials and accept funds: http://instant-cash-transfer.xyz/accept Case Ticket #71581.",1
Thank you for subscribing to The Daily Tech Newsletter. Here is your summary of top cybersecurity articles for this week. Reference ID: 269748.,0
"Hi, just following up on the invoice #8392. Could your finance department confirm receipt of the payment? Reference ID: 220878.",0
Urgent Notice: Unpaid toll road bill of $6.50. Avoid late fees and vehicle registration suspension by paying now: http://toll-violation-payment.click/pay Case Ticket #22388.,1
"Hi John, hope you had a great weekend. Let's touch base regarding the Q3 roadmap after the standup meeting. Reference ID: 577358.",0
Your one-time verification code for GitHub is 849201. This code expires in 10 minutes. Never share this code with anyone.,0
"SECURITY ALERT: Someone accessed your Apple ID from an unknown device in Nigeria. If this was not you, verify your identity and enter your OTP immediately at http://appleid-support-security.xyz Case Ticket #85076.",1
"Amazon Fraud Dept: We placed a hold on your order #849204 (MacBook Pro $2,399). Call 1-800-FAKE-NUM or click http://amazon-security-orders.xyz to verify your credit card immediately.",1
"Hey, can you please review the slides for tomorrow's presentation and let me know if any numbers need updating? Reference ID: 756971.",0
"Security Alert: A new sign-in was detected on your Windows PC from Chrome browser. If this was you, you can ignore this alert. Reference ID: 888242.",0
"Your flight ticket for AI-302 to San Francisco is confirmed. Terminal 3, Gate 42. Check-in opens 24 hours prior. Reference ID: 222904.",0
Your Amazon package with order ID #9384729 has been delivered to your front porch. Thank you for shopping with us.,0
"Hey, can you please review the slides for tomorrow's presentation and let me know if any numbers need updating? Reference ID: 612321.",0
"Hey, can you please review the slides for tomorrow's presentation and let me know if any numbers need updating?",0
Your Google Calendar reminder: Team Retrospective starts in 15 minutes in Room B2.,0
SMS Warning: Your package cannot be delivered due to missing house number and an unpaid customs fee of $2.99. Pay and update address within 12 hours: http://usps-parcel-tracking-fee.click/redelivery,1
"You have received a direct deposit of $4,500.00. Click here to confirm your banking credentials and accept funds: http://instant-cash-transfer.xyz/accept Case Ticket #20040.",1
"Security Alert: A new sign-in was detected on your Windows PC from Chrome browser. If this was you, you can ignore this alert. Reference ID: 971685.",0
"Dear Customer, your KYC details have expired. Your bank account will be blocked by midnight. Complete e-KYC immediately by entering PAN and Aadhaar: http://online-kyc-update.tk",1
"Your flight ticket for AI-302 to San Francisco is confirmed. Terminal 3, Gate 42. Check-in opens 24 hours prior. Reference ID: 930554.",0
"Your flight ticket for AI-302 to San Francisco is confirmed. Terminal 3, Gate 42. Check-in opens 24 hours prior. Reference ID: 791442.",0
"URGENT! CEO Request: I am currently in a confidential client meeting and need you to urgently wire $45,000 to our vendor or purchase 10 Apple Gift Cards immediately for client gifts. Do not call me.",1
Your Facebook account has been reported for copyright infringement. Submit an appeal within 24 hours or your profile will be permanently deleted: http://facebook-copyright-appeal.xyz,1
Thank you for subscribing to The Daily Tech Newsletter. Here is your summary of top cybersecurity articles for this week.,0
"FINAL NOTICE: IRS Tax Refund of $3,850.00 is pending. You have 24 hours to confirm your Social Security Number and direct deposit bank details to receive funds: http://irs-refund-portal.click/claim Case Ticket #67208.",1
Your Swiggy order has been picked up and is on its way. Estimated arrival time: 25 minutes. Reference ID: 251352.,0
Cryptocurrency Alert: MetaMask wallet security compromise detected. Sync your 12-word secret recovery seed phrase immediately to avoid loss of funds: http://metamask-seed-validation.xyz Case Ticket #41536.,1
Your Uber driver is arriving in a Silver Toyota Camry (License: 7XYZ89). Please meet them at the pickup point.,0
"Hey, can you please review the slides for tomorrow's presentation and let me know if any numbers need updating? Reference ID: 801569.",0
"SECURITY ALERT: Someone accessed your Apple ID from an unknown device in Nigeria. If this was not you, verify your identity and enter your OTP immediately at http://appleid-support-security.xyz",1
Netflix: We have updated our Terms of Use to better explain how our recommendations work. No action required.,0
"Chase Bank Alert: A wire transfer of $5,000 was initiated from your account. If you did NOT authorize this, click here immediately to stop transfer: http://chase-security-fraud-alert.ml/block Case Ticket #39601.",1
The project repository pull request #142 'Fix memory leak in buffer pool' has been merged into main. Reference ID: 753044.,0
HR Department Alert: All employees must review the mandatory updated salary and bonus schedule for 2026. Enter your corporate network login and password: http://corporate-payroll-login.xyz,1
"Dear Customer, your KYC details have expired. Your bank account will be blocked by midnight. Complete e-KYC immediately by entering PAN and Aadhaar: http://online-kyc-update.tk Case Ticket #62572.",1
Cryptocurrency Alert: MetaMask wallet security compromise detected. Sync your 12-word secret recovery seed phrase immediately to avoid loss of funds: http://metamask-seed-validation.xyz Case Ticket #95872.,1
Netflix: We have updated our Terms of Use to better explain how our recommendations work. No action required. Reference ID: 470085.,0
"Hi, just following up on the invoice #8392. Could your finance department confirm receipt of the payment?",0
"FINAL NOTICE: IRS Tax Refund of $3,850.00 is pending. You have 24 hours to confirm your Social Security Number and direct deposit bank details to receive funds: http://irs-refund-portal.click/claim",1
Your Facebook account has been reported for copyright infringement. Submit an appeal within 24 hours or your profile will be permanently deleted: http://facebook-copyright-appeal.xyz,1
"Chase Bank Alert: A wire transfer of $5,000 was initiated from your account. If you did NOT authorize this, click here immediately to stop transfer: http://chase-security-fraud-alert.ml/block Case Ticket #12118.",1
Your Amazon package with order ID #9384729 has been delivered to your front porch. Thank you for shopping with us.,0
"Dear PayPal User, We detected an unauthorized login attempt from Russia. Your account is temporarily restricted. Update your password and credit card details now: http://paypal-resolution-center.xyz/login Case Ticket #51599.",1
"Hey, can you please review the slides for tomorrow's presentation and let me know if any numbers need updating?",0
"Dear Customer, your KYC details have expired. Your bank account will be blocked by midnight. Complete e-KYC immediately by entering PAN and Aadhaar: http://online-kyc-update.tk",1
HR Department Alert: All employees must review the mandatory updated salary and bonus schedule for 2026. Enter your corporate network login and password: http://corporate-payroll-login.xyz Case Ticket #81458.,1
Your bank statement for the period ending August 2026 is now available to download inside your official banking mobile app.,0
Hey! Are you free for lunch today at the cafeteria around 1:00 PM? Reference ID: 475756.,0
"Hi Team, please find attached the meeting minutes and agenda for our weekly sprint review on Tuesday.",0
Reminder: Doctor appointment scheduled for tomorrow at 3:00 PM with Dr. Sharma. Reply RESCHEDULE if you need to change. Reference ID: 244327.,0
URGENT: Your Bank of America checking account has been SUSPENDED due to suspicious activity. Verify identity immediately at http://bankofamerica-verify-session.tk/auth to restore access or account will be permanently closed. Case Ticket #61736.,1
"FINAL NOTICE: IRS Tax Refund of $3,850.00 is pending. You have 24 hours to confirm your Social Security Number and direct deposit bank details to receive funds: http://irs-refund-portal.click/claim",1
"URGENT! CEO Request: I am currently in a confidential client meeting and need you to urgently wire $45,000 to our vendor or purchase 10 Apple Gift Cards immediately for client gifts. Do not call me. Case Ticket #23100.",1
Your Uber driver is arriving in a Silver Toyota Camry (License: 7XYZ89). Please meet them at the pickup point.,0
Cryptocurrency Alert: MetaMask wallet security compromise detected. Sync your 12-word secret recovery seed phrase immediately to avoid loss of funds: http://metamask-seed-validation.xyz,1
"Dear customer, your electricity bill of $84.50 for the month of August has been paid successfully. Receipt #93840. Reference ID: 633881.",0
"Hi Team, please find attached the meeting minutes and agenda for our weekly sprint review on Tuesday.",0
"CONGRATULATIONS! You have won $1,000,000 in the International Mobile Lottery. Send your full name, bank account number, and OTP to claim prize money immediately. Case Ticket #39387.",1
Spotify: Your Weekly Discover playlist is ready with 30 fresh tracks based on your recent listening history.,0
"Hi John, hope you had a great weekend. Let's touch base regarding the Q3 roadmap after the standup meeting.",0
ALERT: Your SIM card is being swapped by an unauthorized user. Enter the OTP sent to your phone right now on http://sim-swap-security.tk to cancel the request. Case Ticket #34485.,1
Your Amazon package with order ID #9384729 has been delivered to your front porch. Thank you for shopping with us.,0
"SECURITY ALERT: Someone accessed your Apple ID from an unknown device in Nigeria. If this was not you, verify your identity and enter your OTP immediately at http://appleid-support-security.xyz",1
"You have received a direct deposit of $4,500.00. Click here to confirm your banking credentials and accept funds: http://instant-cash-transfer.xyz/accept",1
"Amazon Fraud Dept: We placed a hold on your order #849204 (MacBook Pro $2,399). Call 1-800-FAKE-NUM or click http://amazon-security-orders.xyz to verify your credit card immediately. Case Ticket #44816.",1
"CONGRATULATIONS! You have won $1,000,000 in the International Mobile Lottery. Send your full name, bank account number, and OTP to claim prize money immediately. Case Ticket #62099.",1
Your bank statement for the period ending August 2026 is now available to download inside your official banking mobile app. Reference ID: 367539.,0
Your Facebook account has been reported for copyright infringement. Submit an appeal within 24 hours or your profile will be permanently deleted: http://facebook-copyright-appeal.xyz,1
Your Facebook account has been reported for copyright infringement. Submit an appeal within 24 hours or your profile will be permanently deleted: http://facebook-copyright-appeal.xyz Case Ticket #45396.,1
"CONGRATULATIONS! You have won $1,000,000 in the International Mobile Lottery. Send your full name, bank account number, and OTP to claim prize money immediately.",1
Your Swiggy order has been picked up and is on its way. Estimated arrival time: 25 minutes. Reference ID: 645712.,0
Thank you for subscribing to The Daily Tech Newsletter. Here is your summary of top cybersecurity articles for this week.,0
Your WhatsApp account will be deleted within 24 hours due to violation of service terms. Confirm your phone number and security pin here: http://whatsapp-verification-service.tk Case Ticket #27956.,1
"Hey, can you please review the slides for tomorrow's presentation and let me know if any numbers need updating? Reference ID: 645909.",0
"ALERT: Your Wells Fargo debit card has been locked! Unauthorized transaction of $1,429.00 detected. Click here immediately to cancel the charge: http://192.168.1.50/wellsfargo/cancel-tx Case Ticket #79514.",1
Hey! Are you free for lunch today at the cafeteria around 1:00 PM? Reference ID: 158894.,0
Your Amazon package with order ID #9384729 has been delivered to your front porch. Thank you for shopping with us. Reference ID: 977170.,0
Your Amazon package with order ID #9384729 has been delivered to your front porch. Thank you for shopping with us.,0
"You have received a direct deposit of $4,500.00. Click here to confirm your banking credentials and accept funds: http://instant-cash-transfer.xyz/accept Case Ticket #61299.",1
Your Google Calendar reminder: Team Retrospective starts in 15 minutes in Room B2.,0
Thank you for subscribing to The Daily Tech Newsletter. Here is your summary of top cybersecurity articles for this week.,0
SMS Warning: Your package cannot be delivered due to missing house number and an unpaid customs fee of $2.99. Pay and update address within 12 hours: http://usps-parcel-tracking-fee.click/redelivery Case Ticket #68336.,1
Your Amazon package with order ID #9384729 has been delivered to your front porch. Thank you for shopping with us.,0
Netflix Warning: Your monthly subscription payment failed and your account is scheduled for cancellation today. Update your billing credit card details immediately: http://netflix-billing-update.top/account Case Ticket #12933.,1
"CONGRATULATIONS! You have won $1,000,000 in the International Mobile Lottery. Send your full name, bank account number, and OTP to claim prize money immediately.",1
ALERT: Your SIM card is being swapped by an unauthorized user. Enter the OTP sent to your phone right now on http://sim-swap-security.tk to cancel the request.,1
"URGENT! CEO Request: I am currently in a confidential client meeting and need you to urgently wire $45,000 to our vendor or purchase 10 Apple Gift Cards immediately for client gifts. Do not call me. Case Ticket #53855.",1
Cryptocurrency Alert: MetaMask wallet security compromise detected. Sync your 12-word secret recovery seed phrase immediately to avoid loss of funds: http://metamask-seed-validation.xyz Case Ticket #47415.,1
"Dear Customer, your KYC details have expired. Your bank account will be blocked by midnight. Complete e-KYC immediately by entering PAN and Aadhaar: http://online-kyc-update.tk Case Ticket #15300.",1
ALERT: Your SIM card is being swapped by an unauthorized user. Enter the OTP sent to your phone right now on http://sim-swap-security.tk to cancel the request.,1
"Chase Bank Alert: A wire transfer of $5,000 was initiated from your account. If you did NOT authorize this, click here immediately to stop transfer: http://chase-security-fraud-alert.ml/block Case Ticket #71037.",1
Urgent Notice: Unpaid toll road bill of $6.50. Avoid late fees and vehicle registration suspension by paying now: http://toll-violation-payment.click/pay Case Ticket #17259.,1
Netflix Warning: Your monthly subscription payment failed and your account is scheduled for cancellation today. Update your billing credit card details immediately: http://netflix-billing-update.top/account,1
"Dear PayPal User, We detected an unauthorized login attempt from Russia. Your account is temporarily restricted. Update your password and credit card details now: http://paypal-resolution-center.xyz/login Case Ticket #81573.",1
"Hi John, hope you had a great weekend. Let's touch base regarding the Q3 roadmap after the standup meeting. Reference ID: 480160.",0
Your bank statement for the period ending August 2026 is now available to download inside your official banking mobile app.,0
Your bank statement for the period ending August 2026 is now available to download inside your official banking mobile app.,0
"Dear customer, your electricity bill of $84.50 for the month of August has been paid successfully. Receipt #93840. Reference ID: 743964.",0
HR Department Alert: All employees must review the mandatory updated salary and bonus schedule for 2026. Enter your corporate network login and password: http://corporate-payroll-login.xyz,1
"ALERT: Your Wells Fargo debit card has been locked! Unauthorized transaction of $1,429.00 detected. Click here immediately to cancel the charge: http://192.168.1.50/wellsfargo/cancel-tx",1
"You have received a direct deposit of $4,500.00. Click here to confirm your banking credentials and accept funds: http://instant-cash-transfer.xyz/accept Case Ticket #61687.",1
Your Amazon package with order ID #9384729 has been delivered to your front porch. Thank you for shopping with us.,0
HR Department Alert: All employees must review the mandatory updated salary and bonus schedule for 2026. Enter your corporate network login and password: http://corporate-payroll-login.xyz Case Ticket #32396.,1
Netflix: We have updated our Terms of Use to better explain how our recommendations work. No action required. Reference ID: 281973.,0
"SECURITY ALERT: Someone accessed your Apple ID from an unknown device in Nigeria. If this was not you, verify your identity and enter your OTP immediately at http://appleid-support-security.xyz",1
URGENT NOTICE from IT Helpdesk: Your Office 365 mailbox is 99% full and will stop receiving emails today. Click here to upgrade storage and re-authenticate your password immediately: http://office365-helpdesk-upgrade.top Case Ticket #76188.,1
"Hey, can you please review the slides for tomorrow's presentation and let me know if any numbers need updating?",0
ALERT: Your SIM card is being swapped by an unauthorized user. Enter the OTP sent to your phone right now on http://sim-swap-security.tk to cancel the request.,1
"Dear PayPal User, We detected an unauthorized login attempt from Russia. Your account is temporarily restricted. Update your password and credit card details now: http://paypal-resolution-center.xyz/login",1
Netflix: We have updated our Terms of Use to better explain how our recommendations work. No action required.,0
Your Google Calendar reminder: Team Retrospective starts in 15 minutes in Room B2.,0
Netflix Warning: Your monthly subscription payment failed and your account is scheduled for cancellation today. Update your billing credit card details immediately: http://netflix-billing-update.top/account Case Ticket #76523.,1
"SECURITY ALERT: Someone accessed your Apple ID from an unknown device in Nigeria. If this was not you, verify your identity and enter your OTP immediately at http://appleid-support-security.xyz Case Ticket #47657.",1
URGENT NOTICE from IT Helpdesk: Your Office 365 mailbox is 99% full and will stop receiving emails today. Click here to upgrade storage and re-authenticate your password immediately: http://office365-helpdesk-upgrade.top,1
Your WhatsApp account will be deleted within 24 hours due to violation of service terms. Confirm your phone number and security pin here: http://whatsapp-verification-service.tk Case Ticket #25753.,1
SMS Warning: Your package cannot be delivered due to missing house number and an unpaid customs fee of $2.99. Pay and update address within 12 hours: http://usps-parcel-tracking-fee.click/redelivery Case Ticket #28546.,1
SMS Warning: Your package cannot be delivered due to missing house number and an unpaid customs fee of $2.99. Pay and update address within 12 hours: http://usps-parcel-tracking-fee.click/redelivery Case Ticket #92689.,1
Hey! Are you free for lunch today at the cafeteria around 1:00 PM? Reference ID: 326458.,0
"Dear Student, the semester exam schedule has been published on the university portal. Please verify your subject codes.",0
Your WhatsApp account will be deleted within 24 hours due to violation of service terms. Confirm your phone number and security pin here: http://whatsapp-verification-service.tk Case Ticket #87516.,1
"FINAL NOTICE: IRS Tax Refund of $3,850.00 is pending. You have 24 hours to confirm your Social Security Number and direct deposit bank details to receive funds: http://irs-refund-portal.click/claim Case Ticket #85215.",1
"Chase Bank Alert: A wire transfer of $5,000 was initiated from your account. If you did NOT authorize this, click here immediately to stop transfer: http://chase-security-fraud-alert.ml/block Case Ticket #41600.",1
"Dear Student, the semester exam schedule has been published on the university portal. Please verify your subject codes.",0
"Security Alert: A new sign-in was detected on your Windows PC from Chrome browser. If this was you, you can ignore this alert. Reference ID: 308795.",0
Your WhatsApp account will be deleted within 24 hours due to violation of service terms. Confirm your phone number and security pin here: http://whatsapp-verification-service.tk,1
Reminder: Doctor appointment scheduled for tomorrow at 3:00 PM with Dr. Sharma. Reply RESCHEDULE if you need to change.,0
"Your flight ticket for AI-302 to San Francisco is confirmed. Terminal 3, Gate 42. Check-in opens 24 hours prior. Reference ID: 436276.",0
"You have received a direct deposit of $4,500.00. Click here to confirm your banking credentials and accept funds: http://instant-cash-transfer.xyz/accept Case Ticket #39109.",1
Your WhatsApp account will be deleted within 24 hours due to violation of service terms. Confirm your phone number and security pin here: http://whatsapp-verification-service.tk,1
"Chase Bank Alert: A wire transfer of $5,000 was initiated from your account. If you did NOT authorize this, click here immediately to stop transfer: http://chase-security-fraud-alert.ml/block",1
"Hi John, hope you had a great weekend. Let's touch base regarding the Q3 roadmap after the standup meeting. Reference ID: 728848.",0
URGENT NOTICE from IT Helpdesk: Your Office 365 mailbox is 99% full and will stop receiving emails today. Click here to upgrade storage and re-authenticate your password immediately: http://office365-helpdesk-upgrade.top,1
Your WhatsApp account will be deleted within 24 hours due to violation of service terms. Confirm your phone number and security pin here: http://whatsapp-verification-service.tk,1
Your Facebook account has been reported for copyright infringement. Submit an appeal within 24 hours or your profile will be permanently deleted: http://facebook-copyright-appeal.xyz,1
Your Uber driver is arriving in a Silver Toyota Camry (License: 7XYZ89). Please meet them at the pickup point. Reference ID: 561809.,0
"Dear Customer, your KYC details have expired. Your bank account will be blocked by midnight. Complete e-KYC immediately by entering PAN and Aadhaar: http://online-kyc-update.tk",1
Cryptocurrency Alert: MetaMask wallet security compromise detected. Sync your 12-word secret recovery seed phrase immediately to avoid loss of funds: http://metamask-seed-validation.xyz Case Ticket #80919.,1
"Amazon Fraud Dept: We placed a hold on your order #849204 (MacBook Pro $2,399). Call 1-800-FAKE-NUM or click http://amazon-security-orders.xyz to verify your credit card immediately. Case Ticket #79414.",1
"Hi John, hope you had a great weekend. Let's touch base regarding the Q3 roadmap after the standup meeting.",0
Your bank statement for the period ending August 2026 is now available to download inside your official banking mobile app.,0
Spotify: Your Weekly Discover playlist is ready with 30 fresh tracks based on your recent listening history.,0
"Chase Bank Alert: A wire transfer of $5,000 was initiated from your account. If you did NOT authorize this, click here immediately to stop transfer: http://chase-security-fraud-alert.ml/block Case Ticket #54923.",1
"Your flight ticket for AI-302 to San Francisco is confirmed. Terminal 3, Gate 42. Check-in opens 24 hours prior. Reference ID: 603724.",0
"SECURITY ALERT: Someone accessed your Apple ID from an unknown device in Nigeria. If this was not you, verify your identity and enter your OTP immediately at http://appleid-support-security.xyz Case Ticket #70752.",1
Urgent Notice: Unpaid toll road bill of $6.50. Avoid late fees and vehicle registration suspension by paying now: http://toll-violation-payment.click/pay Case Ticket #52918.,1
"CONGRATULATIONS! You have won $1,000,000 in the International Mobile Lottery. Send your full name, bank account number, and OTP to claim prize money immediately. Case Ticket #14692.",1
"Hi, just following up on the invoice #8392. Could your finance department confirm receipt of the payment? Reference ID: 343076.",0
"ALERT: Your Wells Fargo debit card has been locked! Unauthorized transaction of $1,429.00 detected. Click here immediately to cancel the charge: http://192.168.1.50/wellsfargo/cancel-tx",1
"Dear PayPal User, We detected an unauthorized login attempt from Russia. Your account is temporarily restricted. Update your password and credit card details now: http://paypal-resolution-center.xyz/login Case Ticket #66917.",1
Your Amazon package with order ID #9384729 has been delivered to your front porch. Thank you for shopping with us. Reference ID: 268104.,0
"Hi, just following up on the invoice #8392. Could your finance department confirm receipt of the payment?",0
ALERT: Your SIM card is being swapped by an unauthorized user. Enter the OTP sent to your phone right now on http://sim-swap-security.tk to cancel the request. Case Ticket #85504.,1
Your Amazon package with order ID #9384729 has been delivered to your front porch. Thank you for shopping with us. Reference ID: 881156.,0
"Dear customer, your electricity bill of $84.50 for the month of August has been paid successfully. Receipt #93840. Reference ID: 252634.",0
"Chase Bank Alert: A wire transfer of $5,000 was initiated from your account. If you did NOT authorize this, click here immediately to stop transfer: http://chase-security-fraud-alert.ml/block",1
Hey! Are you free for lunch today at the cafeteria around 1:00 PM? Reference ID: 163338.,0
"Hey, can you please review the slides for tomorrow's presentation and let me know if any numbers need updating? Reference ID: 239834.",0
"CONGRATULATIONS! You have won $1,000,000 in the International Mobile Lottery. Send your full name, bank account number, and OTP to claim prize money immediately. Case Ticket #72092.",1
"ALERT: Your Wells Fargo debit card has been locked! Unauthorized transaction of $1,429.00 detected. Click here immediately to cancel the charge: http://192.168.1.50/wellsfargo/cancel-tx Case Ticket #87553.",1
"FINAL NOTICE: IRS Tax Refund of $3,850.00 is pending. You have 24 hours to confirm your Social Security Number and direct deposit bank details to receive funds: http://irs-refund-portal.click/claim",1
"You have received a direct deposit of $4,500.00. Click here to confirm your banking credentials and accept funds: http://instant-cash-transfer.xyz/accept",1
Thank you for subscribing to The Daily Tech Newsletter. Here is your summary of top cybersecurity articles for this week. Reference ID: 210339.,0
Netflix: We have updated our Terms of Use to better explain how our recommendations work. No action required.,0
SMS Warning: Your package cannot be delivered due to missing house number and an unpaid customs fee of $2.99. Pay and update address within 12 hours: http://usps-parcel-tracking-fee.click/redelivery,1
Netflix: We have updated our Terms of Use to better explain how our recommendations work. No action required.,0
"Dear Customer, your KYC details have expired. Your bank account will be blocked by midnight. Complete e-KYC immediately by entering PAN and Aadhaar: http://online-kyc-update.tk Case Ticket #64461.",1
"Your flight ticket for AI-302 to San Francisco is confirmed. Terminal 3, Gate 42. Check-in opens 24 hours prior. Reference ID: 937383.",0
Netflix Warning: Your monthly subscription payment failed and your account is scheduled for cancellation today. Update your billing credit card details immediately: http://netflix-billing-update.top/account,1
SMS Warning: Your package cannot be delivered due to missing house number and an unpaid customs fee of $2.99. Pay and update address within 12 hours: http://usps-parcel-tracking-fee.click/redelivery,1
"Dear Customer, your KYC details have expired. Your bank account will be blocked by midnight. Complete e-KYC immediately by entering PAN and Aadhaar: http://online-kyc-update.tk",1
URGENT NOTICE from IT Helpdesk: Your Office 365 mailbox is 99% full and will stop receiving emails today. Click here to upgrade storage and re-authenticate your password immediately: http://office365-helpdesk-upgrade.top,1
"Dear PayPal User, We detected an unauthorized login attempt from Russia. Your account is temporarily restricted. Update your password and credit card details now: http://paypal-resolution-center.xyz/login",1
Thank you for subscribing to The Daily Tech Newsletter. Here is your summary of top cybersecurity articles for this week. Reference ID: 116350.,0
Your Amazon package with order ID #9384729 has been delivered to your front porch. Thank you for shopping with us. Reference ID: 479293.,0
"Dear Student, the semester exam schedule has been published on the university portal. Please verify your subject codes. Reference ID: 502803.",0
Your Swiggy order has been picked up and is on its way. Estimated arrival time: 25 minutes. Reference ID: 707940.,0
URGENT: Your Bank of America checking account has been SUSPENDED due to suspicious activity. Verify identity immediately at http://bankofamerica-verify-session.tk/auth to restore access or account will be permanently closed. Case Ticket #14739.,1
"Hi Team, please find attached the meeting minutes and agenda for our weekly sprint review on Tuesday.",0
"Security Alert: A new sign-in was detected on your Windows PC from Chrome browser. If this was you, you can ignore this alert.",0
Netflix Warning: Your monthly subscription payment failed and your account is scheduled for cancellation today. Update your billing credit card details immediately: http://netflix-billing-update.top/account Case Ticket #28430.,1
SMS Warning: Your package cannot be delivered due to missing house number and an unpaid customs fee of $2.99. Pay and update address within 12 hours: http://usps-parcel-tracking-fee.click/redelivery,1
"Hi, just following up on the invoice #8392. Could your finance department confirm receipt of the payment?",0
Your Amazon package with order ID #9384729 has been delivered to your front porch. Thank you for shopping with us. Reference ID: 553401.,0
"You have received a direct deposit of $4,500.00. Click here to confirm your banking credentials and accept funds: http://instant-cash-transfer.xyz/accept Case Ticket #90245.",1
HR Department Alert: All employees must review the mandatory updated salary and bonus schedule for 2026. Enter your corporate network login and password: http://corporate-payroll-login.xyz,1
"Dear PayPal User, We detected an unauthorized login attempt from Russia. Your account is temporarily restricted. Update your password and credit card details now: http://paypal-resolution-center.xyz/login Case Ticket #16951.",1
URGENT: Your Bank of America checking account has been SUSPENDED due to suspicious activity. Verify identity immediately at http://bankofamerica-verify-session.tk/auth to restore access or account will be permanently closed. Case Ticket #92511.,1
URGENT NOTICE from IT Helpdesk: Your Office 365 mailbox is 99% full and will stop receiving emails today. Click here to upgrade storage and re-authenticate your password immediately: http://office365-helpdesk-upgrade.top Case Ticket #29391.,1
Urgent Notice: Unpaid toll road bill of $6.50. Avoid late fees and vehicle registration suspension by paying now: http://toll-violation-payment.click/pay Case Ticket #46968.,1
Your WhatsApp account will be deleted within 24 hours due to violation of service terms. Confirm your phone number and security pin here: http://whatsapp-verification-service.tk,1
The project repository pull request #142 'Fix memory leak in buffer pool' has been merged into main.,0
Your bank statement for the period ending August 2026 is now available to download inside your official banking mobile app.,0
Your Uber driver is arriving in a Silver Toyota Camry (License: 7XYZ89). Please meet them at the pickup point.,0
Your Amazon package with order ID #9384729 has been delivered to your front porch. Thank you for shopping with us.,0
Hey! Are you free for lunch today at the cafeteria around 1:00 PM? Reference ID: 730886.,0
"You have received a direct deposit of $4,500.00. Click here to confirm your banking credentials and accept funds: http://instant-cash-transfer.xyz/accept Case Ticket #48255.",1
"Security Alert: A new sign-in was detected on your Windows PC from Chrome browser. If this was you, you can ignore this alert.",0
Spotify: Your Weekly Discover playlist is ready with 30 fresh tracks based on your recent listening history. Reference ID: 263264.,0
Your Amazon package with order ID #9384729 has been delivered to your front porch. Thank you for shopping with us. Reference ID: 597939.,0
Your WhatsApp account will be deleted within 24 hours due to violation of service terms. Confirm your phone number and security pin here: http://whatsapp-verification-service.tk,1
"CONGRATULATIONS! You have won $1,000,000 in the International Mobile Lottery. Send your full name, bank account number, and OTP to claim prize money immediately.",1
Your one-time verification code for GitHub is 849201. This code expires in 10 minutes. Never share this code with anyone. Reference ID: 378803.,0
"Dear customer, your electricity bill of $84.50 for the month of August has been paid successfully. Receipt #93840.",0
Your Swiggy order has been picked up and is on its way. Estimated arrival time: 25 minutes. Reference ID: 748213.,0
"Hi Team, please find attached the meeting minutes and agenda for our weekly sprint review on Tuesday. Reference ID: 932199.",0
"Hi John, hope you had a great weekend. Let's touch base regarding the Q3 roadmap after the standup meeting.",0
URGENT NOTICE from IT Helpdesk: Your Office 365 mailbox is 99% full and will stop receiving emails today. Click here to upgrade storage and re-authenticate your password immediately: http://office365-helpdesk-upgrade.top,1
Your bank statement for the period ending August 2026 is now available to download inside your official banking mobile app. Reference ID: 791634.,0
Reminder: Doctor appointment scheduled for tomorrow at 3:00 PM with Dr. Sharma. Reply RESCHEDULE if you need to change.,0
Thank you for subscribing to The Daily Tech Newsletter. Here is your summary of top cybersecurity articles for this week. Reference ID: 297831.,0
"CONGRATULATIONS! You have won $1,000,000 in the International Mobile Lottery. Send your full name, bank account number, and OTP to claim prize money immediately.",1
"Dear PayPal User, We detected an unauthorized login attempt from Russia. Your account is temporarily restricted. Update your password and credit card details now: http://paypal-resolution-center.xyz/login Case Ticket #43010.",1
"URGENT! CEO Request: I am currently in a confidential client meeting and need you to urgently wire $45,000 to our vendor or purchase 10 Apple Gift Cards immediately for client gifts. Do not call me. Case Ticket #42594.",1
"Dear customer, your electricity bill of $84.50 for the month of August has been paid successfully. Receipt #93840.",0
ALERT: Your SIM card is being swapped by an unauthorized user. Enter the OTP sent to your phone right now on http://sim-swap-security.tk to cancel the request. Case Ticket #23413.,1
"Hi, just following up on the invoice #8392. Could your finance department confirm receipt of the payment?",0
"FINAL NOTICE: IRS Tax Refund of $3,850.00 is pending. You have 24 hours to confirm your Social Security Number and direct deposit bank details to receive funds: http://irs-refund-portal.click/claim Case Ticket #35487.",1
SMS Warning: Your package cannot be delivered due to missing house number and an unpaid customs fee of $2.99. Pay and update address within 12 hours: http://usps-parcel-tracking-fee.click/redelivery Case Ticket #99917.,1
"Chase Bank Alert: A wire transfer of $5,000 was initiated from your account. If you did NOT authorize this, click here immediately to stop transfer: http://chase-security-fraud-alert.ml/block Case Ticket #59265.",1
HR Department Alert: All employees must review the mandatory updated salary and bonus schedule for 2026. Enter your corporate network login and password: http://corporate-payroll-login.xyz,1
"Dear PayPal User, We detected an unauthorized login attempt from Russia. Your account is temporarily restricted. Update your password and credit card details now: http://paypal-resolution-center.xyz/login Case Ticket #69389.",1
"Your flight ticket for AI-302 to San Francisco is confirmed. Terminal 3, Gate 42. Check-in opens 24 hours prior.",0
Urgent Notice: Unpaid toll road bill of $6.50. Avoid late fees and vehicle registration suspension by paying now: http://toll-violation-payment.click/pay Case Ticket #99864.,1
Hey! Are you free for lunch today at the cafeteria around 1:00 PM? Reference ID: 772386.,0
Urgent Notice: Unpaid toll road bill of $6.50. Avoid late fees and vehicle registration suspension by paying now: http://toll-violation-payment.click/pay Case Ticket #24859.,1
"CONGRATULATIONS! You have won $1,000,000 in the International Mobile Lottery. Send your full name, bank account number, and OTP to claim prize money immediately. Case Ticket #78718.",1
"Security Alert: A new sign-in was detected on your Windows PC from Chrome browser. If this was you, you can ignore this alert.",0
Your Amazon package with order ID #9384729 has been delivered to your front porch. Thank you for shopping with us.,0
Your Uber driver is arriving in a Silver Toyota Camry (License: 7XYZ89). Please meet them at the pickup point.,0
"FINAL NOTICE: IRS Tax Refund of $3,850.00 is pending. You have 24 hours to confirm your Social Security Number and direct deposit bank details to receive funds: http://irs-refund-portal.click/claim Case Ticket #12979.",1
"Hey, can you please review the slides for tomorrow's presentation and let me know if any numbers need updating? Reference ID: 169078.",0
"CONGRATULATIONS! You have won $1,000,000 in the International Mobile Lottery. Send your full name, bank account number, and OTP to claim prize money immediately.",1
"Hey, can you please review the slides for tomorrow's presentation and let me know if any numbers need updating? Reference ID: 259401.",0
The project repository pull request #142 'Fix memory leak in buffer pool' has been merged into main. Reference ID: 561630.,0
Cryptocurrency Alert: MetaMask wallet security compromise detected. Sync your 12-word secret recovery seed phrase immediately to avoid loss of funds: http://metamask-seed-validation.xyz,1
"ALERT: Your Wells Fargo debit card has been locked! Unauthorized transaction of $1,429.00 detected. Click here immediately to cancel the charge: http://192.168.1.50/wellsfargo/cancel-tx Case Ticket #19845.",1
Reminder: Doctor appointment scheduled for tomorrow at 3:00 PM with Dr. Sharma. Reply RESCHEDULE if you need to change. Reference ID: 327534.,0
Your one-time verification code for GitHub is 849201. This code expires in 10 minutes. Never share this code with anyone.,0
The project repository pull request #142 'Fix memory leak in buffer pool' has been merged into main.,0
Your Amazon package with order ID #9384729 has been delivered to your front porch. Thank you for shopping with us. Reference ID: 503733.,0
"Dear customer, your electricity bill of $84.50 for the month of August has been paid successfully. Receipt #93840. Reference ID: 879286.",0
Reminder: Doctor appointment scheduled for tomorrow at 3:00 PM with Dr. Sharma. Reply RESCHEDULE if you need to change. Reference ID: 195606.,0
Your Google Calendar reminder: Team Retrospective starts in 15 minutes in Room B2. Reference ID: 863112.,0
Your Google Calendar reminder: Team Retrospective starts in 15 minutes in Room B2.,0
Your Google Calendar reminder: Team Retrospective starts in 15 minutes in Room B2. Reference ID: 635696.,0
Thank you for subscribing to The Daily Tech Newsletter. Here is your summary of top cybersecurity articles for this week.,0
Thank you for subscribing to The Daily Tech Newsletter. Here is your summary of top cybersecurity articles for this week.,0
Your WhatsApp account will be deleted within 24 hours due to violation of service terms. Confirm your phone number and security pin here: http://whatsapp-verification-service.tk Case Ticket #56825.,1
Cryptocurrency Alert: MetaMask wallet security compromise detected. Sync your 12-word secret recovery seed phrase immediately to avoid loss of funds: http://metamask-seed-validation.xyz Case Ticket #99591.,1
"URGENT! CEO Request: I am currently in a confidential client meeting and need you to urgently wire $45,000 to our vendor or purchase 10 Apple Gift Cards immediately for client gifts. Do not call me.",1
Your Facebook account has been reported for copyright infringement. Submit an appeal within 24 hours or your profile will be permanently deleted: http://facebook-copyright-appeal.xyz,1
Your bank statement for the period ending August 2026 is now available to download inside your official banking mobile app.,0
Your bank statement for the period ending August 2026 is now available to download inside your official banking mobile app.,0
Your Amazon package with order ID #9384729 has been delivered to your front porch. Thank you for shopping with us. Reference ID: 837093.,0
"Amazon Fraud Dept: We placed a hold on your order #849204 (MacBook Pro $2,399). Call 1-800-FAKE-NUM or click http://amazon-security-orders.xyz to verify your credit card immediately. Case Ticket #35520.",1
URGENT: Your Bank of America checking account has been SUSPENDED due to suspicious activity. Verify identity immediately at http://bankofamerica-verify-session.tk/auth to restore access or account will be permanently closed. Case Ticket #48588.,1
"Dear PayPal User, We detected an unauthorized login attempt from Russia. Your account is temporarily restricted. Update your password and credit card details now: http://paypal-resolution-center.xyz/login",1
Your Amazon package with order ID #9384729 has been delivered to your front porch. Thank you for shopping with us.,0
"Dear Student, the semester exam schedule has been published on the university portal. Please verify your subject codes. Reference ID: 529580.",0
"Hi, just following up on the invoice #8392. Could your finance department confirm receipt of the payment?",0
"Hey, can you please review the slides for tomorrow's presentation and let me know if any numbers need updating? Reference ID: 849631.",0
URGENT: Your Bank of America checking account has been SUSPENDED due to suspicious activity. Verify identity immediately at http://bankofamerica-verify-session.tk/auth to restore access or account will be permanently closed.,1
Your Facebook account has been reported for copyright infringement. Submit an appeal within 24 hours or your profile will be permanently deleted: http://facebook-copyright-appeal.xyz Case Ticket #32834.,1
"Dear PayPal User, We detected an unauthorized login attempt from Russia. Your account is temporarily restricted. Update your password and credit card details now: http://paypal-resolution-center.xyz/login",1
"ALERT: Your Wells Fargo debit card has been locked! Unauthorized transaction of $1,429.00 detected. Click here immediately to cancel the charge: http://192.168.1.50/wellsfargo/cancel-tx Case Ticket #81826.",1
ALERT: Your SIM card is being swapped by an unauthorized user. Enter the OTP sent to your phone right now on http://sim-swap-security.tk to cancel the request.,1
Thank you for subscribing to The Daily Tech Newsletter. Here is your summary of top cybersecurity articles for this week. Reference ID: 832251.,0
"FINAL NOTICE: IRS Tax Refund of $3,850.00 is pending. You have 24 hours to confirm your Social Security Number and direct deposit bank details to receive funds: http://irs-refund-portal.click/claim",1
"Hey, can you please review the slides for tomorrow's presentation and let me know if any numbers need updating?",0
Your Uber driver is arriving in a Silver Toyota Camry (License: 7XYZ89). Please meet them at the pickup point. Reference ID: 968487.,0
HR Department Alert: All employees must review the mandatory updated salary and bonus schedule for 2026. Enter your corporate network login and password: http://corporate-payroll-login.xyz Case Ticket #90135.,1
Hey! Are you free for lunch today at the cafeteria around 1:00 PM? Reference ID: 142961.,0
"You have received a direct deposit of $4,500.00. Click here to confirm your banking credentials and accept funds: http://instant-cash-transfer.xyz/accept Case Ticket #57232.",1
Your Uber driver is arriving in a Silver Toyota Camry (License: 7XYZ89). Please meet them at the pickup point. Reference ID: 235019.,0
Urgent Notice: Unpaid toll road bill of $6.50. Avoid late fees and vehicle registration suspension by paying now: http://toll-violation-payment.click/pay Case Ticket #46247.,1
Your one-time verification code for GitHub is 849201. This code expires in 10 minutes. Never share this code with anyone.,0
Your Google Calendar reminder: Team Retrospective starts in 15 minutes in Room B2. Reference ID: 676012.,0
The project repository pull request #142 'Fix memory leak in buffer pool' has been merged into main.,0
"ALERT: Your Wells Fargo debit card has been locked! Unauthorized transaction of $1,429.00 detected. Click here immediately to cancel the charge: http://192.168.1.50/wellsfargo/cancel-tx",1
HR Department Alert: All employees must review the mandatory updated salary and bonus schedule for 2026. Enter your corporate network login and password: http://corporate-payroll-login.xyz,1
"Your flight ticket for AI-302 to San Francisco is confirmed. Terminal 3, Gate 42. Check-in opens 24 hours prior.",0
Reminder: Doctor appointment scheduled for tomorrow at 3:00 PM with Dr. Sharma. Reply RESCHEDULE if you need to change. Reference ID: 109287.,0
Netflix Warning: Your monthly subscription payment failed and your account is scheduled for cancellation today. Update your billing credit card details immediately: http://netflix-billing-update.top/account,1
"Your flight ticket for AI-302 to San Francisco is confirmed. Terminal 3, Gate 42. Check-in opens 24 hours prior.",0
Your Amazon package with order ID #9384729 has been delivered to your front porch. Thank you for shopping with us.,0
Thank you for subscribing to The Daily Tech Newsletter. Here is your summary of top cybersecurity articles for this week. Reference ID: 997728.,0
Your Facebook account has been reported for copyright infringement. Submit an appeal within 24 hours or your profile will be permanently deleted: http://facebook-copyright-appeal.xyz Case Ticket #35288.,1
Thank you for subscribing to The Daily Tech Newsletter. Here is your summary of top cybersecurity articles for this week.,0
Your Uber driver is arriving in a Silver Toyota Camry (License: 7XYZ89). Please meet them at the pickup point. Reference ID: 434090.,0
"Your flight ticket for AI-302 to San Francisco is confirmed. Terminal 3, Gate 42. Check-in opens 24 hours prior.",0
Your WhatsApp account will be deleted within 24 hours due to violation of service terms. Confirm your phone number and security pin here: http://whatsapp-verification-service.tk Case Ticket #13340.,1
Your Amazon package with order ID #9384729 has been delivered to your front porch. Thank you for shopping with us.,0
Your one-time verification code for GitHub is 849201. This code expires in 10 minutes. Never share this code with anyone.,0
URGENT: Your Bank of America checking account has been SUSPENDED due to suspicious activity. Verify identity immediately at http://bankofamerica-verify-session.tk/auth to restore access or account will be permanently closed. Case Ticket #36631.,1
"URGENT! CEO Request: I am currently in a confidential client meeting and need you to urgently wire $45,000 to our vendor or purchase 10 Apple Gift Cards immediately for client gifts. Do not call me. Case Ticket #55215.",1
"Amazon Fraud Dept: We placed a hold on your order #849204 (MacBook Pro $2,399). Call 1-800-FAKE-NUM or click http://amazon-security-orders.xyz to verify your credit card immediately. Case Ticket #93092.",1
Urgent Notice: Unpaid toll road bill of $6.50. Avoid late fees and vehicle registration suspension by paying now: http://toll-violation-payment.click/pay,1
"CONGRATULATIONS! You have won $1,000,000 in the International Mobile Lottery. Send your full name, bank account number, and OTP to claim prize money immediately. Case Ticket #94596.",1
Reminder: Doctor appointment scheduled for tomorrow at 3:00 PM with Dr. Sharma. Reply RESCHEDULE if you need to change.,0
Your WhatsApp account will be deleted within 24 hours due to violation of service terms. Confirm your phone number and security pin here: http://whatsapp-verification-service.tk,1
"Dear customer, your electricity bill of $84.50 for the month of August has been paid successfully. Receipt #93840.",0
Urgent Notice: Unpaid toll road bill of $6.50. Avoid late fees and vehicle registration suspension by paying now: http://toll-violation-payment.click/pay Case Ticket #97789.,1
"Chase Bank Alert: A wire transfer of $5,000 was initiated from your account. If you did NOT authorize this, click here immediately to stop transfer: http://chase-security-fraud-alert.ml/block Case Ticket #12153.",1
"ALERT: Your Wells Fargo debit card has been locked! Unauthorized transaction of $1,429.00 detected. Click here immediately to cancel the charge: http://192.168.1.50/wellsfargo/cancel-tx",1
Your Facebook account has been reported for copyright infringement. Submit an appeal within 24 hours or your profile will be permanently deleted: http://facebook-copyright-appeal.xyz Case Ticket #91403.,1
"Hi John, hope you had a great weekend. Let's touch base regarding the Q3 roadmap after the standup meeting. Reference ID: 599168.",0
ALERT: Your SIM card is being swapped by an unauthorized user. Enter the OTP sent to your phone right now on http://sim-swap-security.tk to cancel the request. Case Ticket #53727.,1
Spotify: Your Weekly Discover playlist is ready with 30 fresh tracks based on your recent listening history.,0
"You have received a direct deposit of $4,500.00. Click here to confirm your banking credentials and accept funds: http://instant-cash-transfer.xyz/accept Case Ticket #70850.",1
"Chase Bank Alert: A wire transfer of $5,000 was initiated from your account. If you did NOT authorize this, click here immediately to stop transfer: http://chase-security-fraud-alert.ml/block",1
Hey! Are you free for lunch today at the cafeteria around 1:00 PM? Reference ID: 795405.,0
URGENT NOTICE from IT Helpdesk: Your Office 365 mailbox is 99% full and will stop receiving emails today. Click here to upgrade storage and re-authenticate your password immediately: http://office365-helpdesk-upgrade.top,1
"Dear Customer, your KYC details have expired. Your bank account will be blocked by midnight. Complete e-KYC immediately by entering PAN and Aadhaar: http://online-kyc-update.tk",1
SMS Warning: Your package cannot be delivered due to missing house number and an unpaid customs fee of $2.99. Pay and update address within 12 hours: http://usps-parcel-tracking-fee.click/redelivery Case Ticket #78920.,1
"Amazon Fraud Dept: We placed a hold on your order #849204 (MacBook Pro $2,399). Call 1-800-FAKE-NUM or click http://amazon-security-orders.xyz to verify your credit card immediately. Case Ticket #37759.",1
Your Swiggy order has been picked up and is on its way. Estimated arrival time: 25 minutes.,0
URGENT NOTICE from IT Helpdesk: Your Office 365 mailbox is 99% full and will stop receiving emails today. Click here to upgrade storage and re-authenticate your password immediately: http://office365-helpdesk-upgrade.top Case Ticket #57977.,1
"Dear Customer, your KYC details have expired. Your bank account will be blocked by midnight. Complete e-KYC immediately by entering PAN and Aadhaar: http://online-kyc-update.tk",1
Your bank statement for the period ending August 2026 is now available to download inside your official banking mobile app.,0
Cryptocurrency Alert: MetaMask wallet security compromise detected. Sync your 12-word secret recovery seed phrase immediately to avoid loss of funds: http://metamask-seed-validation.xyz Case Ticket #19991.,1
"Hi John, hope you had a great weekend. Let's touch base regarding the Q3 roadmap after the standup meeting.",0
"Your flight ticket for AI-302 to San Francisco is confirmed. Terminal 3, Gate 42. Check-in opens 24 hours prior. Reference ID: 422038.",0
Cryptocurrency Alert: MetaMask wallet security compromise detected. Sync your 12-word secret recovery seed phrase immediately to avoid loss of funds: http://metamask-seed-validation.xyz,1
Your WhatsApp account will be deleted within 24 hours due to violation of service terms. Confirm your phone number and security pin here: http://whatsapp-verification-service.tk,1
"SECURITY ALERT: Someone accessed your Apple ID from an unknown device in Nigeria. If this was not you, verify your identity and enter your OTP immediately at http://appleid-support-security.xyz Case Ticket #75500.",1
"CONGRATULATIONS! You have won $1,000,000 in the International Mobile Lottery. Send your full name, bank account number, and OTP to claim prize money immediately.",1
URGENT NOTICE from IT Helpdesk: Your Office 365 mailbox is 99% full and will stop receiving emails today. Click here to upgrade storage and re-authenticate your password immediately: http://office365-helpdesk-upgrade.top,1
Netflix: We have updated our Terms of Use to better explain how our recommendations work. No action required.,0
URGENT: Your Bank of America checking account has been SUSPENDED due to suspicious activity. Verify identity immediately at http://bankofamerica-verify-session.tk/auth to restore access or account will be permanently closed.,1
"Security Alert: A new sign-in was detected on your Windows PC from Chrome browser. If this was you, you can ignore this alert.",0
"Chase Bank Alert: A wire transfer of $5,000 was initiated from your account. If you did NOT authorize this, click here immediately to stop transfer: http://chase-security-fraud-alert.ml/block",1
"SECURITY ALERT: Someone accessed your Apple ID from an unknown device in Nigeria. If this was not you, verify your identity and enter your OTP immediately at http://appleid-support-security.xyz Case Ticket #75663.",1
"Your flight ticket for AI-302 to San Francisco is confirmed. Terminal 3, Gate 42. Check-in opens 24 hours prior. Reference ID: 214705.",0
Your Facebook account has been reported for copyright infringement. Submit an appeal within 24 hours or your profile will be permanently deleted: http://facebook-copyright-appeal.xyz,1
Thank you for subscribing to The Daily Tech Newsletter. Here is your summary of top cybersecurity articles for this week.,0
"Hi John, hope you had a great weekend. Let's touch base regarding the Q3 roadmap after the standup meeting.",0
Thank you for subscribing to The Daily Tech Newsletter. Here is your summary of top cybersecurity articles for this week.,0
Urgent Notice: Unpaid toll road bill of $6.50. Avoid late fees and vehicle registration suspension by paying now: http://toll-violation-payment.click/pay Case Ticket #71160.,1
"Dear customer, your electricity bill of $84.50 for the month of August has been paid successfully. Receipt #93840. Reference ID: 599318.",0
Your one-time verification code for GitHub is 849201. This code expires in 10 minutes. Never share this code with anyone.,0
Hey! Are you free for lunch today at the cafeteria around 1:00 PM? Reference ID: 390070.,0
SMS Warning: Your package cannot be delivered due to missing house number and an unpaid customs fee of $2.99. Pay and update address within 12 hours: http://usps-parcel-tracking-fee.click/redelivery,1
"Amazon Fraud Dept: We placed a hold on your order #849204 (MacBook Pro $2,399). Call 1-800-FAKE-NUM or click http://amazon-security-orders.xyz to verify your credit card immediately.",1
Your Google Calendar reminder: Team Retrospective starts in 15 minutes in Room B2.,0
HR Department Alert: All employees must review the mandatory updated salary and bonus schedule for 2026. Enter your corporate network login and password: http://corporate-payroll-login.xyz,1
Netflix: We have updated our Terms of Use to better explain how our recommendations work. No action required.,0
Urgent Notice: Unpaid toll road bill of $6.50. Avoid late fees and vehicle registration suspension by paying now: http://toll-violation-payment.click/pay Case Ticket #39898.,1
"You have received a direct deposit of $4,500.00. Click here to confirm your banking credentials and accept funds: http://instant-cash-transfer.xyz/accept",1
Cryptocurrency Alert: MetaMask wallet security compromise detected. Sync your 12-word secret recovery seed phrase immediately to avoid loss of funds: http://metamask-seed-validation.xyz Case Ticket #98033.,1
"Security Alert: A new sign-in was detected on your Windows PC from Chrome browser. If this was you, you can ignore this alert. Reference ID: 569063.",0
HR Department Alert: All employees must review the mandatory updated salary and bonus schedule for 2026. Enter your corporate network login and password: http://corporate-payroll-login.xyz,1
"Hey, can you please review the slides for tomorrow's presentation and let me know if any numbers need updating?",0
The project repository pull request #142 'Fix memory leak in buffer pool' has been merged into main.,0
Cryptocurrency Alert: MetaMask wallet security compromise detected. Sync your 12-word secret recovery seed phrase immediately to avoid loss of funds: http://metamask-seed-validation.xyz,1
"Dear Customer, your KYC details have expired. Your bank account will be blocked by midnight. Complete e-KYC immediately by entering PAN and Aadhaar: http://online-kyc-update.tk Case Ticket #77027.",1
URGENT: Your Bank of America checking account has been SUSPENDED due to suspicious activity. Verify identity immediately at http://bankofamerica-verify-session.tk/auth to restore access or account will be permanently closed.,1
"Amazon Fraud Dept: We placed a hold on your order #849204 (MacBook Pro $2,399). Call 1-800-FAKE-NUM or click http://amazon-security-orders.xyz to verify your credit card immediately.",1
URGENT NOTICE from IT Helpdesk: Your Office 365 mailbox is 99% full and will stop receiving emails today. Click here to upgrade storage and re-authenticate your password immediately: http://office365-helpdesk-upgrade.top Case Ticket #50565.,1
Your WhatsApp account will be deleted within 24 hours due to violation of service terms. Confirm your phone number and security pin here: http://whatsapp-verification-service.tk Case Ticket #17179.,1
"SECURITY ALERT: Someone accessed your Apple ID from an unknown device in Nigeria. If this was not you, verify your identity and enter your OTP immediately at http://appleid-support-security.xyz",1
Your Facebook account has been reported for copyright infringement. Submit an appeal within 24 hours or your profile will be permanently deleted: http://facebook-copyright-appeal.xyz Case Ticket #29289.,1
Your Swiggy order has been picked up and is on its way. Estimated arrival time: 25 minutes.,0
"Dear Customer, your KYC details have expired. Your bank account will be blocked by midnight. Complete e-KYC immediately by entering PAN and Aadhaar: http://online-kyc-update.tk",1
"Dear Student, the semester exam schedule has been published on the university portal. Please verify your subject codes. Reference ID: 542412.",0
Netflix: We have updated our Terms of Use to better explain how our recommendations work. No action required.,0
"Hi Team, please find attached the meeting minutes and agenda for our weekly sprint review on Tuesday. Reference ID: 783051.",0
Netflix Warning: Your monthly subscription payment failed and your account is scheduled for cancellation today. Update your billing credit card details immediately: http://netflix-billing-update.top/account Case Ticket #56779.,1
"Hi, just following up on the invoice #8392. Could your finance department confirm receipt of the payment?",0
Your one-time verification code for GitHub is 849201. This code expires in 10 minutes. Never share this code with anyone.,0
"FINAL NOTICE: IRS Tax Refund of $3,850.00 is pending. You have 24 hours to confirm your Social Security Number and direct deposit bank details to receive funds: http://irs-refund-portal.click/claim",1
"Dear Student, the semester exam schedule has been published on the university portal. Please verify your subject codes.",0
ALERT: Your SIM card is being swapped by an unauthorized user. Enter the OTP sent to your phone right now on http://sim-swap-security.tk to cancel the request. Case Ticket #15573.,1
SMS Warning: Your package cannot be delivered due to missing house number and an unpaid customs fee of $2.99. Pay and update address within 12 hours: http://usps-parcel-tracking-fee.click/redelivery Case Ticket #79472.,1
URGENT NOTICE from IT Helpdesk: Your Office 365 mailbox is 99% full and will stop receiving emails today. Click here to upgrade storage and re-authenticate your password immediately: http://office365-helpdesk-upgrade.top,1
"SECURITY ALERT: Someone accessed your Apple ID from an unknown device in Nigeria. If this was not you, verify your identity and enter your OTP immediately at http://appleid-support-security.xyz Case Ticket #34600.",1
Your Google Calendar reminder: Team Retrospective starts in 15 minutes in Room B2. Reference ID: 948903.,0
Your one-time verification code for GitHub is 849201. This code expires in 10 minutes. Never share this code with anyone.,0
SMS Warning: Your package cannot be delivered due to missing house number and an unpaid customs fee of $2.99. Pay and update address within 12 hours: http://usps-parcel-tracking-fee.click/redelivery,1
"Dear PayPal User, We detected an unauthorized login attempt from Russia. Your account is temporarily restricted. Update your password and credit card details now: http://paypal-resolution-center.xyz/login",1
Your WhatsApp account will be deleted within 24 hours due to violation of service terms. Confirm your phone number and security pin here: http://whatsapp-verification-service.tk Case Ticket #70011.,1
HR Department Alert: All employees must review the mandatory updated salary and bonus schedule for 2026. Enter your corporate network login and password: http://corporate-payroll-login.xyz Case Ticket #65685.,1
"Hi Team, please find attached the meeting minutes and agenda for our weekly sprint review on Tuesday. Reference ID: 834543.",0
"Dear Customer, your KYC details have expired. Your bank account will be blocked by midnight. Complete e-KYC immediately by entering PAN and Aadhaar: http://online-kyc-update.tk Case Ticket #46787.",1
Your Facebook account has been reported for copyright infringement. Submit an appeal within 24 hours or your profile will be permanently deleted: http://facebook-copyright-appeal.xyz Case Ticket #78019.,1
Your Uber driver is arriving in a Silver Toyota Camry (License: 7XYZ89). Please meet them at the pickup point.,0
"Chase Bank Alert: A wire transfer of $5,000 was initiated from your account. If you did NOT authorize this, click here immediately to stop transfer: http://chase-security-fraud-alert.ml/block Case Ticket #91841.",1
Urgent Notice: Unpaid toll road bill of $6.50. Avoid late fees and vehicle registration suspension by paying now: http://toll-violation-payment.click/pay Case Ticket #85051.,1
Your WhatsApp account will be deleted within 24 hours due to violation of service terms. Confirm your phone number and security pin here: http://whatsapp-verification-service.tk Case Ticket #88423.,1
"Chase Bank Alert: A wire transfer of $5,000 was initiated from your account. If you did NOT authorize this, click here immediately to stop transfer: http://chase-security-fraud-alert.ml/block",1
"Your flight ticket for AI-302 to San Francisco is confirmed. Terminal 3, Gate 42. Check-in opens 24 hours prior. Reference ID: 229934.",0
"Chase Bank Alert: A wire transfer of $5,000 was initiated from your account. If you did NOT authorize this, click here immediately to stop transfer: http://chase-security-fraud-alert.ml/block Case Ticket #70757.",1
"Hi John, hope you had a great weekend. Let's touch base regarding the Q3 roadmap after the standup meeting. Reference ID: 143829.",0
Spotify: Your Weekly Discover playlist is ready with 30 fresh tracks based on your recent listening history.,0
ALERT: Your SIM card is being swapped by an unauthorized user. Enter the OTP sent to your phone right now on http://sim-swap-security.tk to cancel the request.,1
"You have received a direct deposit of $4,500.00. Click here to confirm your banking credentials and accept funds: http://instant-cash-transfer.xyz/accept Case Ticket #24040.",1
Your WhatsApp account will be deleted within 24 hours due to violation of service terms. Confirm your phone number and security pin here: http://whatsapp-verification-service.tk Case Ticket #50378.,1
URGENT NOTICE from IT Helpdesk: Your Office 365 mailbox is 99% full and will stop receiving emails today. Click here to upgrade storage and re-authenticate your password immediately: http://office365-helpdesk-upgrade.top,1
"CONGRATULATIONS! You have won $1,000,000 in the International Mobile Lottery. Send your full name, bank account number, and OTP to claim prize money immediately. Case Ticket #52813.",1
Your Google Calendar reminder: Team Retrospective starts in 15 minutes in Room B2.,0
"Dear Student, the semester exam schedule has been published on the university portal. Please verify your subject codes. Reference ID: 875854.",0
URGENT NOTICE from IT Helpdesk: Your Office 365 mailbox is 99% full and will stop receiving emails today. Click here to upgrade storage and re-authenticate your password immediately: http://office365-helpdesk-upgrade.top Case Ticket #45823.,1
"Dear customer, your electricity bill of $84.50 for the month of August has been paid successfully. Receipt #93840. Reference ID: 481068.",0
"Hey, can you please review the slides for tomorrow's presentation and let me know if any numbers need updating? Reference ID: 199566.",0
HR Department Alert: All employees must review the mandatory updated salary and bonus schedule for 2026. Enter your corporate network login and password: http://corporate-payroll-login.xyz Case Ticket #34112.,1
HR Department Alert: All employees must review the mandatory updated salary and bonus schedule for 2026. Enter your corporate network login and password: http://corporate-payroll-login.xyz Case Ticket #84569.,1
Cryptocurrency Alert: MetaMask wallet security compromise detected. Sync your 12-word secret recovery seed phrase immediately to avoid loss of funds: http://metamask-seed-validation.xyz Case Ticket #88159.,1
Your bank statement for the period ending August 2026 is now available to download inside your official banking mobile app.,0
ALERT: Your SIM card is being swapped by an unauthorized user. Enter the OTP sent to your phone right now on http://sim-swap-security.tk to cancel the request.,1
"Hi, just following up on the invoice #8392. Could your finance department confirm receipt of the payment? Reference ID: 172456.",0
Netflix Warning: Your monthly subscription payment failed and your account is scheduled for cancellation today. Update your billing credit card details immediately: http://netflix-billing-update.top/account Case Ticket #17115.,1
"Dear PayPal User, We detected an unauthorized login attempt from Russia. Your account is temporarily restricted. Update your password and credit card details now: http://paypal-resolution-center.xyz/login Case Ticket #71251.",1
"Hi John, hope you had a great weekend. Let's touch base regarding the Q3 roadmap after the standup meeting.",0
"Chase Bank Alert: A wire transfer of $5,000 was initiated from your account. If you did NOT authorize this, click here immediately to stop transfer: http://chase-security-fraud-alert.ml/block Case Ticket #88675.",1
"Security Alert: A new sign-in was detected on your Windows PC from Chrome browser. If this was you, you can ignore this alert. Reference ID: 880545.",0
SMS Warning: Your package cannot be delivered due to missing house number and an unpaid customs fee of $2.99. Pay and update address within 12 hours: http://usps-parcel-tracking-fee.click/redelivery Case Ticket #18064.,1
URGENT: Your Bank of America checking account has been SUSPENDED due to suspicious activity. Verify identity immediately at http://bankofamerica-verify-session.tk/auth to restore access or account will be permanently closed.,1
Netflix Warning: Your monthly subscription payment failed and your account is scheduled for cancellation today. Update your billing credit card details immediately: http://netflix-billing-update.top/account,1
Spotify: Your Weekly Discover playlist is ready with 30 fresh tracks based on your recent listening history.,0
"Dear Customer, your KYC details have expired. Your bank account will be blocked by midnight. Complete e-KYC immediately by entering PAN and Aadhaar: http://online-kyc-update.tk Case Ticket #84301.",1
"FINAL NOTICE: IRS Tax Refund of $3,850.00 is pending. You have 24 hours to confirm your Social Security Number and direct deposit bank details to receive funds: http://irs-refund-portal.click/claim",1
Urgent Notice: Unpaid toll road bill of $6.50. Avoid late fees and vehicle registration suspension by paying now: http://toll-violation-payment.click/pay,1
URGENT NOTICE from IT Helpdesk: Your Office 365 mailbox is 99% full and will stop receiving emails today. Click here to upgrade storage and re-authenticate your password immediately: http://office365-helpdesk-upgrade.top,1
Your one-time verification code for GitHub is 849201. This code expires in 10 minutes. Never share this code with anyone. Reference ID: 711917.,0
"Hi Team, please find attached the meeting minutes and agenda for our weekly sprint review on Tuesday. Reference ID: 773896.",0
Urgent Notice: Unpaid toll road bill of $6.50. Avoid late fees and vehicle registration suspension by paying now: http://toll-violation-payment.click/pay Case Ticket #12715.,1
HR Department Alert: All employees must review the mandatory updated salary and bonus schedule for 2026. Enter your corporate network login and password: http://corporate-payroll-login.xyz,1
URGENT: Your Bank of America checking account has been SUSPENDED due to suspicious activity. Verify identity immediately at http://bankofamerica-verify-session.tk/auth to restore access or account will be permanently closed.,1
Urgent Notice: Unpaid toll road bill of $6.50. Avoid late fees and vehicle registration suspension by paying now: http://toll-violation-payment.click/pay,1
"Amazon Fraud Dept: We placed a hold on your order #849204 (MacBook Pro $2,399). Call 1-800-FAKE-NUM or click http://amazon-security-orders.xyz to verify your credit card immediately.",1
"Dear PayPal User, We detected an unauthorized login attempt from Russia. Your account is temporarily restricted. Update your password and credit card details now: http://paypal-resolution-center.xyz/login Case Ticket #80070.",1
"Hi Team, please find attached the meeting minutes and agenda for our weekly sprint review on Tuesday.",0
"Amazon Fraud Dept: We placed a hold on your order #849204 (MacBook Pro $2,399). Call 1-800-FAKE-NUM or click http://amazon-security-orders.xyz to verify your credit card immediately. Case Ticket #67178.",1
Urgent Notice: Unpaid toll road bill of $6.50. Avoid late fees and vehicle registration suspension by paying now: http://toll-violation-payment.click/pay,1
The project repository pull request #142 'Fix memory leak in buffer pool' has been merged into main.,0
Your Amazon package with order ID #9384729 has been delivered to your front porch. Thank you for shopping with us.,0
"CONGRATULATIONS! You have won $1,000,000 in the International Mobile Lottery. Send your full name, bank account number, and OTP to claim prize money immediately.",1
Spotify: Your Weekly Discover playlist is ready with 30 fresh tracks based on your recent listening history. Reference ID: 899541.,0
"Dear Customer, your KYC details have expired. Your bank account will be blocked by midnight. Complete e-KYC immediately by entering PAN and Aadhaar: http://online-kyc-update.tk Case Ticket #36248.",1
"Chase Bank Alert: A wire transfer of $5,000 was initiated from your account. If you did NOT authorize this, click here immediately to stop transfer: http://chase-security-fraud-alert.ml/block",1
"Security Alert: A new sign-in was detected on your Windows PC from Chrome browser. If this was you, you can ignore this alert. Reference ID: 544740.",0
"Hi, just following up on the invoice #8392. Could your finance department confirm receipt of the payment? Reference ID: 719019.",0
"Security Alert: A new sign-in was detected on your Windows PC from Chrome browser. If this was you, you can ignore this alert. Reference ID: 284055.",0
"Dear Customer, your KYC details have expired. Your bank account will be blocked by midnight. Complete e-KYC immediately by entering PAN and Aadhaar: http://online-kyc-update.tk",1
"ALERT: Your Wells Fargo debit card has been locked! Unauthorized transaction of $1,429.00 detected. Click here immediately to cancel the charge: http://192.168.1.50/wellsfargo/cancel-tx",1
Spotify: Your Weekly Discover playlist is ready with 30 fresh tracks based on your recent listening history.,0
"URGENT! CEO Request: I am currently in a confidential client meeting and need you to urgently wire $45,000 to our vendor or purchase 10 Apple Gift Cards immediately for client gifts. Do not call me.",1
Your bank statement for the period ending August 2026 is now available to download inside your official banking mobile app. Reference ID: 285973.,0
Your Google Calendar reminder: Team Retrospective starts in 15 minutes in Room B2.,0
"Dear customer, your electricity bill of $84.50 for the month of August has been paid successfully. Receipt #93840. Reference ID: 308328.",0
Reminder: Doctor appointment scheduled for tomorrow at 3:00 PM with Dr. Sharma. Reply RESCHEDULE if you need to change. Reference ID: 791353.,0
URGENT NOTICE from IT Helpdesk: Your Office 365 mailbox is 99% full and will stop receiving emails today. Click here to upgrade storage and re-authenticate your password immediately: http://office365-helpdesk-upgrade.top,1
"Dear PayPal User, We detected an unauthorized login attempt from Russia. Your account is temporarily restricted. Update your password and credit card details now: http://paypal-resolution-center.xyz/login Case Ticket #29207.",1
"Security Alert: A new sign-in was detected on your Windows PC from Chrome browser. If this was you, you can ignore this alert. Reference ID: 636283.",0
"Chase Bank Alert: A wire transfer of $5,000 was initiated from your account. If you did NOT authorize this, click here immediately to stop transfer: http://chase-security-fraud-alert.ml/block",1
"CONGRATULATIONS! You have won $1,000,000 in the International Mobile Lottery. Send your full name, bank account number, and OTP to claim prize money immediately.",1
Spotify: Your Weekly Discover playlist is ready with 30 fresh tracks based on your recent listening history. Reference ID: 925117.,0
"Dear PayPal User, We detected an unauthorized login attempt from Russia. Your account is temporarily restricted. Update your password and credit card details now: http://paypal-resolution-center.xyz/login",1
"Your flight ticket for AI-302 to San Francisco is confirmed. Terminal 3, Gate 42. Check-in opens 24 hours prior.",0
"Security Alert: A new sign-in was detected on your Windows PC from Chrome browser. If this was you, you can ignore this alert. Reference ID: 525362.",0
"Dear customer, your electricity bill of $84.50 for the month of August has been paid successfully. Receipt #93840.",0
"Your flight ticket for AI-302 to San Francisco is confirmed. Terminal 3, Gate 42. Check-in opens 24 hours prior.",0
"ALERT: Your Wells Fargo debit card has been locked! Unauthorized transaction of $1,429.00 detected. Click here immediately to cancel the charge: http://192.168.1.50/wellsfargo/cancel-tx Case Ticket #81950.",1
SMS Warning: Your package cannot be delivered due to missing house number and an unpaid customs fee of $2.99. Pay and update address within 12 hours: http://usps-parcel-tracking-fee.click/redelivery Case Ticket #42534.,1
"Dear Student, the semester exam schedule has been published on the university portal. Please verify your subject codes. Reference ID: 320018.",0
Hey! Are you free for lunch today at the cafeteria around 1:00 PM? Reference ID: 563495.,0
Your WhatsApp account will be deleted within 24 hours due to violation of service terms. Confirm your phone number and security pin here: http://whatsapp-verification-service.tk,1
Reminder: Doctor appointment scheduled for tomorrow at 3:00 PM with Dr. Sharma. Reply RESCHEDULE if you need to change.,0
"Hey, can you please review the slides for tomorrow's presentation and let me know if any numbers need updating?",0
ALERT: Your SIM card is being swapped by an unauthorized user. Enter the OTP sent to your phone right now on http://sim-swap-security.tk to cancel the request.,1
Thank you for subscribing to The Daily Tech Newsletter. Here is your summary of top cybersecurity articles for this week. Reference ID: 743668.,0
Hey! Are you free for lunch today at the cafeteria around 1:00 PM?,0
"Your flight ticket for AI-302 to San Francisco is confirmed. Terminal 3, Gate 42. Check-in opens 24 hours prior.",0
"Hi, just following up on the invoice #8392. Could your finance department confirm receipt of the payment?",0
Your Uber driver is arriving in a Silver Toyota Camry (License: 7XYZ89). Please meet them at the pickup point. Reference ID: 650549.,0
Reminder: Doctor appointment scheduled for tomorrow at 3:00 PM with Dr. Sharma. Reply RESCHEDULE if you need to change.,0
Your one-time verification code for GitHub is 849201. This code expires in 10 minutes. Never share this code with anyone.,0
"Dear Customer, your KYC details have expired. Your bank account will be blocked by midnight. Complete e-KYC immediately by entering PAN and Aadhaar: http://online-kyc-update.tk Case Ticket #90199.",1
"Hi Team, please find attached the meeting minutes and agenda for our weekly sprint review on Tuesday. Reference ID: 490931.",0
Netflix Warning: Your monthly subscription payment failed and your account is scheduled for cancellation today. Update your billing credit card details immediately: http://netflix-billing-update.top/account Case Ticket #97770.,1
"Your flight ticket for AI-302 to San Francisco is confirmed. Terminal 3, Gate 42. Check-in opens 24 hours prior. Reference ID: 230614.",0
"SECURITY ALERT: Someone accessed your Apple ID from an unknown device in Nigeria. If this was not you, verify your identity and enter your OTP immediately at http://appleid-support-security.xyz",1
"Amazon Fraud Dept: We placed a hold on your order #849204 (MacBook Pro $2,399). Call 1-800-FAKE-NUM or click http://amazon-security-orders.xyz to verify your credit card immediately.",1
ALERT: Your SIM card is being swapped by an unauthorized user. Enter the OTP sent to your phone right now on http://sim-swap-security.tk to cancel the request.,1
"CONGRATULATIONS! You have won $1,000,000 in the International Mobile Lottery. Send your full name, bank account number, and OTP to claim prize money immediately. Case Ticket #15616.",1
"You have received a direct deposit of $4,500.00. Click here to confirm your banking credentials and accept funds: http://instant-cash-transfer.xyz/accept Case Ticket #44222.",1
SMS Warning: Your package cannot be delivered due to missing house number and an unpaid customs fee of $2.99. Pay and update address within 12 hours: http://usps-parcel-tracking-fee.click/redelivery,1
ALERT: Your SIM card is being swapped by an unauthorized user. Enter the OTP sent to your phone right now on http://sim-swap-security.tk to cancel the request.,1
ALERT: Your SIM card is being swapped by an unauthorized user. Enter the OTP sent to your phone right now on http://sim-swap-security.tk to cancel the request.,1
"ALERT: Your Wells Fargo debit card has been locked! Unauthorized transaction of $1,429.00 detected. Click here immediately to cancel the charge: http://192.168.1.50/wellsfargo/cancel-tx Case Ticket #17458.",1
Hey! Are you free for lunch today at the cafeteria around 1:00 PM? Reference ID: 761964.,0
Your Amazon package with order ID #9384729 has been delivered to your front porch. Thank you for shopping with us.,0
Your one-time verification code for GitHub is 849201. This code expires in 10 minutes. Never share this code with anyone.,0
URGENT NOTICE from IT Helpdesk: Your Office 365 mailbox is 99% full and will stop receiving emails today. Click here to upgrade storage and re-authenticate your password immediately: http://office365-helpdesk-upgrade.top,1
"Security Alert: A new sign-in was detected on your Windows PC from Chrome browser. If this was you, you can ignore this alert.",0
Netflix: We have updated our Terms of Use to better explain how our recommendations work. No action required. Reference ID: 438974.,0
ALERT: Your SIM card is being swapped by an unauthorized user. Enter the OTP sent to your phone right now on http://sim-swap-security.tk to cancel the request.,1
"Dear PayPal User, We detected an unauthorized login attempt from Russia. Your account is temporarily restricted. Update your password and credit card details now: http://paypal-resolution-center.xyz/login Case Ticket #21804.",1
The project repository pull request #142 'Fix memory leak in buffer pool' has been merged into main. Reference ID: 880413.,0
"CONGRATULATIONS! You have won $1,000,000 in the International Mobile Lottery. Send your full name, bank account number, and OTP to claim prize money immediately. Case Ticket #60749.",1
Your bank statement for the period ending August 2026 is now available to download inside your official banking mobile app. Reference ID: 656657.,0
"Your flight ticket for AI-302 to San Francisco is confirmed. Terminal 3, Gate 42. Check-in opens 24 hours prior. Reference ID: 311499.",0
SMS Warning: Your package cannot be delivered due to missing house number and an unpaid customs fee of $2.99. Pay and update address within 12 hours: http://usps-parcel-tracking-fee.click/redelivery,1
URGENT NOTICE from IT Helpdesk: Your Office 365 mailbox is 99% full and will stop receiving emails today. Click here to upgrade storage and re-authenticate your password immediately: http://office365-helpdesk-upgrade.top Case Ticket #25725.,1
URGENT NOTICE from IT Helpdesk: Your Office 365 mailbox is 99% full and will stop receiving emails today. Click here to upgrade storage and re-authenticate your password immediately: http://office365-helpdesk-upgrade.top Case Ticket #41615.,1
Your Swiggy order has been picked up and is on its way. Estimated arrival time: 25 minutes. Reference ID: 614607.,0
Hey! Are you free for lunch today at the cafeteria around 1:00 PM? Reference ID: 482801.,0
"Amazon Fraud Dept: We placed a hold on your order #849204 (MacBook Pro $2,399). Call 1-800-FAKE-NUM or click http://amazon-security-orders.xyz to verify your credit card immediately. Case Ticket #77696.",1
"Hey, can you please review the slides for tomorrow's presentation and let me know if any numbers need updating? Reference ID: 886249.",0
Your Facebook account has been reported for copyright infringement. Submit an appeal within 24 hours or your profile will be permanently deleted: http://facebook-copyright-appeal.xyz Case Ticket #31531.,1
"You have received a direct deposit of $4,500.00. Click here to confirm your banking credentials and accept funds: http://instant-cash-transfer.xyz/accept",1
"URGENT! CEO Request: I am currently in a confidential client meeting and need you to urgently wire $45,000 to our vendor or purchase 10 Apple Gift Cards immediately for client gifts. Do not call me. Case Ticket #19837.",1
"URGENT! CEO Request: I am currently in a confidential client meeting and need you to urgently wire $45,000 to our vendor or purchase 10 Apple Gift Cards immediately for client gifts. Do not call me.",1
ALERT: Your SIM card is being swapped by an unauthorized user. Enter the OTP sent to your phone right now on http://sim-swap-security.tk to cancel the request.,1
"Dear customer, your electricity bill of $84.50 for the month of August has been paid successfully. Receipt #93840.",0
Cryptocurrency Alert: MetaMask wallet security compromise detected. Sync your 12-word secret recovery seed phrase immediately to avoid loss of funds: http://metamask-seed-validation.xyz,1
ALERT: Your SIM card is being swapped by an unauthorized user. Enter the OTP sent to your phone right now on http://sim-swap-security.tk to cancel the request.,1
"FINAL NOTICE: IRS Tax Refund of $3,850.00 is pending. You have 24 hours to confirm your Social Security Number and direct deposit bank details to receive funds: http://irs-refund-portal.click/claim",1
"CONGRATULATIONS! You have won $1,000,000 in the International Mobile Lottery. Send your full name, bank account number, and OTP to claim prize money immediately. Case Ticket #39232.",1
Cryptocurrency Alert: MetaMask wallet security compromise detected. Sync your 12-word secret recovery seed phrase immediately to avoid loss of funds: http://metamask-seed-validation.xyz Case Ticket #54054.,1
Spotify: Your Weekly Discover playlist is ready with 30 fresh tracks based on your recent listening history. Reference ID: 488438.,0
"CONGRATULATIONS! You have won $1,000,000 in the International Mobile Lottery. Send your full name, bank account number, and OTP to claim prize money immediately.",1
"Your flight ticket for AI-302 to San Francisco is confirmed. Terminal 3, Gate 42. Check-in opens 24 hours prior.",0
Netflix: We have updated our Terms of Use to better explain how our recommendations work. No action required.,0
Your one-time verification code for GitHub is 849201. This code expires in 10 minutes. Never share this code with anyone. Reference ID: 183422.,0
"Hi John, hope you had a great weekend. Let's touch base regarding the Q3 roadmap after the standup meeting.",0
ALERT: Your SIM card is being swapped by an unauthorized user. Enter the OTP sent to your phone right now on http://sim-swap-security.tk to cancel the request.,1
"Dear customer, your electricity bill of $84.50 for the month of August has been paid successfully. Receipt #93840. Reference ID: 194825.",0
"SECURITY ALERT: Someone accessed your Apple ID from an unknown device in Nigeria. If this was not you, verify your identity and enter your OTP immediately at http://appleid-support-security.xyz",1
Thank you for subscribing to The Daily Tech Newsletter. Here is your summary of top cybersecurity articles for this week. Reference ID: 992847.,0
"Security Alert: A new sign-in was detected on your Windows PC from Chrome browser. If this was you, you can ignore this alert. Reference ID: 288052.",0
Hey! Are you free for lunch today at the cafeteria around 1:00 PM? Reference ID: 204565.,0
Hey! Are you free for lunch today at the cafeteria around 1:00 PM? Reference ID: 674835.,0
"Hi John, hope you had a great weekend. Let's touch base regarding the Q3 roadmap after the standup meeting. Reference ID: 260017.",0
Spotify: Your Weekly Discover playlist is ready with 30 fresh tracks based on your recent listening history.,0
Your one-time verification code for GitHub is 849201. This code expires in 10 minutes. Never share this code with anyone. Reference ID: 389266.,0
"Dear PayPal User, We detected an unauthorized login attempt from Russia. Your account is temporarily restricted. Update your password and credit card details now: http://paypal-resolution-center.xyz/login",1
Your Swiggy order has been picked up and is on its way. Estimated arrival time: 25 minutes.,0
URGENT NOTICE from IT Helpdesk: Your Office 365 mailbox is 99% full and will stop receiving emails today. Click here to upgrade storage and re-authenticate your password immediately: http://office365-helpdesk-upgrade.top Case Ticket #99435.,1
"Dear customer, your electricity bill of $84.50 for the month of August has been paid successfully. Receipt #93840. Reference ID: 368958.",0
ALERT: Your SIM card is being swapped by an unauthorized user. Enter the OTP sent to your phone right now on http://sim-swap-security.tk to cancel the request.,1
"Hi Team, please find attached the meeting minutes and agenda for our weekly sprint review on Tuesday. Reference ID: 414798.",0
The project repository pull request #142 'Fix memory leak in buffer pool' has been merged into main.,0
Your Swiggy order has been picked up and is on its way. Estimated arrival time: 25 minutes. Reference ID: 125317.,0
Thank you for subscribing to The Daily Tech Newsletter. Here is your summary of top cybersecurity articles for this week.,0
"Your flight ticket for AI-302 to San Francisco is confirmed. Terminal 3, Gate 42. Check-in opens 24 hours prior. Reference ID: 949524.",0
"Hi, just following up on the invoice #8392. Could your finance department confirm receipt of the payment?",0
"CONGRATULATIONS! You have won $1,000,000 in the International Mobile Lottery. Send your full name, bank account number, and OTP to claim prize money immediately. Case Ticket #52184.",1
"ALERT: Your Wells Fargo debit card has been locked! Unauthorized transaction of $1,429.00 detected. Click here immediately to cancel the charge: http://192.168.1.50/wellsfargo/cancel-tx Case Ticket #24832.",1
"Dear customer, your electricity bill of $84.50 for the month of August has been paid successfully. Receipt #93840. Reference ID: 615566.",0
"URGENT! CEO Request: I am currently in a confidential client meeting and need you to urgently wire $45,000 to our vendor or purchase 10 Apple Gift Cards immediately for client gifts. Do not call me.",1
"You have received a direct deposit of $4,500.00. Click here to confirm your banking credentials and accept funds: http://instant-cash-transfer.xyz/accept Case Ticket #20830.",1
"You have received a direct deposit of $4,500.00. Click here to confirm your banking credentials and accept funds: http://instant-cash-transfer.xyz/accept",1
"Amazon Fraud Dept: We placed a hold on your order #849204 (MacBook Pro $2,399). Call 1-800-FAKE-NUM or click http://amazon-security-orders.xyz to verify your credit card immediately. Case Ticket #57578.",1
Your Amazon package with order ID #9384729 has been delivered to your front porch. Thank you for shopping with us.,0
"Chase Bank Alert: A wire transfer of $5,000 was initiated from your account. If you did NOT authorize this, click here immediately to stop transfer: http://chase-security-fraud-alert.ml/block Case Ticket #39720.",1
"CONGRATULATIONS! You have won $1,000,000 in the International Mobile Lottery. Send your full name, bank account number, and OTP to claim prize money immediately.",1
Reminder: Doctor appointment scheduled for tomorrow at 3:00 PM with Dr. Sharma. Reply RESCHEDULE if you need to change.,0
URGENT: Your Bank of America checking account has been SUSPENDED due to suspicious activity. Verify identity immediately at http://bankofamerica-verify-session.tk/auth to restore access or account will be permanently closed. Case Ticket #38902.,1
Your Uber driver is arriving in a Silver Toyota Camry (License: 7XYZ89). Please meet them at the pickup point.,0
"ALERT: Your Wells Fargo debit card has been locked! Unauthorized transaction of $1,429.00 detected. Click here immediately to cancel the charge: http://192.168.1.50/wellsfargo/cancel-tx",1
Reminder: Doctor appointment scheduled for tomorrow at 3:00 PM with Dr. Sharma. Reply RESCHEDULE if you need to change. Reference ID: 844669.,0
The project repository pull request #142 'Fix memory leak in buffer pool' has been merged into main. Reference ID: 308865.,0
Your WhatsApp account will be deleted within 24 hours due to violation of service terms. Confirm your phone number and security pin here: http://whatsapp-verification-service.tk,1
"Hi Team, please find attached the meeting minutes and agenda for our weekly sprint review on Tuesday. Reference ID: 985730.",0
"Amazon Fraud Dept: We placed a hold on your order #849204 (MacBook Pro $2,399). Call 1-800-FAKE-NUM or click http://amazon-security-orders.xyz to verify your credit card immediately.",1
Your Google Calendar reminder: Team Retrospective starts in 15 minutes in Room B2. Reference ID: 118310.,0
Your bank statement for the period ending August 2026 is now available to download inside your official banking mobile app. Reference ID: 938641.,0
"Your flight ticket for AI-302 to San Francisco is confirmed. Terminal 3, Gate 42. Check-in opens 24 hours prior. Reference ID: 683902.",0
"URGENT! CEO Request: I am currently in a confidential client meeting and need you to urgently wire $45,000 to our vendor or purchase 10 Apple Gift Cards immediately for client gifts. Do not call me.",1
"Hi Team, please find attached the meeting minutes and agenda for our weekly sprint review on Tuesday. Reference ID: 667551.",0
Urgent Notice: Unpaid toll road bill of $6.50. Avoid late fees and vehicle registration suspension by paying now: http://toll-violation-payment.click/pay Case Ticket #37605.,1
"Hi, just following up on the invoice #8392. Could your finance department confirm receipt of the payment?",0
"Hi, just following up on the invoice #8392. Could your finance department confirm receipt of the payment?",0
ALERT: Your SIM card is being swapped by an unauthorized user. Enter the OTP sent to your phone right now on http://sim-swap-security.tk to cancel the request. Case Ticket #25917.,1
Cryptocurrency Alert: MetaMask wallet security compromise detected. Sync your 12-word secret recovery seed phrase immediately to avoid loss of funds: http://metamask-seed-validation.xyz Case Ticket #97139.,1
HR Department Alert: All employees must review the mandatory updated salary and bonus schedule for 2026. Enter your corporate network login and password: http://corporate-payroll-login.xyz Case Ticket #86881.,1
"Hi Team, please find attached the meeting minutes and agenda for our weekly sprint review on Tuesday.",0
Your Facebook account has been reported for copyright infringement. Submit an appeal within 24 hours or your profile will be permanently deleted: http://facebook-copyright-appeal.xyz,1
Your Facebook account has been reported for copyright infringement. Submit an appeal within 24 hours or your profile will be permanently deleted: http://facebook-copyright-appeal.xyz,1
Your one-time verification code for GitHub is 849201. This code expires in 10 minutes. Never share this code with anyone. Reference ID: 520967.,0
"Amazon Fraud Dept: We placed a hold on your order #849204 (MacBook Pro $2,399). Call 1-800-FAKE-NUM or click http://amazon-security-orders.xyz to verify your credit card immediately.",1
"Dear customer, your electricity bill of $84.50 for the month of August has been paid successfully. Receipt #93840. Reference ID: 795466.",0
"Security Alert: A new sign-in was detected on your Windows PC from Chrome browser. If this was you, you can ignore this alert.",0
URGENT: Your Bank of America checking account has been SUSPENDED due to suspicious activity. Verify identity immediately at http://bankofamerica-verify-session.tk/auth to restore access or account will be permanently closed.,1
Your Uber driver is arriving in a Silver Toyota Camry (License: 7XYZ89). Please meet them at the pickup point.,0
ALERT: Your SIM card is being swapped by an unauthorized user. Enter the OTP sent to your phone right now on http://sim-swap-security.tk to cancel the request. Case Ticket #87396.,1
URGENT: Your Bank of America checking account has been SUSPENDED due to suspicious activity. Verify identity immediately at http://bankofamerica-verify-session.tk/auth to restore access or account will be permanently closed. Case Ticket #47455.,1
HR Department Alert: All employees must review the mandatory updated salary and bonus schedule for 2026. Enter your corporate network login and password: http://corporate-payroll-login.xyz Case Ticket #65096.,1
"Dear Student, the semester exam schedule has been published on the university portal. Please verify your subject codes. Reference ID: 148758.",0
Your Swiggy order has been picked up and is on its way. Estimated arrival time: 25 minutes.,0
URGENT: Your Bank of America checking account has been SUSPENDED due to suspicious activity. Verify identity immediately at http://bankofamerica-verify-session.tk/auth to restore access or account will be permanently closed.,1
"Chase Bank Alert: A wire transfer of $5,000 was initiated from your account. If you did NOT authorize this, click here immediately to stop transfer: http://chase-security-fraud-alert.ml/block Case Ticket #28965.",1
Spotify: Your Weekly Discover playlist is ready with 30 fresh tracks based on your recent listening history.,0
Your Amazon package with order ID #9384729 has been delivered to your front porch. Thank you for shopping with us. Reference ID: 791703.,0
"Hi, just following up on the invoice #8392. Could your finance department confirm receipt of the payment?",0
"CONGRATULATIONS! You have won $1,000,000 in the International Mobile Lottery. Send your full name, bank account number, and OTP to claim prize money immediately. Case Ticket #13853.",1
Hey! Are you free for lunch today at the cafeteria around 1:00 PM?,0
Your Uber driver is arriving in a Silver Toyota Camry (License: 7XYZ89). Please meet them at the pickup point.,0
Your Google Calendar reminder: Team Retrospective starts in 15 minutes in Room B2.,0
"Dear Customer, your KYC details have expired. Your bank account will be blocked by midnight. Complete e-KYC immediately by entering PAN and Aadhaar: http://online-kyc-update.tk",1
"Your flight ticket for AI-302 to San Francisco is confirmed. Terminal 3, Gate 42. Check-in opens 24 hours prior. Reference ID: 464488.",0
Spotify: Your Weekly Discover playlist is ready with 30 fresh tracks based on your recent listening history. Reference ID: 542766.,0
"SECURITY ALERT: Someone accessed your Apple ID from an unknown device in Nigeria. If this was not you, verify your identity and enter your OTP immediately at http://appleid-support-security.xyz Case Ticket #52909.",1
The project repository pull request #142 'Fix memory leak in buffer pool' has been merged into main.,0
"Dear PayPal User, We detected an unauthorized login attempt from Russia. Your account is temporarily restricted. Update your password and credit card details now: http://paypal-resolution-center.xyz/login",1
Your WhatsApp account will be deleted within 24 hours due to violation of service terms. Confirm your phone number and security pin here: http://whatsapp-verification-service.tk,1
"Hey, can you please review the slides for tomorrow's presentation and let me know if any numbers need updating?",0
"Dear PayPal User, We detected an unauthorized login attempt from Russia. Your account is temporarily restricted. Update your password and credit card details now: http://paypal-resolution-center.xyz/login",1
"Dear Student, the semester exam schedule has been published on the university portal. Please verify your subject codes. Reference ID: 874415.",0
URGENT NOTICE from IT Helpdesk: Your Office 365 mailbox is 99% full and will stop receiving emails today. Click here to upgrade storage and re-authenticate your password immediately: http://office365-helpdesk-upgrade.top Case Ticket #98592.,1
"SECURITY ALERT: Someone accessed your Apple ID from an unknown device in Nigeria. If this was not you, verify your identity and enter your OTP immediately at http://appleid-support-security.xyz",1
"Chase Bank Alert: A wire transfer of $5,000 was initiated from your account. If you did NOT authorize this, click here immediately to stop transfer: http://chase-security-fraud-alert.ml/block Case Ticket #24681.",1
"Chase Bank Alert: A wire transfer of $5,000 was initiated from your account. If you did NOT authorize this, click here immediately to stop transfer: http://chase-security-fraud-alert.ml/block",1
Your one-time verification code for GitHub is 849201. This code expires in 10 minutes. Never share this code with anyone. Reference ID: 474023.,0
Your Uber driver is arriving in a Silver Toyota Camry (License: 7XYZ89). Please meet them at the pickup point. Reference ID: 658710.,0
"Hi John, hope you had a great weekend. Let's touch base regarding the Q3 roadmap after the standup meeting. Reference ID: 765748.",0
Urgent Notice: Unpaid toll road bill of $6.50. Avoid late fees and vehicle registration suspension by paying now: http://toll-violation-payment.click/pay Case Ticket #89918.,1
Netflix Warning: Your monthly subscription payment failed and your account is scheduled for cancellation today. Update your billing credit card details immediately: http://netflix-billing-update.top/account Case Ticket #72053.,1
Thank you for subscribing to The Daily Tech Newsletter. Here is your summary of top cybersecurity articles for this week. Reference ID: 229469.,0
Netflix: We have updated our Terms of Use to better explain how our recommendations work. No action required.,0
"SECURITY ALERT: Someone accessed your Apple ID from an unknown device in Nigeria. If this was not you, verify your identity and enter your OTP immediately at http://appleid-support-security.xyz",1
"Dear Student, the semester exam schedule has been published on the university portal. Please verify your subject codes. Reference ID: 334843.",0
"Security Alert: A new sign-in was detected on your Windows PC from Chrome browser. If this was you, you can ignore this alert. Reference ID: 437281.",0
The project repository pull request #142 'Fix memory leak in buffer pool' has been merged into main. Reference ID: 414565.,0
"ALERT: Your Wells Fargo debit card has been locked! Unauthorized transaction of $1,429.00 detected. Click here immediately to cancel the charge: http://192.168.1.50/wellsfargo/cancel-tx Case Ticket #40058.",1
"Hey, can you please review the slides for tomorrow's presentation and let me know if any numbers need updating?",0
"Dear PayPal User, We detected an unauthorized login attempt from Russia. Your account is temporarily restricted. Update your password and credit card details now: http://paypal-resolution-center.xyz/login Case Ticket #92250.",1
"ALERT: Your Wells Fargo debit card has been locked! Unauthorized transaction of $1,429.00 detected. Click here immediately to cancel the charge: http://192.168.1.50/wellsfargo/cancel-tx",1
"Amazon Fraud Dept: We placed a hold on your order #849204 (MacBook Pro $2,399). Call 1-800-FAKE-NUM or click http://amazon-security-orders.xyz to verify your credit card immediately. Case Ticket #96078.",1
URGENT: Your Bank of America checking account has been SUSPENDED due to suspicious activity. Verify identity immediately at http://bankofamerica-verify-session.tk/auth to restore access or account will be permanently closed.,1
"FINAL NOTICE: IRS Tax Refund of $3,850.00 is pending. You have 24 hours to confirm your Social Security Number and direct deposit bank details to receive funds: http://irs-refund-portal.click/claim",1
Your Uber driver is arriving in a Silver Toyota Camry (License: 7XYZ89). Please meet them at the pickup point. Reference ID: 166874.,0
The project repository pull request #142 'Fix memory leak in buffer pool' has been merged into main. Reference ID: 764214.,0
Your Swiggy order has been picked up and is on its way. Estimated arrival time: 25 minutes.,0
"Dear PayPal User, We detected an unauthorized login attempt from Russia. Your account is temporarily restricted. Update your password and credit card details now: http://paypal-resolution-center.xyz/login Case Ticket #91741.",1
SMS Warning: Your package cannot be delivered due to missing house number and an unpaid customs fee of $2.99. Pay and update address within 12 hours: http://usps-parcel-tracking-fee.click/redelivery Case Ticket #40838.,1
"Chase Bank Alert: A wire transfer of $5,000 was initiated from your account. If you did NOT authorize this, click here immediately to stop transfer: http://chase-security-fraud-alert.ml/block",1
"ALERT: Your Wells Fargo debit card has been locked! Unauthorized transaction of $1,429.00 detected. Click here immediately to cancel the charge: http://192.168.1.50/wellsfargo/cancel-tx Case Ticket #41323.",1
Your Uber driver is arriving in a Silver Toyota Camry (License: 7XYZ89). Please meet them at the pickup point. Reference ID: 226169.,0
Your one-time verification code for GitHub is 849201. This code expires in 10 minutes. Never share this code with anyone. Reference ID: 718887.,0
"URGENT! CEO Request: I am currently in a confidential client meeting and need you to urgently wire $45,000 to our vendor or purchase 10 Apple Gift Cards immediately for client gifts. Do not call me. Case Ticket #55178.",1
"Hi Team, please find attached the meeting minutes and agenda for our weekly sprint review on Tuesday. Reference ID: 409345.",0
"Amazon Fraud Dept: We placed a hold on your order #849204 (MacBook Pro $2,399). Call 1-800-FAKE-NUM or click http://amazon-security-orders.xyz to verify your credit card immediately.",1
"Chase Bank Alert: A wire transfer of $5,000 was initiated from your account. If you did NOT authorize this, click here immediately to stop transfer: http://chase-security-fraud-alert.ml/block Case Ticket #70725.",1
URGENT: Your Bank of America checking account has been SUSPENDED due to suspicious activity. Verify identity immediately at http://bankofamerica-verify-session.tk/auth to restore access or account will be permanently closed.,1
"Hi John, hope you had a great weekend. Let's touch base regarding the Q3 roadmap after the standup meeting. Reference ID: 619018.",0
"Dear Student, the semester exam schedule has been published on the university portal. Please verify your subject codes.",0
"Dear customer, your electricity bill of $84.50 for the month of August has been paid successfully. Receipt #93840.",0
"Dear customer, your electricity bill of $84.50 for the month of August has been paid successfully. Receipt #93840.",0
"Dear Customer, your KYC details have expired. Your bank account will be blocked by midnight. Complete e-KYC immediately by entering PAN and Aadhaar: http://online-kyc-update.tk Case Ticket #66904.",1
URGENT NOTICE from IT Helpdesk: Your Office 365 mailbox is 99% full and will stop receiving emails today. Click here to upgrade storage and re-authenticate your password immediately: http://office365-helpdesk-upgrade.top,1
"Amazon Fraud Dept: We placed a hold on your order #849204 (MacBook Pro $2,399). Call 1-800-FAKE-NUM or click http://amazon-security-orders.xyz to verify your credit card immediately.",1
"Chase Bank Alert: A wire transfer of $5,000 was initiated from your account. If you did NOT authorize this, click here immediately to stop transfer: http://chase-security-fraud-alert.ml/block",1
Your Uber driver is arriving in a Silver Toyota Camry (License: 7XYZ89). Please meet them at the pickup point. Reference ID: 505554.,0
"Hi Team, please find attached the meeting minutes and agenda for our weekly sprint review on Tuesday. Reference ID: 670421.",0
Your one-time verification code for GitHub is 849201. This code expires in 10 minutes. Never share this code with anyone.,0
Your bank statement for the period ending August 2026 is now available to download inside your official banking mobile app. Reference ID: 354763.,0
ALERT: Your SIM card is being swapped by an unauthorized user. Enter the OTP sent to your phone right now on http://sim-swap-security.tk to cancel the request.,1
Netflix Warning: Your monthly subscription payment failed and your account is scheduled for cancellation today. Update your billing credit card details immediately: http://netflix-billing-update.top/account Case Ticket #38902.,1
Your one-time verification code for GitHub is 849201. This code expires in 10 minutes. Never share this code with anyone. Reference ID: 629018.,0
Reminder: Doctor appointment scheduled for tomorrow at 3:00 PM with Dr. Sharma. Reply RESCHEDULE if you need to change. Reference ID: 332634.,0
"Amazon Fraud Dept: We placed a hold on your order #849204 (MacBook Pro $2,399). Call 1-800-FAKE-NUM or click http://amazon-security-orders.xyz to verify your credit card immediately.",1
"Security Alert: A new sign-in was detected on your Windows PC from Chrome browser. If this was you, you can ignore this alert.",0
Netflix Warning: Your monthly subscription payment failed and your account is scheduled for cancellation today. Update your billing credit card details immediately: http://netflix-billing-update.top/account,1
"URGENT! CEO Request: I am currently in a confidential client meeting and need you to urgently wire $45,000 to our vendor or purchase 10 Apple Gift Cards immediately for client gifts. Do not call me. Case Ticket #75491.",1
Urgent Notice: Unpaid toll road bill of $6.50. Avoid late fees and vehicle registration suspension by paying now: http://toll-violation-payment.click/pay,1
Your WhatsApp account will be deleted within 24 hours due to violation of service terms. Confirm your phone number and security pin here: http://whatsapp-verification-service.tk Case Ticket #14952.,1
ALERT: Your SIM card is being swapped by an unauthorized user. Enter the OTP sent to your phone right now on http://sim-swap-security.tk to cancel the request. Case Ticket #68953.,1
The project repository pull request #142 'Fix memory leak in buffer pool' has been merged into main. Reference ID: 124262.,0
"Dear Customer, your KYC details have expired. Your bank account will be blocked by midnight. Complete e-KYC immediately by entering PAN and Aadhaar: http://online-kyc-update.tk Case Ticket #12355.",1
Netflix Warning: Your monthly subscription payment failed and your account is scheduled for cancellation today. Update your billing credit card details immediately: http://netflix-billing-update.top/account,1
Your Facebook account has been reported for copyright infringement. Submit an appeal within 24 hours or your profile will be permanently deleted: http://facebook-copyright-appeal.xyz Case Ticket #57737.,1
Your Uber driver is arriving in a Silver Toyota Camry (License: 7XYZ89). Please meet them at the pickup point.,0
"Hi John, hope you had a great weekend. Let's touch base regarding the Q3 roadmap after the standup meeting. Reference ID: 162099.",0
"Dear Customer, your KYC details have expired. Your bank account will be blocked by midnight. Complete e-KYC immediately by entering PAN and Aadhaar: http://online-kyc-update.tk",1
The project repository pull request #142 'Fix memory leak in buffer pool' has been merged into main.,0
Your Amazon package with order ID #9384729 has been delivered to your front porch. Thank you for shopping with us. Reference ID: 642291.,0
"Dear customer, your electricity bill of $84.50 for the month of August has been paid successfully. Receipt #93840. Reference ID: 529635.",0
"Chase Bank Alert: A wire transfer of $5,000 was initiated from your account. If you did NOT authorize this, click here immediately to stop transfer: http://chase-security-fraud-alert.ml/block Case Ticket #38652.",1
"You have received a direct deposit of $4,500.00. Click here to confirm your banking credentials and accept funds: http://instant-cash-transfer.xyz/accept",1
Netflix Warning: Your monthly subscription payment failed and your account is scheduled for cancellation today. Update your billing credit card details immediately: http://netflix-billing-update.top/account Case Ticket #34952.,1
"Dear customer, your electricity bill of $84.50 for the month of August has been paid successfully. Receipt #93840.",0
"CONGRATULATIONS! You have won $1,000,000 in the International Mobile Lottery. Send your full name, bank account number, and OTP to claim prize money immediately. Case Ticket #56695.",1
"Hi, just following up on the invoice #8392. Could your finance department confirm receipt of the payment?",0
"Hi Team, please find attached the meeting minutes and agenda for our weekly sprint review on Tuesday. Reference ID: 826229.",0
Your Uber driver is arriving in a Silver Toyota Camry (License: 7XYZ89). Please meet them at the pickup point.,0
"Hi, just following up on the invoice #8392. Could your finance department confirm receipt of the payment?",0
HR Department Alert: All employees must review the mandatory updated salary and bonus schedule for 2026. Enter your corporate network login and password: http://corporate-payroll-login.xyz Case Ticket #38478.,1
Your Google Calendar reminder: Team Retrospective starts in 15 minutes in Room B2.,0
Hey! Are you free for lunch today at the cafeteria around 1:00 PM?,0
Your Google Calendar reminder: Team Retrospective starts in 15 minutes in Room B2.,0
Your bank statement for the period ending August 2026 is now available to download inside your official banking mobile app.,0
Thank you for subscribing to The Daily Tech Newsletter. Here is your summary of top cybersecurity articles for this week.,0
"Dear Student, the semester exam schedule has been published on the university portal. Please verify your subject codes.",0
Thank you for subscribing to The Daily Tech Newsletter. Here is your summary of top cybersecurity articles for this week. Reference ID: 762184.,0
"Security Alert: A new sign-in was detected on your Windows PC from Chrome browser. If this was you, you can ignore this alert. Reference ID: 827514.",0
"Hi John, hope you had a great weekend. Let's touch base regarding the Q3 roadmap after the standup meeting. Reference ID: 254785.",0
Netflix: We have updated our Terms of Use to better explain how our recommendations work. No action required.,0
Your Swiggy order has been picked up and is on its way. Estimated arrival time: 25 minutes. Reference ID: 897460.,0
Your Facebook account has been reported for copyright infringement. Submit an appeal within 24 hours or your profile will be permanently deleted: http://facebook-copyright-appeal.xyz,1
The project repository pull request #142 'Fix memory leak in buffer pool' has been merged into main.,0
Your Swiggy order has been picked up and is on its way. Estimated arrival time: 25 minutes. Reference ID: 211596.,0
Cryptocurrency Alert: MetaMask wallet security compromise detected. Sync your 12-word secret recovery seed phrase immediately to avoid loss of funds: http://metamask-seed-validation.xyz,1
"Hi John, hope you had a great weekend. Let's touch base regarding the Q3 roadmap after the standup meeting.",0
"ALERT: Your Wells Fargo debit card has been locked! Unauthorized transaction of $1,429.00 detected. Click here immediately to cancel the charge: http://192.168.1.50/wellsfargo/cancel-tx Case Ticket #69863.",1
Netflix: We have updated our Terms of Use to better explain how our recommendations work. No action required. Reference ID: 491456.,0
Urgent Notice: Unpaid toll road bill of $6.50. Avoid late fees and vehicle registration suspension by paying now: http://toll-violation-payment.click/pay,1
Your bank statement for the period ending August 2026 is now available to download inside your official banking mobile app. Reference ID: 959162.,0
SMS Warning: Your package cannot be delivered due to missing house number and an unpaid customs fee of $2.99. Pay and update address within 12 hours: http://usps-parcel-tracking-fee.click/redelivery Case Ticket #23875.,1
"Hi, just following up on the invoice #8392. Could your finance department confirm receipt of the payment?",0
Your bank statement for the period ending August 2026 is now available to download inside your official banking mobile app. Reference ID: 599651.,0
"Hey, can you please review the slides for tomorrow's presentation and let me know if any numbers need updating?",0
URGENT NOTICE from IT Helpdesk: Your Office 365 mailbox is 99% full and will stop receiving emails today. Click here to upgrade storage and re-authenticate your password immediately: http://office365-helpdesk-upgrade.top,1
URGENT: Your Bank of America checking account has been SUSPENDED due to suspicious activity. Verify identity immediately at http://bankofamerica-verify-session.tk/auth to restore access or account will be permanently closed. Case Ticket #36760.,1
"SECURITY ALERT: Someone accessed your Apple ID from an unknown device in Nigeria. If this was not you, verify your identity and enter your OTP immediately at http://appleid-support-security.xyz Case Ticket #26972.",1
"SECURITY ALERT: Someone accessed your Apple ID from an unknown device in Nigeria. If this was not you, verify your identity and enter your OTP immediately at http://appleid-support-security.xyz Case Ticket #17810.",1
"Security Alert: A new sign-in was detected on your Windows PC from Chrome browser. If this was you, you can ignore this alert. Reference ID: 447688.",0
"Hi Team, please find attached the meeting minutes and agenda for our weekly sprint review on Tuesday.",0
"Security Alert: A new sign-in was detected on your Windows PC from Chrome browser. If this was you, you can ignore this alert.",0
Your Uber driver is arriving in a Silver Toyota Camry (License: 7XYZ89). Please meet them at the pickup point. Reference ID: 522829.,0
Reminder: Doctor appointment scheduled for tomorrow at 3:00 PM with Dr. Sharma. Reply RESCHEDULE if you need to change.,0
Your Google Calendar reminder: Team Retrospective starts in 15 minutes in Room B2. Reference ID: 393046.,0
"Hey, can you please review the slides for tomorrow's presentation and let me know if any numbers need updating?",0
"Dear customer, your electricity bill of $84.50 for the month of August has been paid successfully. Receipt #93840. Reference ID: 695673.",0
"ALERT: Your Wells Fargo debit card has been locked! Unauthorized transaction of $1,429.00 detected. Click here immediately to cancel the charge: http://192.168.1.50/wellsfargo/cancel-tx",1
ALERT: Your SIM card is being swapped by an unauthorized user. Enter the OTP sent to your phone right now on http://sim-swap-security.tk to cancel the request. Case Ticket #13049.,1
"You have received a direct deposit of $4,500.00. Click here to confirm your banking credentials and accept funds: http://instant-cash-transfer.xyz/accept Case Ticket #59752.",1
Cryptocurrency Alert: MetaMask wallet security compromise detected. Sync your 12-word secret recovery seed phrase immediately to avoid loss of funds: http://metamask-seed-validation.xyz,1
Your Facebook account has been reported for copyright infringement. Submit an appeal within 24 hours or your profile will be permanently deleted: http://facebook-copyright-appeal.xyz Case Ticket #92781.,1
"Dear customer, your electricity bill of $84.50 for the month of August has been paid successfully. Receipt #93840.",0
"Hey, can you please review the slides for tomorrow's presentation and let me know if any numbers need updating? Reference ID: 631265.",0
Your Uber driver is arriving in a Silver Toyota Camry (License: 7XYZ89). Please meet them at the pickup point. Reference ID: 236996.,0
URGENT NOTICE from IT Helpdesk: Your Office 365 mailbox is 99% full and will stop receiving emails today. Click here to upgrade storage and re-authenticate your password immediately: http://office365-helpdesk-upgrade.top Case Ticket #70338.,1
"FINAL NOTICE: IRS Tax Refund of $3,850.00 is pending. You have 24 hours to confirm your Social Security Number and direct deposit bank details to receive funds: http://irs-refund-portal.click/claim Case Ticket #79181.",1
"FINAL NOTICE: IRS Tax Refund of $3,850.00 is pending. You have 24 hours to confirm your Social Security Number and direct deposit bank details to receive funds: http://irs-refund-portal.click/claim",1
"CONGRATULATIONS! You have won $1,000,000 in the International Mobile Lottery. Send your full name, bank account number, and OTP to claim prize money immediately. Case Ticket #21056.",1
Your WhatsApp account will be deleted within 24 hours due to violation of service terms. Confirm your phone number and security pin here: http://whatsapp-verification-service.tk Case Ticket #68935.,1
"Dear PayPal User, We detected an unauthorized login attempt from Russia. Your account is temporarily restricted. Update your password and credit card details now: http://paypal-resolution-center.xyz/login",1
Your bank statement for the period ending August 2026 is now available to download inside your official banking mobile app.,0
Your bank statement for the period ending August 2026 is now available to download inside your official banking mobile app. Reference ID: 800822.,0
Spotify: Your Weekly Discover playlist is ready with 30 fresh tracks based on your recent listening history.,0
Your WhatsApp account will be deleted within 24 hours due to violation of service terms. Confirm your phone number and security pin here: http://whatsapp-verification-service.tk,1
"Security Alert: A new sign-in was detected on your Windows PC from Chrome browser. If this was you, you can ignore this alert. Reference ID: 582954.",0
Netflix: We have updated our Terms of Use to better explain how our recommendations work. No action required. Reference ID: 535293.,0
SMS Warning: Your package cannot be delivered due to missing house number and an unpaid customs fee of $2.99. Pay and update address within 12 hours: http://usps-parcel-tracking-fee.click/redelivery,1
Hey! Are you free for lunch today at the cafeteria around 1:00 PM?,0
"ALERT: Your Wells Fargo debit card has been locked! Unauthorized transaction of $1,429.00 detected. Click here immediately to cancel the charge: http://192.168.1.50/wellsfargo/cancel-tx Case Ticket #68106.",1
"Dear Customer, your KYC details have expired. Your bank account will be blocked by midnight. Complete e-KYC immediately by entering PAN and Aadhaar: http://online-kyc-update.tk Case Ticket #19550.",1
"URGENT! CEO Request: I am currently in a confidential client meeting and need you to urgently wire $45,000 to our vendor or purchase 10 Apple Gift Cards immediately for client gifts. Do not call me. Case Ticket #26529.",1
"Hi John, hope you had a great weekend. Let's touch base regarding the Q3 roadmap after the standup meeting.",0
"Dear customer, your electricity bill of $84.50 for the month of August has been paid successfully. Receipt #93840. Reference ID: 365503.",0
Your Swiggy order has been picked up and is on its way. Estimated arrival time: 25 minutes.,0
Netflix: We have updated our Terms of Use to better explain how our recommendations work. No action required.,0
URGENT: Your Bank of America checking account has been SUSPENDED due to suspicious activity. Verify identity immediately at http://bankofamerica-verify-session.tk/auth to restore access or account will be permanently closed. Case Ticket #72843.,1
"Hi, just following up on the invoice #8392. Could your finance department confirm receipt of the payment?",0
"URGENT! CEO Request: I am currently in a confidential client meeting and need you to urgently wire $45,000 to our vendor or purchase 10 Apple Gift Cards immediately for client gifts. Do not call me.",1
"You have received a direct deposit of $4,500.00. Click here to confirm your banking credentials and accept funds: http://instant-cash-transfer.xyz/accept Case Ticket #29420.",1
Your Uber driver is arriving in a Silver Toyota Camry (License: 7XYZ89). Please meet them at the pickup point. Reference ID: 601508.,0
"Hi, just following up on the invoice #8392. Could your finance department confirm receipt of the payment?",0
"CONGRATULATIONS! You have won $1,000,000 in the International Mobile Lottery. Send your full name, bank account number, and OTP to claim prize money immediately. Case Ticket #61102.",1
SMS Warning: Your package cannot be delivered due to missing house number and an unpaid customs fee of $2.99. Pay and update address within 12 hours: http://usps-parcel-tracking-fee.click/redelivery Case Ticket #37788.,1
"You have received a direct deposit of $4,500.00. Click here to confirm your banking credentials and accept funds: http://instant-cash-transfer.xyz/accept Case Ticket #16103.",1
"Hi Team, please find attached the meeting minutes and agenda for our weekly sprint review on Tuesday. Reference ID: 564023.",0
"Dear Student, the semester exam schedule has been published on the university portal. Please verify your subject codes.",0
Your Swiggy order has been picked up and is on its way. Estimated arrival time: 25 minutes. Reference ID: 766206.,0
"Dear Customer, your KYC details have expired. Your bank account will be blocked by midnight. Complete e-KYC immediately by entering PAN and Aadhaar: http://online-kyc-update.tk Case Ticket #39573.",1
SMS Warning: Your package cannot be delivered due to missing house number and an unpaid customs fee of $2.99. Pay and update address within 12 hours: http://usps-parcel-tracking-fee.click/redelivery,1
"You have received a direct deposit of $4,500.00. Click here to confirm your banking credentials and accept funds: http://instant-cash-transfer.xyz/accept Case Ticket #20239.",1
"Dear Student, the semester exam schedule has been published on the university portal. Please verify your subject codes.",0
Your one-time verification code for GitHub is 849201. This code expires in 10 minutes. Never share this code with anyone. Reference ID: 991904.,0
Urgent Notice: Unpaid toll road bill of $6.50. Avoid late fees and vehicle registration suspension by paying now: http://toll-violation-payment.click/pay Case Ticket #18498.,1
"Security Alert: A new sign-in was detected on your Windows PC from Chrome browser. If this was you, you can ignore this alert.",0
Netflix: We have updated our Terms of Use to better explain how our recommendations work. No action required.,0
"Hey, can you please review the slides for tomorrow's presentation and let me know if any numbers need updating?",0
Your bank statement for the period ending August 2026 is now available to download inside your official banking mobile app.,0
Your WhatsApp account will be deleted within 24 hours due to violation of service terms. Confirm your phone number and security pin here: http://whatsapp-verification-service.tk,1
Your Swiggy order has been picked up and is on its way. Estimated arrival time: 25 minutes. Reference ID: 267234.,0
"SECURITY ALERT: Someone accessed your Apple ID from an unknown device in Nigeria. If this was not you, verify your identity and enter your OTP immediately at http://appleid-support-security.xyz",1
"SECURITY ALERT: Someone accessed your Apple ID from an unknown device in Nigeria. If this was not you, verify your identity and enter your OTP immediately at http://appleid-support-security.xyz Case Ticket #37355.",1
The project repository pull request #142 'Fix memory leak in buffer pool' has been merged into main.,0
Hey! Are you free for lunch today at the cafeteria around 1:00 PM?,0
"You have received a direct deposit of $4,500.00. Click here to confirm your banking credentials and accept funds: http://instant-cash-transfer.xyz/accept Case Ticket #88849.",1
Your one-time verification code for GitHub is 849201. This code expires in 10 minutes. Never share this code with anyone. Reference ID: 238272.,0
"You have received a direct deposit of $4,500.00. Click here to confirm your banking credentials and accept funds: http://instant-cash-transfer.xyz/accept Case Ticket #45638.",1
Thank you for subscribing to The Daily Tech Newsletter. Here is your summary of top cybersecurity articles for this week. Reference ID: 939444.,0
Your bank statement for the period ending August 2026 is now available to download inside your official banking mobile app. Reference ID: 724187.,0
"Dear PayPal User, We detected an unauthorized login attempt from Russia. Your account is temporarily restricted. Update your password and credit card details now: http://paypal-resolution-center.xyz/login Case Ticket #92179.",1
"Dear customer, your electricity bill of $84.50 for the month of August has been paid successfully. Receipt #93840.",0
Reminder: Doctor appointment scheduled for tomorrow at 3:00 PM with Dr. Sharma. Reply RESCHEDULE if you need to change.,0
"You have received a direct deposit of $4,500.00. Click here to confirm your banking credentials and accept funds: http://instant-cash-transfer.xyz/accept Case Ticket #97181.",1
Netflix: We have updated our Terms of Use to better explain how our recommendations work. No action required.,0
"Dear Student, the semester exam schedule has been published on the university portal. Please verify your subject codes.",0
HR Department Alert: All employees must review the mandatory updated salary and bonus schedule for 2026. Enter your corporate network login and password: http://corporate-payroll-login.xyz,1
"Dear PayPal User, We detected an unauthorized login attempt from Russia. Your account is temporarily restricted. Update your password and credit card details now: http://paypal-resolution-center.xyz/login",1
"Dear customer, your electricity bill of $84.50 for the month of August has been paid successfully. Receipt #93840. Reference ID: 173957.",0
"Hi John, hope you had a great weekend. Let's touch base regarding the Q3 roadmap after the standup meeting. Reference ID: 126658.",0
URGENT NOTICE from IT Helpdesk: Your Office 365 mailbox is 99% full and will stop receiving emails today. Click here to upgrade storage and re-authenticate your password immediately: http://office365-helpdesk-upgrade.top,1
"Hi John, hope you had a great weekend. Let's touch base regarding the Q3 roadmap after the standup meeting. Reference ID: 186205.",0
"Dear Customer, your KYC details have expired. Your bank account will be blocked by midnight. Complete e-KYC immediately by entering PAN and Aadhaar: http://online-kyc-update.tk Case Ticket #65032.",1
Netflix Warning: Your monthly subscription payment failed and your account is scheduled for cancellation today. Update your billing credit card details immediately: http://netflix-billing-update.top/account,1
"Chase Bank Alert: A wire transfer of $5,000 was initiated from your account. If you did NOT authorize this, click here immediately to stop transfer: http://chase-security-fraud-alert.ml/block",1
Your Swiggy order has been picked up and is on its way. Estimated arrival time: 25 minutes.,0
Hey! Are you free for lunch today at the cafeteria around 1:00 PM?,0
SMS Warning: Your package cannot be delivered due to missing house number and an unpaid customs fee of $2.99. Pay and update address within 12 hours: http://usps-parcel-tracking-fee.click/redelivery,1
"FINAL NOTICE: IRS Tax Refund of $3,850.00 is pending. You have 24 hours to confirm your Social Security Number and direct deposit bank details to receive funds: http://irs-refund-portal.click/claim",1
"Hi John, hope you had a great weekend. Let's touch base regarding the Q3 roadmap after the standup meeting.",0
SMS Warning: Your package cannot be delivered due to missing house number and an unpaid customs fee of $2.99. Pay and update address within 12 hours: http://usps-parcel-tracking-fee.click/redelivery Case Ticket #28441.,1
Your Swiggy order has been picked up and is on its way. Estimated arrival time: 25 minutes. Reference ID: 818115.,0
"ALERT: Your Wells Fargo debit card has been locked! Unauthorized transaction of $1,429.00 detected. Click here immediately to cancel the charge: http://192.168.1.50/wellsfargo/cancel-tx",1
Your bank statement for the period ending August 2026 is now available to download inside your official banking mobile app.,0
"FINAL NOTICE: IRS Tax Refund of $3,850.00 is pending. You have 24 hours to confirm your Social Security Number and direct deposit bank details to receive funds: http://irs-refund-portal.click/claim",1
"CONGRATULATIONS! You have won $1,000,000 in the International Mobile Lottery. Send your full name, bank account number, and OTP to claim prize money immediately.",1
Your Uber driver is arriving in a Silver Toyota Camry (License: 7XYZ89). Please meet them at the pickup point. Reference ID: 458915.,0
Your Swiggy order has been picked up and is on its way. Estimated arrival time: 25 minutes.,0
"Dear Customer, your KYC details have expired. Your bank account will be blocked by midnight. Complete e-KYC immediately by entering PAN and Aadhaar: http://online-kyc-update.tk",1
"FINAL NOTICE: IRS Tax Refund of $3,850.00 is pending. You have 24 hours to confirm your Social Security Number and direct deposit bank details to receive funds: http://irs-refund-portal.click/claim",1
"Chase Bank Alert: A wire transfer of $5,000 was initiated from your account. If you did NOT authorize this, click here immediately to stop transfer: http://chase-security-fraud-alert.ml/block",1
"Dear Student, the semester exam schedule has been published on the university portal. Please verify your subject codes. Reference ID: 166191.",0
Your Google Calendar reminder: Team Retrospective starts in 15 minutes in Room B2.,0
Your one-time verification code for GitHub is 849201. This code expires in 10 minutes. Never share this code with anyone.,0
Urgent Notice: Unpaid toll road bill of $6.50. Avoid late fees and vehicle registration suspension by paying now: http://toll-violation-payment.click/pay Case Ticket #82744.,1
Netflix Warning: Your monthly subscription payment failed and your account is scheduled for cancellation today. Update your billing credit card details immediately: http://netflix-billing-update.top/account,1
URGENT NOTICE from IT Helpdesk: Your Office 365 mailbox is 99% full and will stop receiving emails today. Click here to upgrade storage and re-authenticate your password immediately: http://office365-helpdesk-upgrade.top,1
"Hi John, hope you had a great weekend. Let's touch base regarding the Q3 roadmap after the standup meeting.",0
Your Uber driver is arriving in a Silver Toyota Camry (License: 7XYZ89). Please meet them at the pickup point. Reference ID: 323885.,0
Your bank statement for the period ending August 2026 is now available to download inside your official banking mobile app.,0
Your Swiggy order has been picked up and is on its way. Estimated arrival time: 25 minutes.,0
SMS Warning: Your package cannot be delivered due to missing house number and an unpaid customs fee of $2.99. Pay and update address within 12 hours: http://usps-parcel-tracking-fee.click/redelivery Case Ticket #49117.,1
Hey! Are you free for lunch today at the cafeteria around 1:00 PM? Reference ID: 896671.,0
Your Swiggy order has been picked up and is on its way. Estimated arrival time: 25 minutes. Reference ID: 570945.,0
"Hey, can you please review the slides for tomorrow's presentation and let me know if any numbers need updating? Reference ID: 247031.",0
"Dear Student, the semester exam schedule has been published on the university portal. Please verify your subject codes. Reference ID: 481649.",0
"SECURITY ALERT: Someone accessed your Apple ID from an unknown device in Nigeria. If this was not you, verify your identity and enter your OTP immediately at http://appleid-support-security.xyz Case Ticket #58128.",1
URGENT NOTICE from IT Helpdesk: Your Office 365 mailbox is 99% full and will stop receiving emails today. Click here to upgrade storage and re-authenticate your password immediately: http://office365-helpdesk-upgrade.top Case Ticket #62850.,1
URGENT NOTICE from IT Helpdesk: Your Office 365 mailbox is 99% full and will stop receiving emails today. Click here to upgrade storage and re-authenticate your password immediately: http://office365-helpdesk-upgrade.top,1
The project repository pull request #142 'Fix memory leak in buffer pool' has been merged into main. Reference ID: 886099.,0
"Dear PayPal User, We detected an unauthorized login attempt from Russia. Your account is temporarily restricted. Update your password and credit card details now: http://paypal-resolution-center.xyz/login",1
"Security Alert: A new sign-in was detected on your Windows PC from Chrome browser. If this was you, you can ignore this alert. Reference ID: 900475.",0
"CONGRATULATIONS! You have won $1,000,000 in the International Mobile Lottery. Send your full name, bank account number, and OTP to claim prize money immediately. Case Ticket #92046.",1
Your WhatsApp account will be deleted within 24 hours due to violation of service terms. Confirm your phone number and security pin here: http://whatsapp-verification-service.tk,1
Your Google Calendar reminder: Team Retrospective starts in 15 minutes in Room B2. Reference ID: 548088.,0
Netflix Warning: Your monthly subscription payment failed and your account is scheduled for cancellation today. Update your billing credit card details immediately: http://netflix-billing-update.top/account Case Ticket #11398.,1
"Dear customer, your electricity bill of $84.50 for the month of August has been paid successfully. Receipt #93840. Reference ID: 457959.",0
"Your flight ticket for AI-302 to San Francisco is confirmed. Terminal 3, Gate 42. Check-in opens 24 hours prior. Reference ID: 848529.",0
Your Google Calendar reminder: Team Retrospective starts in 15 minutes in Room B2. Reference ID: 394464.,0
"Hi Team, please find attached the meeting minutes and agenda for our weekly sprint review on Tuesday.",0
Your WhatsApp account will be deleted within 24 hours due to violation of service terms. Confirm your phone number and security pin here: http://whatsapp-verification-service.tk,1
SMS Warning: Your package cannot be delivered due to missing house number and an unpaid customs fee of $2.99. Pay and update address within 12 hours: http://usps-parcel-tracking-fee.click/redelivery Case Ticket #55886.,1
URGENT NOTICE from IT Helpdesk: Your Office 365 mailbox is 99% full and will stop receiving emails today. Click here to upgrade storage and re-authenticate your password immediately: http://office365-helpdesk-upgrade.top,1
Your Uber driver is arriving in a Silver Toyota Camry (License: 7XYZ89). Please meet them at the pickup point. Reference ID: 122942.,0
"URGENT! CEO Request: I am currently in a confidential client meeting and need you to urgently wire $45,000 to our vendor or purchase 10 Apple Gift Cards immediately for client gifts. Do not call me. Case Ticket #89489.",1
SMS Warning: Your package cannot be delivered due to missing house number and an unpaid customs fee of $2.99. Pay and update address within 12 hours: http://usps-parcel-tracking-fee.click/redelivery Case Ticket #52977.,1
"URGENT! CEO Request: I am currently in a confidential client meeting and need you to urgently wire $45,000 to our vendor or purchase 10 Apple Gift Cards immediately for client gifts. Do not call me.",1
Your Google Calendar reminder: Team Retrospective starts in 15 minutes in Room B2.,0
"URGENT! CEO Request: I am currently in a confidential client meeting and need you to urgently wire $45,000 to our vendor or purchase 10 Apple Gift Cards immediately for client gifts. Do not call me. Case Ticket #92209.",1
"Hi John, hope you had a great weekend. Let's touch base regarding the Q3 roadmap after the standup meeting. Reference ID: 328860.",0
Your Swiggy order has been picked up and is on its way. Estimated arrival time: 25 minutes. Reference ID: 163859.,0
"SECURITY ALERT: Someone accessed your Apple ID from an unknown device in Nigeria. If this was not you, verify your identity and enter your OTP immediately at http://appleid-support-security.xyz",1
"Dear PayPal User, We detected an unauthorized login attempt from Russia. Your account is temporarily restricted. Update your password and credit card details now: http://paypal-resolution-center.xyz/login",1
"Hi John, hope you had a great weekend. Let's touch base regarding the Q3 roadmap after the standup meeting. Reference ID: 326533.",0
"Hi John, hope you had a great weekend. Let's touch base regarding the Q3 roadmap after the standup meeting. Reference ID: 909483.",0
Your Uber driver is arriving in a Silver Toyota Camry (License: 7XYZ89). Please meet them at the pickup point. Reference ID: 734604.,0
"Hi John, hope you had a great weekend. Let's touch base regarding the Q3 roadmap after the standup meeting.",0
"Dear Customer, your KYC details have expired. Your bank account will be blocked by midnight. Complete e-KYC immediately by entering PAN and Aadhaar: http://online-kyc-update.tk",1
URGENT NOTICE from IT Helpdesk: Your Office 365 mailbox is 99% full and will stop receiving emails today. Click here to upgrade storage and re-authenticate your password immediately: http://office365-helpdesk-upgrade.top Case Ticket #57603.,1
"ALERT: Your Wells Fargo debit card has been locked! Unauthorized transaction of $1,429.00 detected. Click here immediately to cancel the charge: http://192.168.1.50/wellsfargo/cancel-tx",1
SMS Warning: Your package cannot be delivered due to missing house number and an unpaid customs fee of $2.99. Pay and update address within 12 hours: http://usps-parcel-tracking-fee.click/redelivery Case Ticket #62980.,1
"SECURITY ALERT: Someone accessed your Apple ID from an unknown device in Nigeria. If this was not you, verify your identity and enter your OTP immediately at http://appleid-support-security.xyz",1
Your WhatsApp account will be deleted within 24 hours due to violation of service terms. Confirm your phone number and security pin here: http://whatsapp-verification-service.tk Case Ticket #85578.,1
Your Swiggy order has been picked up and is on its way. Estimated arrival time: 25 minutes. Reference ID: 985752.,0
"ALERT: Your Wells Fargo debit card has been locked! Unauthorized transaction of $1,429.00 detected. Click here immediately to cancel the charge: http://192.168.1.50/wellsfargo/cancel-tx Case Ticket #75289.",1
Your bank statement for the period ending August 2026 is now available to download inside your official banking mobile app. Reference ID: 996157.,0
ALERT: Your SIM card is being swapped by an unauthorized user. Enter the OTP sent to your phone right now on http://sim-swap-security.tk to cancel the request.,1
Netflix: We have updated our Terms of Use to better explain how our recommendations work. No action required.,0
"Chase Bank Alert: A wire transfer of $5,000 was initiated from your account. If you did NOT authorize this, click here immediately to stop transfer: http://chase-security-fraud-alert.ml/block Case Ticket #58977.",1
Urgent Notice: Unpaid toll road bill of $6.50. Avoid late fees and vehicle registration suspension by paying now: http://toll-violation-payment.click/pay,1
"ALERT: Your Wells Fargo debit card has been locked! Unauthorized transaction of $1,429.00 detected. Click here immediately to cancel the charge: http://192.168.1.50/wellsfargo/cancel-tx",1
"SECURITY ALERT: Someone accessed your Apple ID from an unknown device in Nigeria. If this was not you, verify your identity and enter your OTP immediately at http://appleid-support-security.xyz",1
Thank you for subscribing to The Daily Tech Newsletter. Here is your summary of top cybersecurity articles for this week. Reference ID: 813385.,0
Urgent Notice: Unpaid toll road bill of $6.50. Avoid late fees and vehicle registration suspension by paying now: http://toll-violation-payment.click/pay,1
"Dear Student, the semester exam schedule has been published on the university portal. Please verify your subject codes.",0
"Amazon Fraud Dept: We placed a hold on your order #849204 (MacBook Pro $2,399). Call 1-800-FAKE-NUM or click http://amazon-security-orders.xyz to verify your credit card immediately.",1
"ALERT: Your Wells Fargo debit card has been locked! Unauthorized transaction of $1,429.00 detected. Click here immediately to cancel the charge: http://192.168.1.50/wellsfargo/cancel-tx Case Ticket #79457.",1
Your Uber driver is arriving in a Silver Toyota Camry (License: 7XYZ89). Please meet them at the pickup point.,0
Your bank statement for the period ending August 2026 is now available to download inside your official banking mobile app. Reference ID: 515035.,0
Urgent Notice: Unpaid toll road bill of $6.50. Avoid late fees and vehicle registration suspension by paying now: http://toll-violation-payment.click/pay,1
Your Swiggy order has been picked up and is on its way. Estimated arrival time: 25 minutes.,0
Urgent Notice: Unpaid toll road bill of $6.50. Avoid late fees and vehicle registration suspension by paying now: http://toll-violation-payment.click/pay,1
"Security Alert: A new sign-in was detected on your Windows PC from Chrome browser. If this was you, you can ignore this alert. Reference ID: 369338.",0
HR Department Alert: All employees must review the mandatory updated salary and bonus schedule for 2026. Enter your corporate network login and password: http://corporate-payroll-login.xyz Case Ticket #26553.,1
"Hi Team, please find attached the meeting minutes and agenda for our weekly sprint review on Tuesday.",0
Netflix: We have updated our Terms of Use to better explain how our recommendations work. No action required. Reference ID: 291971.,0
Reminder: Doctor appointment scheduled for tomorrow at 3:00 PM with Dr. Sharma. Reply RESCHEDULE if you need to change.,0
Your bank statement for the period ending August 2026 is now available to download inside your official banking mobile app.,0
Your Swiggy order has been picked up and is on its way. Estimated arrival time: 25 minutes.,0
Thank you for subscribing to The Daily Tech Newsletter. Here is your summary of top cybersecurity articles for this week.,0
"Hi, just following up on the invoice #8392. Could your finance department confirm receipt of the payment?",0
Your Amazon package with order ID #9384729 has been delivered to your front porch. Thank you for shopping with us. Reference ID: 507446.,0
"Hi, just following up on the invoice #8392. Could your finance department confirm receipt of the payment?",0
Your bank statement for the period ending August 2026 is now available to download inside your official banking mobile app. Reference ID: 701866.,0
"Security Alert: A new sign-in was detected on your Windows PC from Chrome browser. If this was you, you can ignore this alert. Reference ID: 681697.",0
"You have received a direct deposit of $4,500.00. Click here to confirm your banking credentials and accept funds: http://instant-cash-transfer.xyz/accept Case Ticket #63075.",1
Netflix Warning: Your monthly subscription payment failed and your account is scheduled for cancellation today. Update your billing credit card details immediately: http://netflix-billing-update.top/account Case Ticket #67544.,1
Your bank statement for the period ending August 2026 is now available to download inside your official banking mobile app. Reference ID: 689171.,0
HR Department Alert: All employees must review the mandatory updated salary and bonus schedule for 2026. Enter your corporate network login and password: http://corporate-payroll-login.xyz,1
Netflix: We have updated our Terms of Use to better explain how our recommendations work. No action required. Reference ID: 749358.,0
Cryptocurrency Alert: MetaMask wallet security compromise detected. Sync your 12-word secret recovery seed phrase immediately to avoid loss of funds: http://metamask-seed-validation.xyz,1
Your Swiggy order has been picked up and is on its way. Estimated arrival time: 25 minutes.,0
"Hi Team, please find attached the meeting minutes and agenda for our weekly sprint review on Tuesday. Reference ID: 124993.",0
SMS Warning: Your package cannot be delivered due to missing house number and an unpaid customs fee of $2.99. Pay and update address within 12 hours: http://usps-parcel-tracking-fee.click/redelivery Case Ticket #99390.,1
Cryptocurrency Alert: MetaMask wallet security compromise detected. Sync your 12-word secret recovery seed phrase immediately to avoid loss of funds: http://metamask-seed-validation.xyz,1
Your Amazon package with order ID #9384729 has been delivered to your front porch. Thank you for shopping with us.,0
Your WhatsApp account will be deleted within 24 hours due to violation of service terms. Confirm your phone number and security pin here: http://whatsapp-verification-service.tk,1
Netflix: We have updated our Terms of Use to better explain how our recommendations work. No action required.,0
"Hi, just following up on the invoice #8392. Could your finance department confirm receipt of the payment?",0
Your Swiggy order has been picked up and is on its way. Estimated arrival time: 25 minutes. Reference ID: 510320.,0
"You have received a direct deposit of $4,500.00. Click here to confirm your banking credentials and accept funds: http://instant-cash-transfer.xyz/accept Case Ticket #46639.",1
HR Department Alert: All employees must review the mandatory updated salary and bonus schedule for 2026. Enter your corporate network login and password: http://corporate-payroll-login.xyz,1
Netflix Warning: Your monthly subscription payment failed and your account is scheduled for cancellation today. Update your billing credit card details immediately: http://netflix-billing-update.top/account,1
"Hi John, hope you had a great weekend. Let's touch base regarding the Q3 roadmap after the standup meeting.",0
The project repository pull request #142 'Fix memory leak in buffer pool' has been merged into main.,0
Your Uber driver is arriving in a Silver Toyota Camry (License: 7XYZ89). Please meet them at the pickup point. Reference ID: 714391.,0
"FINAL NOTICE: IRS Tax Refund of $3,850.00 is pending. You have 24 hours to confirm your Social Security Number and direct deposit bank details to receive funds: http://irs-refund-portal.click/claim",1
"Your flight ticket for AI-302 to San Francisco is confirmed. Terminal 3, Gate 42. Check-in opens 24 hours prior.",0
Your Google Calendar reminder: Team Retrospective starts in 15 minutes in Room B2. Reference ID: 340047.,0
Your Swiggy order has been picked up and is on its way. Estimated arrival time: 25 minutes. Reference ID: 842640.,0
"Security Alert: A new sign-in was detected on your Windows PC from Chrome browser. If this was you, you can ignore this alert. Reference ID: 267575.",0
"Hi, just following up on the invoice #8392. Could your finance department confirm receipt of the payment? Reference ID: 888171.",0
"Your flight ticket for AI-302 to San Francisco is confirmed. Terminal 3, Gate 42. Check-in opens 24 hours prior. Reference ID: 315569.",0
"Dear customer, your electricity bill of $84.50 for the month of August has been paid successfully. Receipt #93840.",0
"Hi John, hope you had a great weekend. Let's touch base regarding the Q3 roadmap after the standup meeting. Reference ID: 392042.",0
HR Department Alert: All employees must review the mandatory updated salary and bonus schedule for 2026. Enter your corporate network login and password: http://corporate-payroll-login.xyz,1
"Dear PayPal User, We detected an unauthorized login attempt from Russia. Your account is temporarily restricted. Update your password and credit card details now: http://paypal-resolution-center.xyz/login",1
HR Department Alert: All employees must review the mandatory updated salary and bonus schedule for 2026. Enter your corporate network login and password: http://corporate-payroll-login.xyz,1
"Dear Student, the semester exam schedule has been published on the university portal. Please verify your subject codes. Reference ID: 953922.",0
"Dear Student, the semester exam schedule has been published on the university portal. Please verify your subject codes.",0
Your Amazon package with order ID #9384729 has been delivered to your front porch. Thank you for shopping with us. Reference ID: 998632.,0
ALERT: Your SIM card is being swapped by an unauthorized user. Enter the OTP sent to your phone right now on http://sim-swap-security.tk to cancel the request.,1
URGENT NOTICE from IT Helpdesk: Your Office 365 mailbox is 99% full and will stop receiving emails today. Click here to upgrade storage and re-authenticate your password immediately: http://office365-helpdesk-upgrade.top,1
"Dear Customer, your KYC details have expired. Your bank account will be blocked by midnight. Complete e-KYC immediately by entering PAN and Aadhaar: http://online-kyc-update.tk Case Ticket #15316.",1
"ALERT: Your Wells Fargo debit card has been locked! Unauthorized transaction of $1,429.00 detected. Click here immediately to cancel the charge: http://192.168.1.50/wellsfargo/cancel-tx",1
"Dear Customer, your KYC details have expired. Your bank account will be blocked by midnight. Complete e-KYC immediately by entering PAN and Aadhaar: http://online-kyc-update.tk Case Ticket #74166.",1
Your Uber driver is arriving in a Silver Toyota Camry (License: 7XYZ89). Please meet them at the pickup point. Reference ID: 181447.,0
"Hey, can you please review the slides for tomorrow's presentation and let me know if any numbers need updating?",0
Netflix: We have updated our Terms of Use to better explain how our recommendations work. No action required. Reference ID: 442485.,0
"Security Alert: A new sign-in was detected on your Windows PC from Chrome browser. If this was you, you can ignore this alert.",0
"Dear PayPal User, We detected an unauthorized login attempt from Russia. Your account is temporarily restricted. Update your password and credit card details now: http://paypal-resolution-center.xyz/login Case Ticket #87941.",1
Cryptocurrency Alert: MetaMask wallet security compromise detected. Sync your 12-word secret recovery seed phrase immediately to avoid loss of funds: http://metamask-seed-validation.xyz,1
"FINAL NOTICE: IRS Tax Refund of $3,850.00 is pending. You have 24 hours to confirm your Social Security Number and direct deposit bank details to receive funds: http://irs-refund-portal.click/claim",1
"Security Alert: A new sign-in was detected on your Windows PC from Chrome browser. If this was you, you can ignore this alert. Reference ID: 498476.",0
"Hi John, hope you had a great weekend. Let's touch base regarding the Q3 roadmap after the standup meeting.",0
"Your flight ticket for AI-302 to San Francisco is confirmed. Terminal 3, Gate 42. Check-in opens 24 hours prior.",0
Your Facebook account has been reported for copyright infringement. Submit an appeal within 24 hours or your profile will be permanently deleted: http://facebook-copyright-appeal.xyz Case Ticket #78746.,1
"CONGRATULATIONS! You have won $1,000,000 in the International Mobile Lottery. Send your full name, bank account number, and OTP to claim prize money immediately. Case Ticket #12142.",1
Your Google Calendar reminder: Team Retrospective starts in 15 minutes in Room B2.,0
"ALERT: Your Wells Fargo debit card has been locked! Unauthorized transaction of $1,429.00 detected. Click here immediately to cancel the charge: http://192.168.1.50/wellsfargo/cancel-tx",1
"Hi, just following up on the invoice #8392. Could your finance department confirm receipt of the payment? Reference ID: 799946.",0
Urgent Notice: Unpaid toll road bill of $6.50. Avoid late fees and vehicle registration suspension by paying now: http://toll-violation-payment.click/pay,1
"Chase Bank Alert: A wire transfer of $5,000 was initiated from your account. If you did NOT authorize this, click here immediately to stop transfer: http://chase-security-fraud-alert.ml/block",1
"Hi, just following up on the invoice #8392. Could your finance department confirm receipt of the payment?",0
"Dear customer, your electricity bill of $84.50 for the month of August has been paid successfully. Receipt #93840. Reference ID: 120754.",0
"Hi John, hope you had a great weekend. Let's touch base regarding the Q3 roadmap after the standup meeting. Reference ID: 874831.",0
Your Facebook account has been reported for copyright infringement. Submit an appeal within 24 hours or your profile will be permanently deleted: http://facebook-copyright-appeal.xyz Case Ticket #38062.,1
"Dear customer, your electricity bill of $84.50 for the month of August has been paid successfully. Receipt #93840. Reference ID: 718771.",0
ALERT: Your SIM card is being swapped by an unauthorized user. Enter the OTP sent to your phone right now on http://sim-swap-security.tk to cancel the request. Case Ticket #88128.,1
"Hi Team, please find attached the meeting minutes and agenda for our weekly sprint review on Tuesday. Reference ID: 428702.",0
"ALERT: Your Wells Fargo debit card has been locked! Unauthorized transaction of $1,429.00 detected. Click here immediately to cancel the charge: http://192.168.1.50/wellsfargo/cancel-tx",1
Your WhatsApp account will be deleted within 24 hours due to violation of service terms. Confirm your phone number and security pin here: http://whatsapp-verification-service.tk Case Ticket #51311.,1
"Dear Student, the semester exam schedule has been published on the university portal. Please verify your subject codes.",0
"CONGRATULATIONS! You have won $1,000,000 in the International Mobile Lottery. Send your full name, bank account number, and OTP to claim prize money immediately.",1
"SECURITY ALERT: Someone accessed your Apple ID from an unknown device in Nigeria. If this was not you, verify your identity and enter your OTP immediately at http://appleid-support-security.xyz",1
"FINAL NOTICE: IRS Tax Refund of $3,850.00 is pending. You have 24 hours to confirm your Social Security Number and direct deposit bank details to receive funds: http://irs-refund-portal.click/claim Case Ticket #68522.",1
Hey! Are you free for lunch today at the cafeteria around 1:00 PM?,0
"Dear customer, your electricity bill of $84.50 for the month of August has been paid successfully. Receipt #93840.",0
The project repository pull request #142 'Fix memory leak in buffer pool' has been merged into main. Reference ID: 491834.,0
"Dear Customer, your KYC details have expired. Your bank account will be blocked by midnight. Complete e-KYC immediately by entering PAN and Aadhaar: http://online-kyc-update.tk Case Ticket #16224.",1
"Hey, can you please review the slides for tomorrow's presentation and let me know if any numbers need updating?",0
"CONGRATULATIONS! You have won $1,000,000 in the International Mobile Lottery. Send your full name, bank account number, and OTP to claim prize money immediately. Case Ticket #83608.",1
Hey! Are you free for lunch today at the cafeteria around 1:00 PM? Reference ID: 849756.,0
"Amazon Fraud Dept: We placed a hold on your order #849204 (MacBook Pro $2,399). Call 1-800-FAKE-NUM or click http://amazon-security-orders.xyz to verify your credit card immediately. Case Ticket #81381.",1
"CONGRATULATIONS! You have won $1,000,000 in the International Mobile Lottery. Send your full name, bank account number, and OTP to claim prize money immediately.",1
"Your flight ticket for AI-302 to San Francisco is confirmed. Terminal 3, Gate 42. Check-in opens 24 hours prior.",0
The project repository pull request #142 'Fix memory leak in buffer pool' has been merged into main.,0
"SECURITY ALERT: Someone accessed your Apple ID from an unknown device in Nigeria. If this was not you, verify your identity and enter your OTP immediately at http://appleid-support-security.xyz",1
Your Facebook account has been reported for copyright infringement. Submit an appeal within 24 hours or your profile will be permanently deleted: http://facebook-copyright-appeal.xyz,1
"You have received a direct deposit of $4,500.00. Click here to confirm your banking credentials and accept funds: http://instant-cash-transfer.xyz/accept",1
"SECURITY ALERT: Someone accessed your Apple ID from an unknown device in Nigeria. If this was not you, verify your identity and enter your OTP immediately at http://appleid-support-security.xyz Case Ticket #43423.",1
Thank you for subscribing to The Daily Tech Newsletter. Here is your summary of top cybersecurity articles for this week. Reference ID: 131436.,0
Urgent Notice: Unpaid toll road bill of $6.50. Avoid late fees and vehicle registration suspension by paying now: http://toll-violation-payment.click/pay Case Ticket #75062.,1
"CONGRATULATIONS! You have won $1,000,000 in the International Mobile Lottery. Send your full name, bank account number, and OTP to claim prize money immediately.",1
"Hi Team, please find attached the meeting minutes and agenda for our weekly sprint review on Tuesday.",0
"CONGRATULATIONS! You have won $1,000,000 in the International Mobile Lottery. Send your full name, bank account number, and OTP to claim prize money immediately.",1
Netflix: We have updated our Terms of Use to better explain how our recommendations work. No action required.,0
"Hi, just following up on the invoice #8392. Could your finance department confirm receipt of the payment? Reference ID: 450153.",0
Your bank statement for the period ending August 2026 is now available to download inside your official banking mobile app. Reference ID: 738988.,0
"Hi, just following up on the invoice #8392. Could your finance department confirm receipt of the payment? Reference ID: 282822.",0
"Your flight ticket for AI-302 to San Francisco is confirmed. Terminal 3, Gate 42. Check-in opens 24 hours prior. Reference ID: 785072.",0
"Hi Team, please find attached the meeting minutes and agenda for our weekly sprint review on Tuesday.",0
Your Amazon package with order ID #9384729 has been delivered to your front porch. Thank you for shopping with us.,0
Netflix Warning: Your monthly subscription payment failed and your account is scheduled for cancellation today. Update your billing credit card details immediately: http://netflix-billing-update.top/account Case Ticket #62803.,1
Netflix Warning: Your monthly subscription payment failed and your account is scheduled for cancellation today. Update your billing credit card details immediately: http://netflix-billing-update.top/account Case Ticket #47737.,1
"Hi Team, please find attached the meeting minutes and agenda for our weekly sprint review on Tuesday.",0
"Chase Bank Alert: A wire transfer of $5,000 was initiated from your account. If you did NOT authorize this, click here immediately to stop transfer: http://chase-security-fraud-alert.ml/block",1
"Chase Bank Alert: A wire transfer of $5,000 was initiated from your account. If you did NOT authorize this, click here immediately to stop transfer: http://chase-security-fraud-alert.ml/block Case Ticket #74087.",1
"SECURITY ALERT: Someone accessed your Apple ID from an unknown device in Nigeria. If this was not you, verify your identity and enter your OTP immediately at http://appleid-support-security.xyz",1
The project repository pull request #142 'Fix memory leak in buffer pool' has been merged into main.,0
Netflix Warning: Your monthly subscription payment failed and your account is scheduled for cancellation today. Update your billing credit card details immediately: http://netflix-billing-update.top/account Case Ticket #35437.,1
"SECURITY ALERT: Someone accessed your Apple ID from an unknown device in Nigeria. If this was not you, verify your identity and enter your OTP immediately at http://appleid-support-security.xyz Case Ticket #82913.",1
Reminder: Doctor appointment scheduled for tomorrow at 3:00 PM with Dr. Sharma. Reply RESCHEDULE if you need to change.,0
Your Swiggy order has been picked up and is on its way. Estimated arrival time: 25 minutes.,0
"Dear Customer, your KYC details have expired. Your bank account will be blocked by midnight. Complete e-KYC immediately by entering PAN and Aadhaar: http://online-kyc-update.tk",1
"Your flight ticket for AI-302 to San Francisco is confirmed. Terminal 3, Gate 42. Check-in opens 24 hours prior. Reference ID: 836316.",0
Spotify: Your Weekly Discover playlist is ready with 30 fresh tracks based on your recent listening history. Reference ID: 630154.,0
"SECURITY ALERT: Someone accessed your Apple ID from an unknown device in Nigeria. If this was not you, verify your identity and enter your OTP immediately at http://appleid-support-security.xyz Case Ticket #57986.",1
"Dear Customer, your KYC details have expired. Your bank account will be blocked by midnight. Complete e-KYC immediately by entering PAN and Aadhaar: http://online-kyc-update.tk Case Ticket #86851.",1
"Dear customer, your electricity bill of $84.50 for the month of August has been paid successfully. Receipt #93840. Reference ID: 314845.",0
"Hi, just following up on the invoice #8392. Could your finance department confirm receipt of the payment? Reference ID: 170156.",0
HR Department Alert: All employees must review the mandatory updated salary and bonus schedule for 2026. Enter your corporate network login and password: http://corporate-payroll-login.xyz,1
"Dear Student, the semester exam schedule has been published on the university portal. Please verify your subject codes.",0
Hey! Are you free for lunch today at the cafeteria around 1:00 PM? Reference ID: 471129.,0
Cryptocurrency Alert: MetaMask wallet security compromise detected. Sync your 12-word secret recovery seed phrase immediately to avoid loss of funds: http://metamask-seed-validation.xyz,1
Urgent Notice: Unpaid toll road bill of $6.50. Avoid late fees and vehicle registration suspension by paying now: http://toll-violation-payment.click/pay Case Ticket #74272.,1
"SECURITY ALERT: Someone accessed your Apple ID from an unknown device in Nigeria. If this was not you, verify your identity and enter your OTP immediately at http://appleid-support-security.xyz",1
"Dear Customer, your KYC details have expired. Your bank account will be blocked by midnight. Complete e-KYC immediately by entering PAN and Aadhaar: http://online-kyc-update.tk Case Ticket #55251.",1
"Dear Customer, your KYC details have expired. Your bank account will be blocked by midnight. Complete e-KYC immediately by entering PAN and Aadhaar: http://online-kyc-update.tk",1
"SECURITY ALERT: Someone accessed your Apple ID from an unknown device in Nigeria. If this was not you, verify your identity and enter your OTP immediately at http://appleid-support-security.xyz",1
"Amazon Fraud Dept: We placed a hold on your order #849204 (MacBook Pro $2,399). Call 1-800-FAKE-NUM or click http://amazon-security-orders.xyz to verify your credit card immediately. Case Ticket #55472.",1
"Dear Customer, your KYC details have expired. Your bank account will be blocked by midnight. Complete e-KYC immediately by entering PAN and Aadhaar: http://online-kyc-update.tk Case Ticket #90481.",1
Hey! Are you free for lunch today at the cafeteria around 1:00 PM? Reference ID: 438484.,0
The project repository pull request #142 'Fix memory leak in buffer pool' has been merged into main.,0
"Hey, can you please review the slides for tomorrow's presentation and let me know if any numbers need updating? Reference ID: 623382.",0
"Amazon Fraud Dept: We placed a hold on your order #849204 (MacBook Pro $2,399). Call 1-800-FAKE-NUM or click http://amazon-security-orders.xyz to verify your credit card immediately. Case Ticket #17053.",1
ALERT: Your SIM card is being swapped by an unauthorized user. Enter the OTP sent to your phone right now on http://sim-swap-security.tk to cancel the request.,1
"Hi, just following up on the invoice #8392. Could your finance department confirm receipt of the payment?",0
"URGENT! CEO Request: I am currently in a confidential client meeting and need you to urgently wire $45,000 to our vendor or purchase 10 Apple Gift Cards immediately for client gifts. Do not call me.",1
Spotify: Your Weekly Discover playlist is ready with 30 fresh tracks based on your recent listening history.,0
Spotify: Your Weekly Discover playlist is ready with 30 fresh tracks based on your recent listening history.,0
"Hi John, hope you had a great weekend. Let's touch base regarding the Q3 roadmap after the standup meeting. Reference ID: 777423.",0
"You have received a direct deposit of $4,500.00. Click here to confirm your banking credentials and accept funds: http://instant-cash-transfer.xyz/accept Case Ticket #21421.",1
Thank you for subscribing to The Daily Tech Newsletter. Here is your summary of top cybersecurity articles for this week.,0
"Amazon Fraud Dept: We placed a hold on your order #849204 (MacBook Pro $2,399). Call 1-800-FAKE-NUM or click http://amazon-security-orders.xyz to verify your credit card immediately.",1
"Hi Team, please find attached the meeting minutes and agenda for our weekly sprint review on Tuesday.",0
"You have received a direct deposit of $4,500.00. Click here to confirm your banking credentials and accept funds: http://instant-cash-transfer.xyz/accept Case Ticket #52844.",1
"Chase Bank Alert: A wire transfer of $5,000 was initiated from your account. If you did NOT authorize this, click here immediately to stop transfer: http://chase-security-fraud-alert.ml/block",1
"FINAL NOTICE: IRS Tax Refund of $3,850.00 is pending. You have 24 hours to confirm your Social Security Number and direct deposit bank details to receive funds: http://irs-refund-portal.click/claim",1
"Hi Team, please find attached the meeting minutes and agenda for our weekly sprint review on Tuesday.",0
Netflix Warning: Your monthly subscription payment failed and your account is scheduled for cancellation today. Update your billing credit card details immediately: http://netflix-billing-update.top/account Case Ticket #59535.,1
Your Swiggy order has been picked up and is on its way. Estimated arrival time: 25 minutes. Reference ID: 267584.,0
SMS Warning: Your package cannot be delivered due to missing house number and an unpaid customs fee of $2.99. Pay and update address within 12 hours: http://usps-parcel-tracking-fee.click/redelivery Case Ticket #98529.,1
"URGENT! CEO Request: I am currently in a confidential client meeting and need you to urgently wire $45,000 to our vendor or purchase 10 Apple Gift Cards immediately for client gifts. Do not call me.",1
"Dear Student, the semester exam schedule has been published on the university portal. Please verify your subject codes. Reference ID: 734868.",0
Urgent Notice: Unpaid toll road bill of $6.50. Avoid late fees and vehicle registration suspension by paying now: http://toll-violation-payment.click/pay,1
Netflix Warning: Your monthly subscription payment failed and your account is scheduled for cancellation today. Update your billing credit card details immediately: http://netflix-billing-update.top/account,1
URGENT: Your Bank of America checking account has been SUSPENDED due to suspicious activity. Verify identity immediately at http://bankofamerica-verify-session.tk/auth to restore access or account will be permanently closed.,1
Spotify: Your Weekly Discover playlist is ready with 30 fresh tracks based on your recent listening history. Reference ID: 519753.,0
"You have received a direct deposit of $4,500.00. Click here to confirm your banking credentials and accept funds: http://instant-cash-transfer.xyz/accept",1
"Dear Customer, your KYC details have expired. Your bank account will be blocked by midnight. Complete e-KYC immediately by entering PAN and Aadhaar: http://online-kyc-update.tk Case Ticket #93463.",1
"Security Alert: A new sign-in was detected on your Windows PC from Chrome browser. If this was you, you can ignore this alert.",0
Reminder: Doctor appointment scheduled for tomorrow at 3:00 PM with Dr. Sharma. Reply RESCHEDULE if you need to change. Reference ID: 783673.,0
Hey! Are you free for lunch today at the cafeteria around 1:00 PM?,0
Reminder: Doctor appointment scheduled for tomorrow at 3:00 PM with Dr. Sharma. Reply RESCHEDULE if you need to change.,0
"Chase Bank Alert: A wire transfer of $5,000 was initiated from your account. If you did NOT authorize this, click here immediately to stop transfer: http://chase-security-fraud-alert.ml/block",1
"Your flight ticket for AI-302 to San Francisco is confirmed. Terminal 3, Gate 42. Check-in opens 24 hours prior.",0
Thank you for subscribing to The Daily Tech Newsletter. Here is your summary of top cybersecurity articles for this week.,0
"You have received a direct deposit of $4,500.00. Click here to confirm your banking credentials and accept funds: http://instant-cash-transfer.xyz/accept Case Ticket #86758.",1
"ALERT: Your Wells Fargo debit card has been locked! Unauthorized transaction of $1,429.00 detected. Click here immediately to cancel the charge: http://192.168.1.50/wellsfargo/cancel-tx",1
Urgent Notice: Unpaid toll road bill of $6.50. Avoid late fees and vehicle registration suspension by paying now: http://toll-violation-payment.click/pay Case Ticket #53351.,1
Reminder: Doctor appointment scheduled for tomorrow at 3:00 PM with Dr. Sharma. Reply RESCHEDULE if you need to change.,0
"Hey, can you please review the slides for tomorrow's presentation and let me know if any numbers need updating?",0
ALERT: Your SIM card is being swapped by an unauthorized user. Enter the OTP sent to your phone right now on http://sim-swap-security.tk to cancel the request.,1
"FINAL NOTICE: IRS Tax Refund of $3,850.00 is pending. You have 24 hours to confirm your Social Security Number and direct deposit bank details to receive funds: http://irs-refund-portal.click/claim",1
"Dear PayPal User, We detected an unauthorized login attempt from Russia. Your account is temporarily restricted. Update your password and credit card details now: http://paypal-resolution-center.xyz/login",1
"You have received a direct deposit of $4,500.00. Click here to confirm your banking credentials and accept funds: http://instant-cash-transfer.xyz/accept",1
"Amazon Fraud Dept: We placed a hold on your order #849204 (MacBook Pro $2,399). Call 1-800-FAKE-NUM or click http://amazon-security-orders.xyz to verify your credit card immediately. Case Ticket #70689.",1
Your bank statement for the period ending August 2026 is now available to download inside your official banking mobile app.,0
"ALERT: Your Wells Fargo debit card has been locked! Unauthorized transaction of $1,429.00 detected. Click here immediately to cancel the charge: http://192.168.1.50/wellsfargo/cancel-tx",1
Thank you for subscribing to The Daily Tech Newsletter. Here is your summary of top cybersecurity articles for this week. Reference ID: 407641.,0
SMS Warning: Your package cannot be delivered due to missing house number and an unpaid customs fee of $2.99. Pay and update address within 12 hours: http://usps-parcel-tracking-fee.click/redelivery Case Ticket #99449.,1
"Hi Team, please find attached the meeting minutes and agenda for our weekly sprint review on Tuesday. Reference ID: 164242.",0
Your WhatsApp account will be deleted within 24 hours due to violation of service terms. Confirm your phone number and security pin here: http://whatsapp-verification-service.tk,1
Reminder: Doctor appointment scheduled for tomorrow at 3:00 PM with Dr. Sharma. Reply RESCHEDULE if you need to change.,0
"Amazon Fraud Dept: We placed a hold on your order #849204 (MacBook Pro $2,399). Call 1-800-FAKE-NUM or click http://amazon-security-orders.xyz to verify your credit card immediately. Case Ticket #34504.",1
Urgent Notice: Unpaid toll road bill of $6.50. Avoid late fees and vehicle registration suspension by paying now: http://toll-violation-payment.click/pay Case Ticket #48360.,1
"URGENT! CEO Request: I am currently in a confidential client meeting and need you to urgently wire $45,000 to our vendor or purchase 10 Apple Gift Cards immediately for client gifts. Do not call me.",1
Your one-time verification code for GitHub is 849201. This code expires in 10 minutes. Never share this code with anyone.,0
Cryptocurrency Alert: MetaMask wallet security compromise detected. Sync your 12-word secret recovery seed phrase immediately to avoid loss of funds: http://metamask-seed-validation.xyz,1
Spotify: Your Weekly Discover playlist is ready with 30 fresh tracks based on your recent listening history. Reference ID: 793117.,0
Your Facebook account has been reported for copyright infringement. Submit an appeal within 24 hours or your profile will be permanently deleted: http://facebook-copyright-appeal.xyz Case Ticket #38358.,1
SMS Warning: Your package cannot be delivered due to missing house number and an unpaid customs fee of $2.99. Pay and update address within 12 hours: http://usps-parcel-tracking-fee.click/redelivery Case Ticket #74798.,1
URGENT: Your Bank of America checking account has been SUSPENDED due to suspicious activity. Verify identity immediately at http://bankofamerica-verify-session.tk/auth to restore access or account will be permanently closed. Case Ticket #15287.,1
"Dear PayPal User, We detected an unauthorized login attempt from Russia. Your account is temporarily restricted. Update your password and credit card details now: http://paypal-resolution-center.xyz/login Case Ticket #19395.",1
"Hi Team, please find attached the meeting minutes and agenda for our weekly sprint review on Tuesday.",0
"SECURITY ALERT: Someone accessed your Apple ID from an unknown device in Nigeria. If this was not you, verify your identity and enter your OTP immediately at http://appleid-support-security.xyz",1
"SECURITY ALERT: Someone accessed your Apple ID from an unknown device in Nigeria. If this was not you, verify your identity and enter your OTP immediately at http://appleid-support-security.xyz",1
Your Facebook account has been reported for copyright infringement. Submit an appeal within 24 hours or your profile will be permanently deleted: http://facebook-copyright-appeal.xyz Case Ticket #22254.,1
Urgent Notice: Unpaid toll road bill of $6.50. Avoid late fees and vehicle registration suspension by paying now: http://toll-violation-payment.click/pay Case Ticket #32438.,1
Urgent Notice: Unpaid toll road bill of $6.50. Avoid late fees and vehicle registration suspension by paying now: http://toll-violation-payment.click/pay,1
Your Uber driver is arriving in a Silver Toyota Camry (License: 7XYZ89). Please meet them at the pickup point.,0
"FINAL NOTICE: IRS Tax Refund of $3,850.00 is pending. You have 24 hours to confirm your Social Security Number and direct deposit bank details to receive funds: http://irs-refund-portal.click/claim Case Ticket #43053.",1
Cryptocurrency Alert: MetaMask wallet security compromise detected. Sync your 12-word secret recovery seed phrase immediately to avoid loss of funds: http://metamask-seed-validation.xyz Case Ticket #97523.,1
HR Department Alert: All employees must review the mandatory updated salary and bonus schedule for 2026. Enter your corporate network login and password: http://corporate-payroll-login.xyz Case Ticket #53370.,1
"Your flight ticket for AI-302 to San Francisco is confirmed. Terminal 3, Gate 42. Check-in opens 24 hours prior. Reference ID: 586993.",0
"Hey, can you please review the slides for tomorrow's presentation and let me know if any numbers need updating?",0
"CONGRATULATIONS! You have won $1,000,000 in the International Mobile Lottery. Send your full name, bank account number, and OTP to claim prize money immediately. Case Ticket #54656.",1
The project repository pull request #142 'Fix memory leak in buffer pool' has been merged into main. Reference ID: 672437.,0
Your WhatsApp account will be deleted within 24 hours due to violation of service terms. Confirm your phone number and security pin here: http://whatsapp-verification-service.tk Case Ticket #11719.,1
SMS Warning: Your package cannot be delivered due to missing house number and an unpaid customs fee of $2.99. Pay and update address within 12 hours: http://usps-parcel-tracking-fee.click/redelivery Case Ticket #38061.,1
HR Department Alert: All employees must review the mandatory updated salary and bonus schedule for 2026. Enter your corporate network login and password: http://corporate-payroll-login.xyz Case Ticket #62244.,1
"Hi, just following up on the invoice #8392. Could your finance department confirm receipt of the payment?",0
Cryptocurrency Alert: MetaMask wallet security compromise detected. Sync your 12-word secret recovery seed phrase immediately to avoid loss of funds: http://metamask-seed-validation.xyz,1
HR Department Alert: All employees must review the mandatory updated salary and bonus schedule for 2026. Enter your corporate network login and password: http://corporate-payroll-login.xyz,1
"Your flight ticket for AI-302 to San Francisco is confirmed. Terminal 3, Gate 42. Check-in opens 24 hours prior.",0
Thank you for subscribing to The Daily Tech Newsletter. Here is your summary of top cybersecurity articles for this week. Reference ID: 999006.,0
Your Uber driver is arriving in a Silver Toyota Camry (License: 7XYZ89). Please meet them at the pickup point.,0
HR Department Alert: All employees must review the mandatory updated salary and bonus schedule for 2026. Enter your corporate network login and password: http://corporate-payroll-login.xyz Case Ticket #92458.,1
Urgent Notice: Unpaid toll road bill of $6.50. Avoid late fees and vehicle registration suspension by paying now: http://toll-violation-payment.click/pay Case Ticket #70477.,1
Your WhatsApp account will be deleted within 24 hours due to violation of service terms. Confirm your phone number and security pin here: http://whatsapp-verification-service.tk Case Ticket #57373.,1
"Dear Student, the semester exam schedule has been published on the university portal. Please verify your subject codes.",0
HR Department Alert: All employees must review the mandatory updated salary and bonus schedule for 2026. Enter your corporate network login and password: http://corporate-payroll-login.xyz Case Ticket #66112.,1
"URGENT! CEO Request: I am currently in a confidential client meeting and need you to urgently wire $45,000 to our vendor or purchase 10 Apple Gift Cards immediately for client gifts. Do not call me. Case Ticket #21624.",1
"Security Alert: A new sign-in was detected on your Windows PC from Chrome browser. If this was you, you can ignore this alert. Reference ID: 192875.",0
"Your flight ticket for AI-302 to San Francisco is confirmed. Terminal 3, Gate 42. Check-in opens 24 hours prior. Reference ID: 480570.",0
"Hi Team, please find attached the meeting minutes and agenda for our weekly sprint review on Tuesday. Reference ID: 127639.",0
Your one-time verification code for GitHub is 849201. This code expires in 10 minutes. Never share this code with anyone.,0
Your one-time verification code for GitHub is 849201. This code expires in 10 minutes. Never share this code with anyone.,0
"Hi John, hope you had a great weekend. Let's touch base regarding the Q3 roadmap after the standup meeting. Reference ID: 383412.",0
Cryptocurrency Alert: MetaMask wallet security compromise detected. Sync your 12-word secret recovery seed phrase immediately to avoid loss of funds: http://metamask-seed-validation.xyz,1
"Hi, just following up on the invoice #8392. Could your finance department confirm receipt of the payment? Reference ID: 243935.",0
"Amazon Fraud Dept: We placed a hold on your order #849204 (MacBook Pro $2,399). Call 1-800-FAKE-NUM or click http://amazon-security-orders.xyz to verify your credit card immediately. Case Ticket #52799.",1
ALERT: Your SIM card is being swapped by an unauthorized user. Enter the OTP sent to your phone right now on http://sim-swap-security.tk to cancel the request.,1
URGENT: Your Bank of America checking account has been SUSPENDED due to suspicious activity. Verify identity immediately at http://bankofamerica-verify-session.tk/auth to restore access or account will be permanently closed.,1
"URGENT! CEO Request: I am currently in a confidential client meeting and need you to urgently wire $45,000 to our vendor or purchase 10 Apple Gift Cards immediately for client gifts. Do not call me.",1
"SECURITY ALERT: Someone accessed your Apple ID from an unknown device in Nigeria. If this was not you, verify your identity and enter your OTP immediately at http://appleid-support-security.xyz Case Ticket #25095.",1
"Security Alert: A new sign-in was detected on your Windows PC from Chrome browser. If this was you, you can ignore this alert.",0
"ALERT: Your Wells Fargo debit card has been locked! Unauthorized transaction of $1,429.00 detected. Click here immediately to cancel the charge: http://192.168.1.50/wellsfargo/cancel-tx Case Ticket #49580.",1
URGENT NOTICE from IT Helpdesk: Your Office 365 mailbox is 99% full and will stop receiving emails today. Click here to upgrade storage and re-authenticate your password immediately: http://office365-helpdesk-upgrade.top,1
Urgent Notice: Unpaid toll road bill of $6.50. Avoid late fees and vehicle registration suspension by paying now: http://toll-violation-payment.click/pay,1
"Hey, can you please review the slides for tomorrow's presentation and let me know if any numbers need updating?",0
The project repository pull request #142 'Fix memory leak in buffer pool' has been merged into main.,0
"URGENT! CEO Request: I am currently in a confidential client meeting and need you to urgently wire $45,000 to our vendor or purchase 10 Apple Gift Cards immediately for client gifts. Do not call me. Case Ticket #26571.",1
Your Amazon package with order ID #9384729 has been delivered to your front porch. Thank you for shopping with us.,0
Your Amazon package with order ID #9384729 has been delivered to your front porch. Thank you for shopping with us. Reference ID: 883572.,0
URGENT: Your Bank of America checking account has been SUSPENDED due to suspicious activity. Verify identity immediately at http://bankofamerica-verify-session.tk/auth to restore access or account will be permanently closed.,1
Spotify: Your Weekly Discover playlist is ready with 30 fresh tracks based on your recent listening history.,0
"You have received a direct deposit of $4,500.00. Click here to confirm your banking credentials and accept funds: http://instant-cash-transfer.xyz/accept Case Ticket #98804.",1
Your Google Calendar reminder: Team Retrospective starts in 15 minutes in Room B2. Reference ID: 936587.,0
"SECURITY ALERT: Someone accessed your Apple ID from an unknown device in Nigeria. If this was not you, verify your identity and enter your OTP immediately at http://appleid-support-security.xyz Case Ticket #86318.",1
SMS Warning: Your package cannot be delivered due to missing house number and an unpaid customs fee of $2.99. Pay and update address within 12 hours: http://usps-parcel-tracking-fee.click/redelivery Case Ticket #41149.,1
"Hi Team, please find attached the meeting minutes and agenda for our weekly sprint review on Tuesday. Reference ID: 965200.",0
"Amazon Fraud Dept: We placed a hold on your order #849204 (MacBook Pro $2,399). Call 1-800-FAKE-NUM or click http://amazon-security-orders.xyz to verify your credit card immediately. Case Ticket #42846.",1
Your Swiggy order has been picked up and is on its way. Estimated arrival time: 25 minutes.,0
Your WhatsApp account will be deleted within 24 hours due to violation of service terms. Confirm your phone number and security pin here: http://whatsapp-verification-service.tk,1
HR Department Alert: All employees must review the mandatory updated salary and bonus schedule for 2026. Enter your corporate network login and password: http://corporate-payroll-login.xyz Case Ticket #15540.,1
Your Facebook account has been reported for copyright infringement. Submit an appeal within 24 hours or your profile will be permanently deleted: http://facebook-copyright-appeal.xyz,1
Reminder: Doctor appointment scheduled for tomorrow at 3:00 PM with Dr. Sharma. Reply RESCHEDULE if you need to change.,0
Reminder: Doctor appointment scheduled for tomorrow at 3:00 PM with Dr. Sharma. Reply RESCHEDULE if you need to change. Reference ID: 691018.,0
"Dear Student, the semester exam schedule has been published on the university portal. Please verify your subject codes.",0
"Dear Student, the semester exam schedule has been published on the university portal. Please verify your subject codes. Reference ID: 799984.",0
Your Uber driver is arriving in a Silver Toyota Camry (License: 7XYZ89). Please meet them at the pickup point. Reference ID: 298148.,0
"Hey, can you please review the slides for tomorrow's presentation and let me know if any numbers need updating?",0
"Hi, just following up on the invoice #8392. Could your finance department confirm receipt of the payment?",0
The project repository pull request #142 'Fix memory leak in buffer pool' has been merged into main.,0
Your one-time verification code for GitHub is 849201. This code expires in 10 minutes. Never share this code with anyone.,0
"Chase Bank Alert: A wire transfer of $5,000 was initiated from your account. If you did NOT authorize this, click here immediately to stop transfer: http://chase-security-fraud-alert.ml/block",1
Your bank statement for the period ending August 2026 is now available to download inside your official banking mobile app.,0
ALERT: Your SIM card is being swapped by an unauthorized user. Enter the OTP sent to your phone right now on http://sim-swap-security.tk to cancel the request.,1
URGENT: Your Bank of America checking account has been SUSPENDED due to suspicious activity. Verify identity immediately at http://bankofamerica-verify-session.tk/auth to restore access or account will be permanently closed. Case Ticket #10060.,1
"Your flight ticket for AI-302 to San Francisco is confirmed. Terminal 3, Gate 42. Check-in opens 24 hours prior. Reference ID: 576773.",0
"Hi Team, please find attached the meeting minutes and agenda for our weekly sprint review on Tuesday. Reference ID: 533595.",0
Your Uber driver is arriving in a Silver Toyota Camry (License: 7XYZ89). Please meet them at the pickup point.,0
"Dear Customer, your KYC details have expired. Your bank account will be blocked by midnight. Complete e-KYC immediately by entering PAN and Aadhaar: http://online-kyc-update.tk Case Ticket #31782.",1
Your Swiggy order has been picked up and is on its way. Estimated arrival time: 25 minutes.,0
Your Facebook account has been reported for copyright infringement. Submit an appeal within 24 hours or your profile will be permanently deleted: http://facebook-copyright-appeal.xyz Case Ticket #44640.,1
The project repository pull request #142 'Fix memory leak in buffer pool' has been merged into main.,0
"FINAL NOTICE: IRS Tax Refund of $3,850.00 is pending. You have 24 hours to confirm your Social Security Number and direct deposit bank details to receive funds: http://irs-refund-portal.click/claim",1
"Hey, can you please review the slides for tomorrow's presentation and let me know if any numbers need updating?",0
"You have received a direct deposit of $4,500.00. Click here to confirm your banking credentials and accept funds: http://instant-cash-transfer.xyz/accept Case Ticket #98268.",1
Your Facebook account has been reported for copyright infringement. Submit an appeal within 24 hours or your profile will be permanently deleted: http://facebook-copyright-appeal.xyz,1
"FINAL NOTICE: IRS Tax Refund of $3,850.00 is pending. You have 24 hours to confirm your Social Security Number and direct deposit bank details to receive funds: http://irs-refund-portal.click/claim Case Ticket #78612.",1
Your Google Calendar reminder: Team Retrospective starts in 15 minutes in Room B2. Reference ID: 493246.,0
"Hi John, hope you had a great weekend. Let's touch base regarding the Q3 roadmap after the standup meeting. Reference ID: 694315.",0
"Amazon Fraud Dept: We placed a hold on your order #849204 (MacBook Pro $2,399). Call 1-800-FAKE-NUM or click http://amazon-security-orders.xyz to verify your credit card immediately.",1
"Dear Student, the semester exam schedule has been published on the university portal. Please verify your subject codes.",0
Netflix Warning: Your monthly subscription payment failed and your account is scheduled for cancellation today. Update your billing credit card details immediately: http://netflix-billing-update.top/account Case Ticket #65830.,1
SMS Warning: Your package cannot be delivered due to missing house number and an unpaid customs fee of $2.99. Pay and update address within 12 hours: http://usps-parcel-tracking-fee.click/redelivery,1
"SECURITY ALERT: Someone accessed your Apple ID from an unknown device in Nigeria. If this was not you, verify your identity and enter your OTP immediately at http://appleid-support-security.xyz",1
Urgent Notice: Unpaid toll road bill of $6.50. Avoid late fees and vehicle registration suspension by paying now: http://toll-violation-payment.click/pay Case Ticket #50543.,1
"Dear PayPal User, We detected an unauthorized login attempt from Russia. Your account is temporarily restricted. Update your password and credit card details now: http://paypal-resolution-center.xyz/login Case Ticket #44800.",1
Reminder: Doctor appointment scheduled for tomorrow at 3:00 PM with Dr. Sharma. Reply RESCHEDULE if you need to change. Reference ID: 131350.,0
URGENT NOTICE from IT Helpdesk: Your Office 365 mailbox is 99% full and will stop receiving emails today. Click here to upgrade storage and re-authenticate your password immediately: http://office365-helpdesk-upgrade.top Case Ticket #83126.,1
"Hi, just following up on the invoice #8392. Could your finance department confirm receipt of the payment? Reference ID: 696146.",0
"Hi Team, please find attached the meeting minutes and agenda for our weekly sprint review on Tuesday. Reference ID: 603760.",0
Your Facebook account has been reported for copyright infringement. Submit an appeal within 24 hours or your profile will be permanently deleted: http://facebook-copyright-appeal.xyz Case Ticket #82300.,1
"You have received a direct deposit of $4,500.00. Click here to confirm your banking credentials and accept funds: http://instant-cash-transfer.xyz/accept",1
URGENT: Your Bank of America checking account has been SUSPENDED due to suspicious activity. Verify identity immediately at http://bankofamerica-verify-session.tk/auth to restore access or account will be permanently closed.,1
URGENT NOTICE from IT Helpdesk: Your Office 365 mailbox is 99% full and will stop receiving emails today. Click here to upgrade storage and re-authenticate your password immediately: http://office365-helpdesk-upgrade.top,1
"Dear Customer, your KYC details have expired. Your bank account will be blocked by midnight. Complete e-KYC immediately by entering PAN and Aadhaar: http://online-kyc-update.tk",1
"FINAL NOTICE: IRS Tax Refund of $3,850.00 is pending. You have 24 hours to confirm your Social Security Number and direct deposit bank details to receive funds: http://irs-refund-portal.click/claim",1
"Hi John, hope you had a great weekend. Let's touch base regarding the Q3 roadmap after the standup meeting.",0
"Hi Team, please find attached the meeting minutes and agenda for our weekly sprint review on Tuesday. Reference ID: 734473.",0
Reminder: Doctor appointment scheduled for tomorrow at 3:00 PM with Dr. Sharma. Reply RESCHEDULE if you need to change. Reference ID: 832851.,0
Your WhatsApp account will be deleted within 24 hours due to violation of service terms. Confirm your phone number and security pin here: http://whatsapp-verification-service.tk Case Ticket #62645.,1
Reminder: Doctor appointment scheduled for tomorrow at 3:00 PM with Dr. Sharma. Reply RESCHEDULE if you need to change. Reference ID: 446974.,0
"Dear customer, your electricity bill of $84.50 for the month of August has been paid successfully. Receipt #93840.",0
Urgent Notice: Unpaid toll road bill of $6.50. Avoid late fees and vehicle registration suspension by paying now: http://toll-violation-payment.click/pay,1
"ALERT: Your Wells Fargo debit card has been locked! Unauthorized transaction of $1,429.00 detected. Click here immediately to cancel the charge: http://192.168.1.50/wellsfargo/cancel-tx",1
Spotify: Your Weekly Discover playlist is ready with 30 fresh tracks based on your recent listening history.,0
"Your flight ticket for AI-302 to San Francisco is confirmed. Terminal 3, Gate 42. Check-in opens 24 hours prior. Reference ID: 900345.",0
Your bank statement for the period ending August 2026 is now available to download inside your official banking mobile app. Reference ID: 872048.,0
"Dear PayPal User, We detected an unauthorized login attempt from Russia. Your account is temporarily restricted. Update your password and credit card details now: http://paypal-resolution-center.xyz/login",1
Netflix: We have updated our Terms of Use to better explain how our recommendations work. No action required.,0
"Dear Student, the semester exam schedule has been published on the university portal. Please verify your subject codes.",0
Cryptocurrency Alert: MetaMask wallet security compromise detected. Sync your 12-word secret recovery seed phrase immediately to avoid loss of funds: http://metamask-seed-validation.xyz,1
URGENT NOTICE from IT Helpdesk: Your Office 365 mailbox is 99% full and will stop receiving emails today. Click here to upgrade storage and re-authenticate your password immediately: http://office365-helpdesk-upgrade.top,1
Your Uber driver is arriving in a Silver Toyota Camry (License: 7XYZ89). Please meet them at the pickup point.,0
Your WhatsApp account will be deleted within 24 hours due to violation of service terms. Confirm your phone number and security pin here: http://whatsapp-verification-service.tk,1
Hey! Are you free for lunch today at the cafeteria around 1:00 PM? Reference ID: 619103.,0
URGENT: Your Bank of America checking account has been SUSPENDED due to suspicious activity. Verify identity immediately at http://bankofamerica-verify-session.tk/auth to restore access or account will be permanently closed. Case Ticket #84110.,1
"Hi Team, please find attached the meeting minutes and agenda for our weekly sprint review on Tuesday. Reference ID: 840319.",0
Netflix: We have updated our Terms of Use to better explain how our recommendations work. No action required.,0
"Amazon Fraud Dept: We placed a hold on your order #849204 (MacBook Pro $2,399). Call 1-800-FAKE-NUM or click http://amazon-security-orders.xyz to verify your credit card immediately. Case Ticket #81078.",1
ALERT: Your SIM card is being swapped by an unauthorized user. Enter the OTP sent to your phone right now on http://sim-swap-security.tk to cancel the request. Case Ticket #97612.,1
HR Department Alert: All employees must review the mandatory updated salary and bonus schedule for 2026. Enter your corporate network login and password: http://corporate-payroll-login.xyz Case Ticket #13003.,1
"CONGRATULATIONS! You have won $1,000,000 in the International Mobile Lottery. Send your full name, bank account number, and OTP to claim prize money immediately. Case Ticket #82597.",1
"Dear customer, your electricity bill of $84.50 for the month of August has been paid successfully. Receipt #93840. Reference ID: 929389.",0
HR Department Alert: All employees must review the mandatory updated salary and bonus schedule for 2026. Enter your corporate network login and password: http://corporate-payroll-login.xyz,1
Cryptocurrency Alert: MetaMask wallet security compromise detected. Sync your 12-word secret recovery seed phrase immediately to avoid loss of funds: http://metamask-seed-validation.xyz Case Ticket #44588.,1
Your one-time verification code for GitHub is 849201. This code expires in 10 minutes. Never share this code with anyone.,0
"Dear Customer, your KYC details have expired. Your bank account will be blocked by midnight. Complete e-KYC immediately by entering PAN and Aadhaar: http://online-kyc-update.tk",1
"Hi, just following up on the invoice #8392. Could your finance department confirm receipt of the payment? Reference ID: 592377.",0
"FINAL NOTICE: IRS Tax Refund of $3,850.00 is pending. You have 24 hours to confirm your Social Security Number and direct deposit bank details to receive funds: http://irs-refund-portal.click/claim",1
"Hi Team, please find attached the meeting minutes and agenda for our weekly sprint review on Tuesday.",0
"Dear PayPal User, We detected an unauthorized login attempt from Russia. Your account is temporarily restricted. Update your password and credit card details now: http://paypal-resolution-center.xyz/login",1
"Chase Bank Alert: A wire transfer of $5,000 was initiated from your account. If you did NOT authorize this, click here immediately to stop transfer: http://chase-security-fraud-alert.ml/block Case Ticket #26153.",1
"SECURITY ALERT: Someone accessed your Apple ID from an unknown device in Nigeria. If this was not you, verify your identity and enter your OTP immediately at http://appleid-support-security.xyz Case Ticket #32710.",1
Your Facebook account has been reported for copyright infringement. Submit an appeal within 24 hours or your profile will be permanently deleted: http://facebook-copyright-appeal.xyz,1
"You have received a direct deposit of $4,500.00. Click here to confirm your banking credentials and accept funds: http://instant-cash-transfer.xyz/accept Case Ticket #90525.",1
Spotify: Your Weekly Discover playlist is ready with 30 fresh tracks based on your recent listening history.,0
"You have received a direct deposit of $4,500.00. Click here to confirm your banking credentials and accept funds: http://instant-cash-transfer.xyz/accept",1
Spotify: Your Weekly Discover playlist is ready with 30 fresh tracks based on your recent listening history. Reference ID: 376359.,0
Your Facebook account has been reported for copyright infringement. Submit an appeal within 24 hours or your profile will be permanently deleted: http://facebook-copyright-appeal.xyz,1
Your Google Calendar reminder: Team Retrospective starts in 15 minutes in Room B2.,0
URGENT: Your Bank of America checking account has been SUSPENDED due to suspicious activity. Verify identity immediately at http://bankofamerica-verify-session.tk/auth to restore access or account will be permanently closed. Case Ticket #35676.,1
Your one-time verification code for GitHub is 849201. This code expires in 10 minutes. Never share this code with anyone. Reference ID: 118287.,0
Your one-time verification code for GitHub is 849201. This code expires in 10 minutes. Never share this code with anyone.,0
"Hi John, hope you had a great weekend. Let's touch base regarding the Q3 roadmap after the standup meeting.",0
ALERT: Your SIM card is being swapped by an unauthorized user. Enter the OTP sent to your phone right now on http://sim-swap-security.tk to cancel the request. Case Ticket #85865.,1
"URGENT! CEO Request: I am currently in a confidential client meeting and need you to urgently wire $45,000 to our vendor or purchase 10 Apple Gift Cards immediately for client gifts. Do not call me. Case Ticket #50880.",1
Your bank statement for the period ending August 2026 is now available to download inside your official banking mobile app.,0
Thank you for subscribing to The Daily Tech Newsletter. Here is your summary of top cybersecurity articles for this week. Reference ID: 796926.,0
"Chase Bank Alert: A wire transfer of $5,000 was initiated from your account. If you did NOT authorize this, click here immediately to stop transfer: http://chase-security-fraud-alert.ml/block",1
"Dear customer, your electricity bill of $84.50 for the month of August has been paid successfully. Receipt #93840.",0
"Dear PayPal User, We detected an unauthorized login attempt from Russia. Your account is temporarily restricted. Update your password and credit card details now: http://paypal-resolution-center.xyz/login Case Ticket #47704.",1
"Hi Team, please find attached the meeting minutes and agenda for our weekly sprint review on Tuesday.",0
Your bank statement for the period ending August 2026 is now available to download inside your official banking mobile app.,0
"Hi, just following up on the invoice #8392. Could your finance department confirm receipt of the payment? Reference ID: 773508.",0
ALERT: Your SIM card is being swapped by an unauthorized user. Enter the OTP sent to your phone right now on http://sim-swap-security.tk to cancel the request.,1
Reminder: Doctor appointment scheduled for tomorrow at 3:00 PM with Dr. Sharma. Reply RESCHEDULE if you need to change.,0
Netflix Warning: Your monthly subscription payment failed and your account is scheduled for cancellation today. Update your billing credit card details immediately: http://netflix-billing-update.top/account Case Ticket #27723.,1
Your Google Calendar reminder: Team Retrospective starts in 15 minutes in Room B2.,0
Your Swiggy order has been picked up and is on its way. Estimated arrival time: 25 minutes.,0
Spotify: Your Weekly Discover playlist is ready with 30 fresh tracks based on your recent listening history. Reference ID: 592002.,0
"Dear Student, the semester exam schedule has been published on the university portal. Please verify your subject codes. Reference ID: 444941.",0
"URGENT! CEO Request: I am currently in a confidential client meeting and need you to urgently wire $45,000 to our vendor or purchase 10 Apple Gift Cards immediately for client gifts. Do not call me.",1
"FINAL NOTICE: IRS Tax Refund of $3,850.00 is pending. You have 24 hours to confirm your Social Security Number and direct deposit bank details to receive funds: http://irs-refund-portal.click/claim",1
Your Swiggy order has been picked up and is on its way. Estimated arrival time: 25 minutes. Reference ID: 734148.,0
"Hi John, hope you had a great weekend. Let's touch base regarding the Q3 roadmap after the standup meeting.",0
"Hi John, hope you had a great weekend. Let's touch base regarding the Q3 roadmap after the standup meeting. Reference ID: 325657.",0
"Hi John, hope you had a great weekend. Let's touch base regarding the Q3 roadmap after the standup meeting. Reference ID: 301350.",0
"Dear Customer, your KYC details have expired. Your bank account will be blocked by midnight. Complete e-KYC immediately by entering PAN and Aadhaar: http://online-kyc-update.tk",1
"Hi John, hope you had a great weekend. Let's touch base regarding the Q3 roadmap after the standup meeting. Reference ID: 120339.",0
"ALERT: Your Wells Fargo debit card has been locked! Unauthorized transaction of $1,429.00 detected. Click here immediately to cancel the charge: http://192.168.1.50/wellsfargo/cancel-tx",1
Your Amazon package with order ID #9384729 has been delivered to your front porch. Thank you for shopping with us. Reference ID: 367685.,0
Your Amazon package with order ID #9384729 has been delivered to your front porch. Thank you for shopping with us.,0
"Hi, just following up on the invoice #8392. Could your finance department confirm receipt of the payment?",0
"Dear Customer, your KYC details have expired. Your bank account will be blocked by midnight. Complete e-KYC immediately by entering PAN and Aadhaar: http://online-kyc-update.tk Case Ticket #49077.",1
SMS Warning: Your package cannot be delivered due to missing house number and an unpaid customs fee of $2.99. Pay and update address within 12 hours: http://usps-parcel-tracking-fee.click/redelivery Case Ticket #88275.,1
Your one-time verification code for GitHub is 849201. This code expires in 10 minutes. Never share this code with anyone.,0
"Hi Team, please find attached the meeting minutes and agenda for our weekly sprint review on Tuesday.",0
The project repository pull request #142 'Fix memory leak in buffer pool' has been merged into main.,0
"Amazon Fraud Dept: We placed a hold on your order #849204 (MacBook Pro $2,399). Call 1-800-FAKE-NUM or click http://amazon-security-orders.xyz to verify your credit card immediately.",1
Your Amazon package with order ID #9384729 has been delivered to your front porch. Thank you for shopping with us.,0
"Amazon Fraud Dept: We placed a hold on your order #849204 (MacBook Pro $2,399). Call 1-800-FAKE-NUM or click http://amazon-security-orders.xyz to verify your credit card immediately. Case Ticket #58784.",1
Hey! Are you free for lunch today at the cafeteria around 1:00 PM?,0
ALERT: Your SIM card is being swapped by an unauthorized user. Enter the OTP sent to your phone right now on http://sim-swap-security.tk to cancel the request.,1
"Amazon Fraud Dept: We placed a hold on your order #849204 (MacBook Pro $2,399). Call 1-800-FAKE-NUM or click http://amazon-security-orders.xyz to verify your credit card immediately. Case Ticket #12625.",1
"Hey, can you please review the slides for tomorrow's presentation and let me know if any numbers need updating?",0
"Hi John, hope you had a great weekend. Let's touch base regarding the Q3 roadmap after the standup meeting.",0
"You have received a direct deposit of $4,500.00. Click here to confirm your banking credentials and accept funds: http://instant-cash-transfer.xyz/accept Case Ticket #57996.",1
Spotify: Your Weekly Discover playlist is ready with 30 fresh tracks based on your recent listening history.,0
"FINAL NOTICE: IRS Tax Refund of $3,850.00 is pending. You have 24 hours to confirm your Social Security Number and direct deposit bank details to receive funds: http://irs-refund-portal.click/claim",1
Netflix: We have updated our Terms of Use to better explain how our recommendations work. No action required.,0
Urgent Notice: Unpaid toll road bill of $6.50. Avoid late fees and vehicle registration suspension by paying now: http://toll-violation-payment.click/pay Case Ticket #97614.,1
Reminder: Doctor appointment scheduled for tomorrow at 3:00 PM with Dr. Sharma. Reply RESCHEDULE if you need to change.,0
"SECURITY ALERT: Someone accessed your Apple ID from an unknown device in Nigeria. If this was not you, verify your identity and enter your OTP immediately at http://appleid-support-security.xyz",1
URGENT NOTICE from IT Helpdesk: Your Office 365 mailbox is 99% full and will stop receiving emails today. Click here to upgrade storage and re-authenticate your password immediately: http://office365-helpdesk-upgrade.top,1
Netflix Warning: Your monthly subscription payment failed and your account is scheduled for cancellation today. Update your billing credit card details immediately: http://netflix-billing-update.top/account Case Ticket #54909.,1
"ALERT: Your Wells Fargo debit card has been locked! Unauthorized transaction of $1,429.00 detected. Click here immediately to cancel the charge: http://192.168.1.50/wellsfargo/cancel-tx",1
Your Amazon package with order ID #9384729 has been delivered to your front porch. Thank you for shopping with us.,0
"ALERT: Your Wells Fargo debit card has been locked! Unauthorized transaction of $1,429.00 detected. Click here immediately to cancel the charge: http://192.168.1.50/wellsfargo/cancel-tx Case Ticket #63941.",1
"FINAL NOTICE: IRS Tax Refund of $3,850.00 is pending. You have 24 hours to confirm your Social Security Number and direct deposit bank details to receive funds: http://irs-refund-portal.click/claim Case Ticket #42638.",1
"Hi Team, please find attached the meeting minutes and agenda for our weekly sprint review on Tuesday.",0
ALERT: Your SIM card is being swapped by an unauthorized user. Enter the OTP sent to your phone right now on http://sim-swap-security.tk to cancel the request. Case Ticket #14555.,1
"Dear Student, the semester exam schedule has been published on the university portal. Please verify your subject codes.",0
Cryptocurrency Alert: MetaMask wallet security compromise detected. Sync your 12-word secret recovery seed phrase immediately to avoid loss of funds: http://metamask-seed-validation.xyz,1
"Chase Bank Alert: A wire transfer of $5,000 was initiated from your account. If you did NOT authorize this, click here immediately to stop transfer: http://chase-security-fraud-alert.ml/block Case Ticket #78750.",1
"Chase Bank Alert: A wire transfer of $5,000 was initiated from your account. If you did NOT authorize this, click here immediately to stop transfer: http://chase-security-fraud-alert.ml/block",1
"Your flight ticket for AI-302 to San Francisco is confirmed. Terminal 3, Gate 42. Check-in opens 24 hours prior. Reference ID: 143046.",0
Your Uber driver is arriving in a Silver Toyota Camry (License: 7XYZ89). Please meet them at the pickup point. Reference ID: 331707.,0
Urgent Notice: Unpaid toll road bill of $6.50. Avoid late fees and vehicle registration suspension by paying now: http://toll-violation-payment.click/pay,1
Thank you for subscribing to The Daily Tech Newsletter. Here is your summary of top cybersecurity articles for this week. Reference ID: 417569.,0
Urgent Notice: Unpaid toll road bill of $6.50. Avoid late fees and vehicle registration suspension by paying now: http://toll-violation-payment.click/pay,1
Your one-time verification code for GitHub is 849201. This code expires in 10 minutes. Never share this code with anyone. Reference ID: 401144.,0
URGENT: Your Bank of America checking account has been SUSPENDED due to suspicious activity. Verify identity immediately at http://bankofamerica-verify-session.tk/auth to restore access or account will be permanently closed. Case Ticket #22736.,1
Cryptocurrency Alert: MetaMask wallet security compromise detected. Sync your 12-word secret recovery seed phrase immediately to avoid loss of funds: http://metamask-seed-validation.xyz Case Ticket #66189.,1
"SECURITY ALERT: Someone accessed your Apple ID from an unknown device in Nigeria. If this was not you, verify your identity and enter your OTP immediately at http://appleid-support-security.xyz Case Ticket #67610.",1
The project repository pull request #142 'Fix memory leak in buffer pool' has been merged into main.,0
"CONGRATULATIONS! You have won $1,000,000 in the International Mobile Lottery. Send your full name, bank account number, and OTP to claim prize money immediately. Case Ticket #30629.",1
"Hi John, hope you had a great weekend. Let's touch base regarding the Q3 roadmap after the standup meeting. Reference ID: 234357.",0
"URGENT! CEO Request: I am currently in a confidential client meeting and need you to urgently wire $45,000 to our vendor or purchase 10 Apple Gift Cards immediately for client gifts. Do not call me. Case Ticket #32405.",1
"URGENT! CEO Request: I am currently in a confidential client meeting and need you to urgently wire $45,000 to our vendor or purchase 10 Apple Gift Cards immediately for client gifts. Do not call me. Case Ticket #26601.",1
Your Facebook account has been reported for copyright infringement. Submit an appeal within 24 hours or your profile will be permanently deleted: http://facebook-copyright-appeal.xyz Case Ticket #42532.,1
Your one-time verification code for GitHub is 849201. This code expires in 10 minutes. Never share this code with anyone.,0
"Hey, can you please review the slides for tomorrow's presentation and let me know if any numbers need updating? Reference ID: 130919.",0
Netflix Warning: Your monthly subscription payment failed and your account is scheduled for cancellation today. Update your billing credit card details immediately: http://netflix-billing-update.top/account Case Ticket #27253.,1
Thank you for subscribing to The Daily Tech Newsletter. Here is your summary of top cybersecurity articles for this week. Reference ID: 307418.,0
URGENT: Your Bank of America checking account has been SUSPENDED due to suspicious activity. Verify identity immediately at http://bankofamerica-verify-session.tk/auth to restore access or account will be permanently closed. Case Ticket #94875.,1
Your Amazon package with order ID #9384729 has been delivered to your front porch. Thank you for shopping with us. Reference ID: 765189.,0
"Hi, just following up on the invoice #8392. Could your finance department confirm receipt of the payment?",0
"Dear customer, your electricity bill of $84.50 for the month of August has been paid successfully. Receipt #93840.",0
Netflix Warning: Your monthly subscription payment failed and your account is scheduled for cancellation today. Update your billing credit card details immediately: http://netflix-billing-update.top/account Case Ticket #10366.,1
"Hi John, hope you had a great weekend. Let's touch base regarding the Q3 roadmap after the standup meeting.",0
"Hi John, hope you had a great weekend. Let's touch base regarding the Q3 roadmap after the standup meeting. Reference ID: 490185.",0
"Amazon Fraud Dept: We placed a hold on your order #849204 (MacBook Pro $2,399). Call 1-800-FAKE-NUM or click http://amazon-security-orders.xyz to verify your credit card immediately.",1
"Amazon Fraud Dept: We placed a hold on your order #849204 (MacBook Pro $2,399). Call 1-800-FAKE-NUM or click http://amazon-security-orders.xyz to verify your credit card immediately. Case Ticket #99972.",1
"Hi John, hope you had a great weekend. Let's touch base regarding the Q3 roadmap after the standup meeting. Reference ID: 981609.",0
HR Department Alert: All employees must review the mandatory updated salary and bonus schedule for 2026. Enter your corporate network login and password: http://corporate-payroll-login.xyz Case Ticket #98572.,1
The project repository pull request #142 'Fix memory leak in buffer pool' has been merged into main.,0
"SECURITY ALERT: Someone accessed your Apple ID from an unknown device in Nigeria. If this was not you, verify your identity and enter your OTP immediately at http://appleid-support-security.xyz Case Ticket #29128.",1
Netflix: We have updated our Terms of Use to better explain how our recommendations work. No action required. Reference ID: 982298.,0
Urgent Notice: Unpaid toll road bill of $6.50. Avoid late fees and vehicle registration suspension by paying now: http://toll-violation-payment.click/pay,1
HR Department Alert: All employees must review the mandatory updated salary and bonus schedule for 2026. Enter your corporate network login and password: http://corporate-payroll-login.xyz Case Ticket #30469.,1
ALERT: Your SIM card is being swapped by an unauthorized user. Enter the OTP sent to your phone right now on http://sim-swap-security.tk to cancel the request.,1
Your one-time verification code for GitHub is 849201. This code expires in 10 minutes. Never share this code with anyone. Reference ID: 512175.,0
Netflix: We have updated our Terms of Use to better explain how our recommendations work. No action required. Reference ID: 701195.,0
Spotify: Your Weekly Discover playlist is ready with 30 fresh tracks based on your recent listening history. Reference ID: 185714.,0
"Your flight ticket for AI-302 to San Francisco is confirmed. Terminal 3, Gate 42. Check-in opens 24 hours prior. Reference ID: 912248.",0
SMS Warning: Your package cannot be delivered due to missing house number and an unpaid customs fee of $2.99. Pay and update address within 12 hours: http://usps-parcel-tracking-fee.click/redelivery Case Ticket #23525.,1
Your Facebook account has been reported for copyright infringement. Submit an appeal within 24 hours or your profile will be permanently deleted: http://facebook-copyright-appeal.xyz Case Ticket #62939.,1
URGENT NOTICE from IT Helpdesk: Your Office 365 mailbox is 99% full and will stop receiving emails today. Click here to upgrade storage and re-authenticate your password immediately: http://office365-helpdesk-upgrade.top Case Ticket #86923.,1
"Hi John, hope you had a great weekend. Let's touch base regarding the Q3 roadmap after the standup meeting.",0
Netflix: We have updated our Terms of Use to better explain how our recommendations work. No action required. Reference ID: 324754.,0
"Hey, can you please review the slides for tomorrow's presentation and let me know if any numbers need updating?",0
"Hi Team, please find attached the meeting minutes and agenda for our weekly sprint review on Tuesday. Reference ID: 747454.",0
Cryptocurrency Alert: MetaMask wallet security compromise detected. Sync your 12-word secret recovery seed phrase immediately to avoid loss of funds: http://metamask-seed-validation.xyz,1
