url,label
http://176.226.160.245/microsoft/suspended/verification.html,1
http://binance.com.confirm-portal.unlock-service.verify-security.ml/auth/login.php?client_id=438144,1
http://201.24.250.93/microsoft/alert/verification.html,1
https://api.developer.mozilla.org/help/faq,0
https://www.salesforce.com/events/2026-summit,0
http://62.81.148.95/microsoft/verify/verification.html,1
http://metamask.com.billing-portal.alert-service.verify-security.cam/auth/login.php?client_id=847467,1
http://coinbase.com.account-portal.confirm-service.verify-security.gq/auth/login.php?client_id=831541,1
https://api.facebook.com/contact,0
https://gitlab.com/solutions/enterprise,0
https://api.who.int/search?q=machine+learning,0
https://www.salesforce.com/categories/electronics,0
https://www.cdc.gov/feed,0
https://bitbucket.org/status,0
http://chase.com.auth-portal.kyc-service.verify-security.work/auth/login.php?client_id=390354,1
http://www.stripe.com/careers/openings,0
http://www.linkedin.com/contact,0
https://www.twitter.com/feed,0
http://57.53.82.244/secure-bank/confirm/verification.html,1
https://nodejs.org/articles/2026/cybersecurity-trends,0
https://bankofamerica.com/help/faq,0
https://bitbucket.org/articles/2026/cybersecurity-trends,0
http://alert.binance-security-update.icu/login/index.php?token=65550,1
http://amazon.com.kyc-portal.alert-service.verify-security.click/auth/login.php?client_id=818660,1
http://apple.com.verify-portal.confirm-service.verify-security.icu/auth/login.php?client_id=181269,1
http://binance.com.suspended-portal.suspended-service.verify-security.ru/auth/login.php?client_id=459793,1
https://youtube.com/home,0
https://www.mit.edu/download/latest,0
http://77.137.204.24:3000/wellsfargo/session-expired/verification.html,1
https://www.nih.gov/docs,0
http://unlock.binance-security-update.work/unlock/index.php?token=71457,1
https://www.cnn.com/privacy-policy,0
https://cdc.gov/terms-of-service,0
http://legit-site.com@chase-secure-check.click/login,1
http://login.wellsfargo-security-update.click/alert/index.php?token=55433,1
https://www.bbc.co.uk/privacy-policy,0
http://130.49.212.185:8000/netflix/session-expired/verification.html,1
https://www.slack.com/privacy-policy,0
https://www.bbc.co.uk/pricing/plans,0
https://api.cdc.gov/download/latest,0
http://wellsfargo-confirm.gq/webscr//cmd=login%20verify%20session,1
https://www.lyft.com/download/latest,0
https://mozilla.org/contact,0
http://account.binance-security-update.gq/suspended/index.php?token=93288,1
http://binance-alert.top/webscr//cmd=login%20verify%20session,1
https://adobe.com/dashboard/overview,0
http://59.170.209.4:8443/microsoft/update/verification.html,1
https://amazon.com/community/discussions,0
https://www.chase.com/solutions/enterprise,0
http://156.193.8.43:8000/microsoft/confirm/verification.html,1
https://kubernetes.io/api/v1/users,0
http://legit-site.com@amazon-secure-check.gq/login,1
https://www.stripe.com/solutions/enterprise,0
https://kubernetes.io/feed,0
http://confirm.binance-security-update.click/recovery/index.php?token=58224,1
http://api.github.com/docs,0
https://www.python.org/categories/electronics,0
https://www.cdc.gov/search?q=machine+learning,0
https://www.twitter.com/api/v1/users,0
https://api.adobe.com/articles/2026/cybersecurity-trends,0
https://www.google.com/articles/2026/cybersecurity-trends,0
https://www.stripe.com/terms-of-service,0
http://auth.amazon-security-update.icu/session-expired/index.php?token=32738,1
http://bankofamerica-update.ru/webscr//cmd=login%20verify%20session,1
https://www.nasa.gov/dashboard/overview,0
http://coinbase-recovery-security-update.fit/session-expired/index.php?token=36039,1
https://api.youtube.com/dashboard/overview,0
https://www.bitbucket.org/pricing/plans,0
http://microsoft-login-security-update.cam/unlock/index.php?token=52587,1
https://www.nodejs.org/terms-of-service,0
https://www.microsoft.com/events/2026-summit,0
https://api.chase.com/community/discussions,0
https://api.booking.com/docs,0
https://www.linkedin.com/product/item-84920,0
http://bankofamerica.com.billing-portal.session-expired-service.verify-security.icu/auth/login.php?client_id=868678,1
https://www.harvard.edu/search?q=machine+learning,0
https://www.reddit.com/blog/introducing-new-features,0
http://binance-auth-security-update.xyz/alert/index.php?token=85882,1
http://chase.com.login-portal.recovery-service.verify-security.ml/auth/login.php?client_id=141675,1
http://paypal-verify-security-update.tk/kyc/index.php?token=75291,1
https://quora.com/home,0
https://khanacademy.org/docs,0
https://www.stripe.com,0
http://wellsfargo-unlock.work/webscr//cmd=login%20verify%20session,1
http://90.75.249.6:8080/bankofamerica/unlock/verification.html,1
http://171.107.44.97:8000/apple/suspended/verification.html,1
https://mit.edu/solutions/enterprise,0
https://www.salesforce.com/search?q=machine+learning,0
https://www.stripe.com/events/2026-summit,0
http://update.metamask-security-update.tk/session-expired/index.php?token=95016,1
https://www.zoom.us/contact,0
https://developer.mozilla.org/solutions/enterprise,0
http://wellsfargo-session-expired-security-update.buzz/verify/index.php?token=74447,1
http://legit-site.com@coinbase-secure-check.buzz/login,1
http://amazon-unlock.live/webscr//cmd=login%20verify%20session,1
https://irs.gov/blog/introducing-new-features,0
https://booking.com/status,0
https://www.nytimes.com/help/faq,0
https://coursera.org/blog/introducing-new-features,0
http://179.45.187.194:3000/secure-bank/login/verification.html,1
http://chase.com.billing-portal.alert-service.verify-security.work/auth/login.php?client_id=546070,1
https://www.nih.gov/blog/introducing-new-features,0
https://www.lyft.com/search?q=machine+learning,0
https://www.cloudflare.com/terms-of-service,0
https://nasa.gov/terms-of-service,0
http://apple.com.session-expired-portal.alert-service.verify-security.gq/auth/login.php?client_id=787106,1
https://www.irs.gov/home,0
http://secure-bank-verify-security-update.xyz/alert/index.php?token=36922,1
https://adobe.com/privacy-policy,0
https://api.nodejs.org/press-release/announcement,0
https://www.stackoverflow.com/explore/popular,0
http://coinbase-verify.top/webscr//cmd=login%20verify%20session,1
https://gitlab.com/docs,0
http://netflix-verify-security-update.cam/session-expired/index.php?token=38986,1
http://metamask-verify.top/webscr//cmd=login%20verify%20session,1
https://www.wellsfargo.com/docs,0
http://netflix.com.auth-portal.suspended-service.verify-security.work/auth/login.php?client_id=690509,1
https://stackoverflow.com,0
https://www.zoom.us/articles/2026/cybersecurity-trends,0
https://api.stripe.com/status,0
https://mit.edu/search?q=machine+learning,0
https://www.nytimes.com/privacy-policy,0
http://suspended.amazon-security-update.gq/session-expired/index.php?token=14716,1
http://nih.gov/home,0
https://www.kubernetes.io/docs,0
https://www.irs.gov/about,0
https://twitter.com/careers/openings,0
http://www.cdc.gov/search?q=machine+learning,0
http://207.123.129.150:3000/secure-bank/login/verification.html,1
https://api.stanford.edu/home,0
https://www.nodejs.org/privacy-policy,0
https://www.airbnb.com/home,0
http://microsoft.com.account-portal.verify-service.verify-security.tk/auth/login.php?client_id=623162,1
http://78.73.198.23:8080/wellsfargo/secure/verification.html,1
http://metamask.com.confirm-portal.billing-service.verify-security.icu/auth/login.php?client_id=227131,1
http://binance.com.recovery-portal.session-expired-service.verify-security.gq/auth/login.php?client_id=170852,1
http://account.microsoft-security-update.work/account/index.php?token=28726,1
http://ebay.com/dashboard/overview,0
http://135.214.120.130:8000/wellsfargo/account/verification.html,1
https://www.salesforce.com/home,0
http://bankofamerica.com.unlock-portal.update-service.verify-security.party/auth/login.php?client_id=743825,1
http://metamask-auth.ru/webscr//cmd=login%20verify%20session,1
http://session-expired.netflix-security-update.icu/confirm/index.php?token=86273,1
http://80.66.22.188/metamask/secure/verification.html,1
https://www.stackoverflow.com/product/item-84920,0
http://binance.com.recovery-portal.recovery-service.verify-security.xyz/auth/login.php?client_id=857260,1
https://www.wellsfargo.com/careers/openings,0
http://wellsfargo.com.verify-portal.billing-service.verify-security.cam/auth/login.php?client_id=353124,1
http://coinbase-alert-security-update.work/login/index.php?token=87045,1
http://122.80.82.194/microsoft/confirm/verification.html,1
http://legit-site.com@metamask-secure-check.cam/login,1
http://86.157.36.115/metamask/auth/verification.html,1
http://confirm.google-security-update.loan/update/index.php?token=24790,1
https://bitbucket.org/contact,0
https://edx.org/docs,0
https://www.amazon.com/terms-of-service,0
http://api.stanford.edu/blog/introducing-new-features,0
http://paypal.com.alert-portal.login-service.verify-security.buzz/auth/login.php?client_id=854793,1
https://www.amazon.com/explore/popular,0
http://login.chase-security-update.tk/kyc/index.php?token=22942,1
https://api.github.com/product/item-84920,0
http://paypal-secure.fit/webscr//cmd=login%20verify%20session,1
https://api.dropbox.com/product/item-84920,0
https://www.irs.gov/community/discussions,0
http://94.165.8.139/paypal/billing/verification.html,1
https://nytimes.com/download/latest,0
https://chase.com/docs,0
https://www.pypi.org/contact,0
http://confirm.microsoft-security-update.tk/suspended/index.php?token=56052,1
https://www.coursera.org/pricing/plans,0
http://140.57.181.36/netflix/auth/verification.html,1
https://stackoverflow.com/categories/electronics,0
https://www.developer.mozilla.org/contact,0
https://www.nih.gov/blog/introducing-new-features,0
https://cnn.com/search?q=machine+learning,0
https://www.edx.org/community/discussions,0
https://www.coursera.org/categories/electronics,0
https://www.developer.mozilla.org/about,0
http://microsoft-auth-security-update.fit/kyc/index.php?token=12762,1
https://www.nih.gov/status,0
https://www.uber.com/download/latest,0
http://136.29.158.87:8080/apple/suspended/verification.html,1
https://www.who.int/home,0
http://coinbase-login.xyz/webscr//cmd=login%20verify%20session,1
https://nih.gov/download/latest,0
https://www.apple.com/pricing/plans,0
https://www.stripe.com/solutions/enterprise,0
http://coinbase-confirm.buzz/webscr//cmd=login%20verify%20session,1
http://netflix-login-security-update.buzz/update/index.php?token=24541,1
http://binance-update-security-update.tk/login/index.php?token=94817,1
https://github.com/contact,0
http://microsoft.com.billing-portal.update-service.verify-security.top/auth/login.php?client_id=978862,1
https://www.gitlab.com/categories/electronics,0
https://www.lyft.com/dashboard/overview,0
http://recovery.secure-bank-security-update.cam/unlock/index.php?token=40516,1
http://netflix.com.account-portal.auth-service.verify-security.work/auth/login.php?client_id=811824,1
http://binance.com.billing-portal.session-expired-service.verify-security.ml/auth/login.php?client_id=547416,1
https://www.developer.mozilla.org/api/v1/users,0
http://125.107.148.190/paypal/account/verification.html,1
https://www.bitbucket.org/api/v1/users,0
http://www.zoom.us/privacy-policy,0
http://207.30.20.188/netflix/verify/verification.html,1
https://ebay.com/status,0
http://203.36.8.59/paypal/session-expired/verification.html,1
https://lyft.com/categories/electronics,0
https://www.netflix.com/profile/settings,0
http://auth.amazon-security-update.gq/billing/index.php?token=14850,1
http://quora.com/press-release/announcement,0
https://www.google.com,0
http://confirm.metamask-security-update.work/alert/index.php?token=65552,1
https://www.youtube.com/solutions/enterprise,0
http://bankofamerica-suspended.click/webscr//cmd=login%20verify%20session,1
https://www.airbnb.com/product/item-84920,0
http://secure-bank-unlock-security-update.cam/auth/index.php?token=54739,1
https://www.python.org/contact,0
https://www.gitlab.com/dashboard/overview,0
https://www.developer.mozilla.org/terms-of-service,0
https://www.stackoverflow.com/solutions/enterprise,0
https://www.quora.com/help/faq,0
http://amazon.com/search?q=machine+learning,0
http://chase-recovery.cam/webscr//cmd=login%20verify%20session,1
http://netflix.com.verify-portal.unlock-service.verify-security.tk/auth/login.php?client_id=293205,1
http://secure.netflix-security-update.top/account/index.php?token=46408,1
http://paypal-unlock.fit/webscr//cmd=login%20verify%20session,1
http://legit-site.com@binance-secure-check.fit/login,1
http://microsoft-billing-security-update.click/verify/index.php?token=64675,1
http://wellsfargo.com.login-portal.alert-service.verify-security.buzz/auth/login.php?client_id=511733,1
https://www.mozilla.org/community/discussions,0
https://www.bitbucket.org/docs,0
http://microsoft-suspended.cam/webscr//cmd=login%20verify%20session,1
http://wellsfargo-kyc-security-update.fit/secure/index.php?token=42239,1
https://chase.com/events/2026-summit,0
http://binance-auth-security-update.gq/unlock/index.php?token=74165,1
https://api.salesforce.com/download/latest,0
https://api.w3schools.com/pricing/plans,0
http://netflix-session-expired.gq/webscr//cmd=login%20verify%20session,1
http://coursera.org/contact,0
http://64.211.1.222:8443/chase/alert/verification.html,1
http://64.29.249.128/paypal/update/verification.html,1
http://secure-bank-confirm-security-update.buzz/auth/index.php?token=89391,1
http://cnn.com/docs,0
https://www.nytimes.com/terms-of-service,0
https://www.lyft.com/community/discussions,0
http://metamask.com.session-expired-portal.suspended-service.verify-security.ml/auth/login.php?client_id=330987,1
https://linkedin.com/careers/openings,0
https://www.booking.com/explore/popular,0
http://191.42.26.85:8000/apple/kyc/verification.html,1
https://nasa.gov/status,0
https://www.ebay.com/blog/introducing-new-features,0
http://apple.com.verify-portal.auth-service.verify-security.ru/auth/login.php?client_id=153979,1
https://www.wellsfargo.com/api/v1/users,0
https://stackoverflow.com/community/discussions,0
https://docker.com/privacy-policy,0
http://chase.com.account-portal.alert-service.verify-security.party/auth/login.php?client_id=790428,1
https://www.adobe.com/explore/popular,0
https://www.nytimes.com/status,0
http://119.82.125.23/secure-bank/confirm/verification.html,1
http://chase.com.account-portal.unlock-service.verify-security.fit/auth/login.php?client_id=447283,1
http://www.uber.com/download/latest,0
https://www.booking.com/dashboard/overview,0
http://www.python.org/terms-of-service,0
http://secure-bank-suspended-security-update.cam/account/index.php?token=29087,1
http://amazon-secure-security-update.top/update/index.php?token=17928,1
http://alert.paypal-security-update.top/login/index.php?token=93958,1
http://kyc.google-security-update.buzz/verify/index.php?token=82938,1
https://www.stripe.com/blog/introducing-new-features,0
https://python.org/api/v1/users,0
https://www.bitbucket.org/explore/popular,0
http://account.google-security-update.icu/login/index.php?token=12914,1
http://paypal-recovery.buzz/webscr//cmd=login%20verify%20session,1
http://slack.com/about,0
https://cnn.com/contact,0
https://www.dropbox.com/careers/openings,0
http://152.144.239.245/bankofamerica/alert/verification.html,1
https://www.khanacademy.org/download/latest,0
http://microsoft-confirm.tk/webscr//cmd=login%20verify%20session,1
http://legit-site.com@apple-secure-check.work/login,1
http://paypal.com.login-portal.login-service.verify-security.party/auth/login.php?client_id=919800,1
https://www.twitter.com/home,0
https://stanford.edu/events/2026-summit,0
https://netflix.com/events/2026-summit,0
http://microsoft.com.login-portal.billing-service.verify-security.icu/auth/login.php?client_id=339025,1
http://secure.secure-bank-security-update.top/update/index.php?token=89174,1
https://www.udemy.com/api/v1/users,0
http://api.instagram.com,0
https://www.nasa.gov/product/item-84920,0
http://api.docker.com/help/faq,0
http://api.cdc.gov/articles/2026/cybersecurity-trends,0
https://www.developer.mozilla.org/product/item-84920,0
https://www.nodejs.org/blog/introducing-new-features,0
https://nytimes.com/about,0
http://google-alert.xyz/webscr//cmd=login%20verify%20session,1
https://www.udemy.com/status,0
https://www.zoom.us/explore/popular,0
http://amazon.com.session-expired-portal.session-expired-service.verify-security.tk/auth/login.php?client_id=487491,1
https://kubernetes.io/blog/introducing-new-features,0
https://www.instagram.com/contact,0
http://binance.com.billing-portal.recovery-service.verify-security.live/auth/login.php?client_id=674863,1
https://kubernetes.io/blog/introducing-new-features,0
https://www.npmjs.com/categories/electronics,0
http://auth.secure-bank-security-update.ru/login/index.php?token=40128,1
https://api.cloudflare.com/blog/introducing-new-features,0
http://apple.com.recovery-portal.recovery-service.verify-security.fit/auth/login.php?client_id=235492,1
https://www.gitlab.com/careers/openings,0
http://billing.bankofamerica-security-update.ru/account/index.php?token=82323,1
http://92.220.191.251:3000/bankofamerica/recovery/verification.html,1
http://wellsfargo.com.confirm-portal.account-service.verify-security.icu/auth/login.php?client_id=454280,1
http://209.211.195.12:8443/bankofamerica/alert/verification.html,1
http://secure-bank-login-security-update.ml/confirm/index.php?token=60283,1
https://harvard.edu/blog/introducing-new-features,0
https://api.apple.com/dashboard/overview,0
https://www.salesforce.com/articles/2026/cybersecurity-trends,0
http://53.31.251.33/bankofamerica/account/verification.html,1
http://170.172.177.96:3000/metamask/login/verification.html,1
http://amazon-unlock-security-update.xyz/unlock/index.php?token=61697,1
https://www.reddit.com/events/2026-summit,0
http://69.216.4.38/secure-bank/session-expired/verification.html,1
http://secure.metamask-security-update.gq/auth/index.php?token=60997,1
http://api.amazon.com/help/faq,0
http://legit-site.com@metamask-secure-check.cam/login,1
http://184.53.109.252/coinbase/login/verification.html,1
http://wellsfargo.com.login-portal.update-service.verify-security.live/auth/login.php?client_id=909932,1
http://alert.apple-security-update.cam/billing/index.php?token=87187,1
http://microsoft-session-expired.work/webscr//cmd=login%20verify%20session,1
http://wellsfargo.com.secure-portal.recovery-service.verify-security.gq/auth/login.php?client_id=601954,1
http://amazon.com.secure-portal.kyc-service.verify-security.buzz/auth/login.php?client_id=673660,1
http://coinbase-auth-security-update.live/verify/index.php?token=47707,1
http://secure.google-security-update.xyz/account/index.php?token=26760,1
http://coinbase.com.verify-portal.suspended-service.verify-security.cam/auth/login.php?client_id=202130,1
http://www.netflix.com,0
https://www.stackoverflow.com/solutions/enterprise,0
http://binance.com.auth-portal.login-service.verify-security.ml/auth/login.php?client_id=471958,1
http://paypal-auth-security-update.loan/unlock/index.php?token=29566,1
http://verify.apple-security-update.ml/login/index.php?token=51062,1
https://api.facebook.com/pricing/plans,0
http://netflix.com.auth-portal.auth-service.verify-security.click/auth/login.php?client_id=403509,1
https://instagram.com/search?q=machine+learning,0
http://154.97.247.194/wellsfargo/secure/verification.html,1
https://w3schools.com/status,0
http://binance.com.auth-portal.verify-service.verify-security.click/auth/login.php?client_id=819096,1
http://amazon-kyc.ml/webscr//cmd=login%20verify%20session,1
https://www.chase.com/contact,0
http://update.wellsfargo-security-update.ml/session-expired/index.php?token=67520,1
http://udemy.com,0
https://www.instagram.com/help/faq,0
https://www.adobe.com/home,0
https://www.npmjs.com/profile/settings,0
http://www.docker.com/feed,0
http://login.bankofamerica-security-update.top/recovery/index.php?token=76027,1
https://www.wikipedia.org/terms-of-service,0
https://api.zoom.us/solutions/enterprise,0
https://khanacademy.org/download/latest,0
http://billing.netflix-security-update.live/kyc/index.php?token=36437,1
http://173.166.47.50:8000/binance/unlock/verification.html,1
https://www.yahoo.com/status,0
https://www.ebay.com/blog/introducing-new-features,0
http://86.112.117.23/wellsfargo/unlock/verification.html,1
http://117.164.55.136/netflix/verify/verification.html,1
https://www.nodejs.org/product/item-84920,0
http://189.25.204.250:3000/metamask/update/verification.html,1
http://secure-bank-verify-security-update.ru/suspended/index.php?token=71263,1
http://legit-site.com@binance-secure-check.icu/login,1
https://www.spotify.com/contact,0
http://netflix.com.account-portal.secure-service.verify-security.click/auth/login.php?client_id=691040,1
https://khanacademy.org/profile/settings,0
http://www.chase.com/terms-of-service,0
https://www.twitter.com/profile/settings,0
https://www.facebook.com/contact,0
http://www.slack.com/press-release/announcement,0
http://93.155.126.243:8080/metamask/secure/verification.html,1
https://api.mozilla.org/press-release/announcement,0
http://legit-site.com@metamask-secure-check.ru/login,1
https://twitter.com/terms-of-service,0
https://www.npmjs.com/search?q=machine+learning,0
http://legit-site.com@wellsfargo-secure-check.gq/login,1
https://yahoo.com/privacy-policy,0
http://kyc.wellsfargo-security-update.gq/auth/index.php?token=37080,1
https://www.irs.gov/terms-of-service,0
https://www.stripe.com/feed,0
https://www.adobe.com/profile/settings,0
http://chase.com.account-portal.auth-service.verify-security.click/auth/login.php?client_id=167755,1
http://secure-bank.com.alert-portal.login-service.verify-security.fit/auth/login.php?client_id=174200,1
https://www.zoom.us/feed,0
https://www.chase.com/explore/popular,0
https://www.amazon.com/solutions/enterprise,0
https://www.uber.com/contact,0
https://wikipedia.org/events/2026-summit,0
http://update.coinbase-security-update.gq/session-expired/index.php?token=47623,1
http://netflix.com.billing-portal.session-expired-service.verify-security.loan/auth/login.php?client_id=891533,1
http://secure-bank.com.unlock-portal.confirm-service.verify-security.cam/auth/login.php?client_id=474475,1
https://www.developer.mozilla.org/profile/settings,0
http://wellsfargo-kyc-security-update.fit/kyc/index.php?token=11035,1
https://amazon.com/contact,0
http://legit-site.com@amazon-secure-check.click/login,1
https://wellsfargo.com/dashboard/overview,0
http://wellsfargo-login-security-update.work/suspended/index.php?token=18579,1
http://microsoft-auth-security-update.top/billing/index.php?token=25923,1
https://www.adobe.com/search?q=machine+learning,0
https://uber.com,0
https://api.nasa.gov/dashboard/overview,0
http://paypal.com.auth-portal.account-service.verify-security.tk/auth/login.php?client_id=551226,1
https://www.nytimes.com/help/faq,0
http://legit-site.com@microsoft-secure-check.ru/login,1
http://171.227.165.249/apple/session-expired/verification.html,1
http://verify.netflix-security-update.ru/secure/index.php?token=50703,1
https://www.harvard.edu/help/faq,0
https://microsoft.com/articles/2026/cybersecurity-trends,0
http://77.157.53.169/chase/verify/verification.html,1
http://www.nih.gov/product/item-84920,0
http://119.51.39.176:8080/amazon/verify/verification.html,1
http://login.google-security-update.party/confirm/index.php?token=94078,1
http://wellsfargo-update-security-update.click/update/index.php?token=19172,1
http://amazon.com.secure-portal.unlock-service.verify-security.party/auth/login.php?client_id=650071,1
https://www.linkedin.com/privacy-policy,0
http://legit-site.com@metamask-secure-check.loan/login,1
http://billing.bankofamerica-security-update.live/billing/index.php?token=46231,1
https://who.int/docs,0
https://yahoo.com/api/v1/users,0
http://alert.binance-security-update.ml/unlock/index.php?token=42821,1
https://www.khanacademy.org/terms-of-service,0
https://www.nasa.gov,0
http://legit-site.com@microsoft-secure-check.top/login,1
https://api.gitlab.com/categories/electronics,0
http://google-recovery-security-update.fit/unlock/index.php?token=47281,1
http://login.microsoft-security-update.cam/login/index.php?token=58026,1
http://legit-site.com@chase-secure-check.buzz/login,1
http://secure.chase-security-update.party/account/index.php?token=50212,1
http://paypal-suspended-security-update.top/suspended/index.php?token=18782,1
http://session-expired.paypal-security-update.top/unlock/index.php?token=24544,1
https://edx.org/status,0
http://suspended.binance-security-update.ml/kyc/index.php?token=98428,1
http://215.244.18.180:3000/metamask/kyc/verification.html,1
https://wellsfargo.com/privacy-policy,0
https://youtube.com/api/v1/users,0
http://coinbase-secure-security-update.party/billing/index.php?token=66848,1
http://netflix.com.verify-portal.recovery-service.verify-security.tk/auth/login.php?client_id=759675,1
http://secure-bank.com.billing-portal.suspended-service.verify-security.ru/auth/login.php?client_id=982304,1
http://secure-bank-confirm-security-update.xyz/billing/index.php?token=95078,1
http://unlock.wellsfargo-security-update.fit/billing/index.php?token=95322,1
https://www.edx.org/dashboard/overview,0
http://unlock.netflix-security-update.icu/unlock/index.php?token=74922,1
https://instagram.com/contact,0
https://www.kubernetes.io/download/latest,0
http://unlock.netflix-security-update.tk/verify/index.php?token=49955,1
http://69.163.84.253/coinbase/kyc/verification.html,1
https://www.w3schools.com/terms-of-service,0
http://161.232.179.104:8000/metamask/session-expired/verification.html,1
http://microsoft.com.auth-portal.login-service.verify-security.ru/auth/login.php?client_id=705640,1
https://www.cloudflare.com,0
https://www.nasa.gov/feed,0
https://www.nih.gov/download/latest,0
https://www.who.int/explore/popular,0
http://account.chase-security-update.tk/kyc/index.php?token=96356,1
https://www.yahoo.com/product/item-84920,0
http://metamask-update-security-update.icu/alert/index.php?token=52003,1
http://netflix-billing-security-update.buzz/session-expired/index.php?token=17157,1
http://api.developer.mozilla.org/about,0
http://162.76.253.123:8000/wellsfargo/alert/verification.html,1
http://72.31.47.189:8000/apple/confirm/verification.html,1
https://ebay.com/contact,0
https://www.facebook.com/docs,0
http://update.microsoft-security-update.work/account/index.php?token=58804,1
http://wellsfargo.com.alert-portal.secure-service.verify-security.ml/auth/login.php?client_id=492041,1
http://legit-site.com@chase-secure-check.gq/login,1
http://microsoft.com.recovery-portal.suspended-service.verify-security.buzz/auth/login.php?client_id=962656,1
http://77.139.31.163/binance/alert/verification.html,1
https://airbnb.com/dashboard/overview,0
http://secure.binance-security-update.fit/session-expired/index.php?token=21109,1
https://www.docker.com/events/2026-summit,0
http://legit-site.com@binance-secure-check.fit/login,1
https://airbnb.com/community/discussions,0
https://api.medium.com/about,0
https://microsoft.com/download/latest,0
https://www.booking.com/feed,0
https://www.irs.gov/articles/2026/cybersecurity-trends,0
https://twitter.com/events/2026-summit,0
https://wikipedia.org/profile/settings,0
http://metamask.com.suspended-portal.recovery-service.verify-security.cam/auth/login.php?client_id=465004,1
http://suspended.netflix-security-update.live/update/index.php?token=49677,1
http://legit-site.com@netflix-secure-check.ml/login,1
http://wellsfargo-alert.party/webscr//cmd=login%20verify%20session,1
http://wellsfargo-account-security-update.buzz/recovery/index.php?token=44571,1
http://api.nodejs.org/help/faq,0
http://117.106.144.157/amazon/verify/verification.html,1
https://www.twitter.com/api/v1/users,0
https://www.irs.gov/terms-of-service,0
https://www.gitlab.com/docs,0
https://www.nytimes.com/status,0
https://www.bbc.co.uk/home,0
http://adobe.com/contact,0
https://www.booking.com/press-release/announcement,0
https://www.amazon.com/api/v1/users,0
https://netflix.com/api/v1/users,0
https://www.stripe.com/blog/introducing-new-features,0
https://www.npmjs.com/careers/openings,0
https://www.yahoo.com/search?q=machine+learning,0
http://auth.binance-security-update.ml/unlock/index.php?token=32468,1
https://paypal.com/pricing/plans,0
http://www.khanacademy.org/terms-of-service,0
https://www.booking.com/docs,0
https://www.bbc.co.uk/explore/popular,0
https://adobe.com/product/item-84920,0
https://adobe.com/pricing/plans,0
https://www.w3schools.com/articles/2026/cybersecurity-trends,0
http://secure-bank.com.session-expired-portal.recovery-service.verify-security.cam/auth/login.php?client_id=390704,1
http://213.218.72.168/binance/suspended/verification.html,1
http://208.32.93.234/microsoft/alert/verification.html,1
http://legit-site.com@binance-secure-check.cam/login,1
https://www.nasa.gov/categories/electronics,0
http://legit-site.com@netflix-secure-check.ml/login,1
https://www.netflix.com/help/faq,0
http://verify.google-security-update.party/recovery/index.php?token=88587,1
https://api.reddit.com/profile/settings,0
https://www.reddit.com/about,0
https://www.who.int/feed,0
http://coinbase-kyc-security-update.live/recovery/index.php?token=84074,1
http://www.salesforce.com,0
http://92.10.41.148:3000/netflix/recovery/verification.html,1
http://verify.netflix-security-update.party/account/index.php?token=72126,1
https://www.bankofamerica.com/product/item-84920,0
https://www.twitter.com/blog/introducing-new-features,0
https://youtube.com/categories/electronics,0
http://88.239.115.246:8000/apple/auth/verification.html,1
http://bankofamerica-auth-security-update.ru/session-expired/index.php?token=70655,1
http://119.20.164.39/wellsfargo/secure/verification.html,1
http://account.binance-security-update.fit/confirm/index.php?token=69546,1
http://205.29.54.177:3000/google/confirm/verification.html,1
http://71.210.237.33:8443/chase/billing/verification.html,1
http://legit-site.com@apple-secure-check.gq/login,1
http://binance-update-security-update.icu/account/index.php?token=97432,1
http://paypal.com.recovery-portal.unlock-service.verify-security.click/auth/login.php?client_id=975937,1
http://apple.com.auth-portal.alert-service.verify-security.fit/auth/login.php?client_id=735996,1
https://api.zoom.us/feed,0
http://microsoft-billing-security-update.ru/alert/index.php?token=88638,1
http://173.191.185.136:8443/wellsfargo/account/verification.html,1
http://coinbase-verify-security-update.tk/kyc/index.php?token=67386,1
http://180.165.127.134:8000/google/verify/verification.html,1
https://www.bitbucket.org/home,0
https://www.youtube.com/profile/settings,0
http://secure-bank-unlock-security-update.fit/account/index.php?token=19269,1
http://netflix-billing-security-update.click/confirm/index.php?token=66093,1
http://213.186.175.113:8080/coinbase/account/verification.html,1
http://account.netflix-security-update.work/unlock/index.php?token=44296,1
https://docker.com/contact,0
http://session-expired.microsoft-security-update.icu/recovery/index.php?token=40924,1
http://www.youtube.com/solutions/enterprise,0
http://secure-bank.com.suspended-portal.suspended-service.verify-security.gq/auth/login.php?client_id=783648,1
http://apple-login.icu/webscr//cmd=login%20verify%20session,1
https://www.ebay.com/explore/popular,0
http://legit-site.com@apple-secure-check.cam/login,1
https://www.netflix.com/press-release/announcement,0
http://64.149.159.89/wellsfargo/kyc/verification.html,1
http://coinbase-suspended-security-update.buzz/recovery/index.php?token=96108,1
https://apple.com/docs,0
http://167.179.126.251:3000/wellsfargo/suspended/verification.html,1
http://metamask-kyc.click/webscr//cmd=login%20verify%20session,1
https://www.who.int/press-release/announcement,0
http://metamask-session-expired.loan/webscr//cmd=login%20verify%20session,1
http://secure-bank-update-security-update.fit/billing/index.php?token=74350,1
http://netflix.com.session-expired-portal.login-service.verify-security.xyz/auth/login.php?client_id=159406,1
https://www.chase.com/explore/popular,0
https://api.booking.com/search?q=machine+learning,0
https://api.harvard.edu/privacy-policy,0
http://110.180.122.245:3000/coinbase/verify/verification.html,1
https://uber.com/docs,0
https://api.w3schools.com/community/discussions,0
http://google.com.suspended-portal.verify-service.verify-security.fit/auth/login.php?client_id=687681,1
https://salesforce.com,0
https://www.amazon.com/articles/2026/cybersecurity-trends,0
http://www.irs.gov/contact,0
http://chase-recovery-security-update.live/login/index.php?token=96554,1
http://alert.binance-security-update.loan/secure/index.php?token=51446,1
http://207.156.199.206/microsoft/session-expired/verification.html,1
http://www.nasa.gov/product/item-84920,0
https://www.medium.com/solutions/enterprise,0
http://coinbase.com.verify-portal.account-service.verify-security.ml/auth/login.php?client_id=757343,1
http://186.196.45.67/google/auth/verification.html,1
https://api.coursera.org/product/item-84920,0
http://secure-bank-auth-security-update.icu/verify/index.php?token=54035,1
https://www.pypi.org/categories/electronics,0
https://www.ebay.com/product/item-84920,0
http://102.80.3.27/google/update/verification.html,1
http://legit-site.com@binance-secure-check.top/login,1
http://93.169.54.241:8080/bankofamerica/confirm/verification.html,1
https://who.int/profile/settings,0
http://wellsfargo.com.login-portal.account-service.verify-security.work/auth/login.php?client_id=863559,1
http://chase-unlock-security-update.party/auth/index.php?token=10403,1
https://www.airbnb.com/blog/introducing-new-features,0
http://156.75.198.235/secure-bank/kyc/verification.html,1
http://paypal-recovery-security-update.tk/auth/index.php?token=98172,1
https://api.nodejs.org/pricing/plans,0
https://adobe.com/events/2026-summit,0
https://api.linkedin.com/profile/settings,0
http://www.yahoo.com/privacy-policy,0
https://www.medium.com/blog/introducing-new-features,0
https://www.kubernetes.io/pricing/plans,0
http://legit-site.com@chase-secure-check.top/login,1
https://www.microsoft.com/home,0
https://medium.com/explore/popular,0
http://binance-unlock.fit/webscr//cmd=login%20verify%20session,1
https://api.who.int/home,0
https://www.adobe.com/status,0
http://binance-account-security-update.xyz/session-expired/index.php?token=63347,1
http://metamask-confirm-security-update.gq/kyc/index.php?token=43584,1
https://www.yahoo.com/terms-of-service,0
http://paypal.com.verify-portal.login-service.verify-security.work/auth/login.php?client_id=632261,1
http://verify.microsoft-security-update.party/recovery/index.php?token=10867,1
https://www.uber.com/docs,0
http://binance.com.session-expired-portal.billing-service.verify-security.xyz/auth/login.php?client_id=259652,1
https://www.cloudflare.com/download/latest,0
https://www.nih.gov/categories/electronics,0
http://suspended.apple-security-update.work/suspended/index.php?token=79033,1
https://www.instagram.com/help/faq,0
https://wikipedia.org/articles/2026/cybersecurity-trends,0
https://stanford.edu/product/item-84920,0
https://www.microsoft.com/home,0
https://api.nytimes.com/download/latest,0
https://www.github.com,0
http://84.124.60.188/metamask/confirm/verification.html,1
http://chase.com.verify-portal.secure-service.verify-security.loan/auth/login.php?client_id=655021,1
http://150.36.128.193:8080/secure-bank/recovery/verification.html,1
https://amazon.com/status,0
http://metamask-unlock-security-update.loan/unlock/index.php?token=40649,1
https://www.netflix.com/product/item-84920,0
http://google.com.auth-portal.login-service.verify-security.ru/auth/login.php?client_id=315723,1
https://api.w3schools.com/pricing/plans,0
http://google.com.update-portal.session-expired-service.verify-security.cam/auth/login.php?client_id=427354,1
http://184.85.27.132/google/secure/verification.html,1
http://chase.com.login-portal.suspended-service.verify-security.icu/auth/login.php?client_id=692772,1
https://www.medium.com/categories/electronics,0
https://api.khanacademy.org/dashboard/overview,0
http://www.bitbucket.org/community/discussions,0
http://paypal.com/search?q=machine+learning,0
https://cdc.gov/download/latest,0
https://www.who.int/home,0
http://paypal-confirm.icu/webscr//cmd=login%20verify%20session,1
https://www.uber.com/events/2026-summit,0
http://www.paypal.com/dashboard/overview,0
https://www.adobe.com/download/latest,0
http://secure-bank-recovery-security-update.top/unlock/index.php?token=67947,1
https://coursera.org/privacy-policy,0
https://uber.com/product/item-84920,0
http://binance-confirm.ml/webscr//cmd=login%20verify%20session,1
http://96.146.185.41/paypal/secure/verification.html,1
https://amazon.com/explore/popular,0
https://www.nodejs.org/solutions/enterprise,0
http://coinbase.com.confirm-portal.session-expired-service.verify-security.xyz/auth/login.php?client_id=696799,1
http://amazon.com.billing-portal.auth-service.verify-security.fit/auth/login.php?client_id=783680,1
http://coinbase.com.billing-portal.update-service.verify-security.fit/auth/login.php?client_id=759367,1
http://secure-bank.com.alert-portal.session-expired-service.verify-security.loan/auth/login.php?client_id=582576,1
http://88.182.239.227:8000/secure-bank/billing/verification.html,1
http://amazon-unlock.top/webscr//cmd=login%20verify%20session,1
https://www.netflix.com/api/v1/users,0
http://168.61.245.25/microsoft/kyc/verification.html,1
http://alert.google-security-update.ml/update/index.php?token=14845,1
https://www.cloudflare.com/articles/2026/cybersecurity-trends,0
https://stanford.edu/home,0
http://netflix-verify-security-update.ru/auth/index.php?token=17134,1
http://wellsfargo-verify-security-update.xyz/verify/index.php?token=47401,1
http://172.147.137.128:3000/bankofamerica/billing/verification.html,1
https://api.medium.com/press-release/announcement,0
http://auth.amazon-security-update.buzz/login/index.php?token=41801,1
http://185.77.185.36/google/recovery/verification.html,1
https://mozilla.org/events/2026-summit,0
https://www.instagram.com/categories/electronics,0
http://151.141.28.210/microsoft/suspended/verification.html,1
http://127.64.74.122/wellsfargo/recovery/verification.html,1
https://www.cdc.gov/press-release/announcement,0
http://amazon.com.alert-portal.unlock-service.verify-security.fit/auth/login.php?client_id=863878,1
http://microsoft-update-security-update.icu/alert/index.php?token=84133,1
http://google-suspended-security-update.work/secure/index.php?token=92840,1
http://google.com.secure-portal.session-expired-service.verify-security.icu/auth/login.php?client_id=383114,1
http://nytimes.com/press-release/announcement,0
https://www.cdc.gov/contact,0
http://microsoft.com.alert-portal.login-service.verify-security.top/auth/login.php?client_id=314154,1
https://quora.com/blog/introducing-new-features,0
http://wellsfargo.com.verify-portal.login-service.verify-security.buzz/auth/login.php?client_id=886363,1
https://www.chase.com/explore/popular,0
http://www.mozilla.org/home,0
https://www.reddit.com/categories/electronics,0
http://alert.microsoft-security-update.cam/kyc/index.php?token=91940,1
https://www.who.int/terms-of-service,0
http://156.107.7.248/binance/update/verification.html,1
https://www.twitter.com/careers/openings,0
https://www.airbnb.com/solutions/enterprise,0
http://account.paypal-security-update.live/recovery/index.php?token=23346,1
http://208.124.172.33/bankofamerica/billing/verification.html,1
https://www.dropbox.com/status,0
http://wellsfargo.com.suspended-portal.confirm-service.verify-security.fit/auth/login.php?client_id=894086,1
https://medium.com/api/v1/users,0
http://bankofamerica.com.billing-portal.alert-service.verify-security.ru/auth/login.php?client_id=106988,1
https://www.coursera.org/product/item-84920,0
https://wikipedia.org/profile/settings,0
http://www.zoom.us/home,0
https://www.stackoverflow.com/categories/electronics,0
https://www.wellsfargo.com/blog/introducing-new-features,0
http://secure-bank.com.suspended-portal.session-expired-service.verify-security.ml/auth/login.php?client_id=375285,1
http://105.157.6.74:8080/paypal/unlock/verification.html,1
https://www.nasa.gov/status,0
http://paypal.com.suspended-portal.confirm-service.verify-security.click/auth/login.php?client_id=310251,1
https://api.developer.mozilla.org/dashboard/overview,0
https://docker.com/contact,0
http://google-auth-security-update.party/alert/index.php?token=22844,1
http://secure-bank-kyc.party/webscr//cmd=login%20verify%20session,1
http://108.180.211.111:8080/netflix/auth/verification.html,1
http://141.50.146.104/apple/update/verification.html,1
https://www.bitbucket.org/careers/openings,0
https://api.irs.gov/explore/popular,0
http://apple-login-security-update.ru/update/index.php?token=86812,1
http://wellsfargo.com.verify-portal.kyc-service.verify-security.icu/auth/login.php?client_id=985778,1
http://paypal-session-expired.icu/webscr//cmd=login%20verify%20session,1
http://75.43.103.11:3000/wellsfargo/update/verification.html,1
http://wellsfargo.com.billing-portal.suspended-service.verify-security.cam/auth/login.php?client_id=489684,1
https://www.who.int/careers/openings,0
http://coinbase-secure-security-update.buzz/secure/index.php?token=75991,1
http://secure-bank-billing-security-update.work/suspended/index.php?token=33461,1
http://183.227.197.221/apple/account/verification.html,1
https://www.bankofamerica.com/community/discussions,0
http://amazon.com.verify-portal.login-service.verify-security.click/auth/login.php?client_id=835538,1
http://secure-bank.com.session-expired-portal.billing-service.verify-security.live/auth/login.php?client_id=906234,1
https://www.stanford.edu/dashboard/overview,0
http://78.126.163.163/secure-bank/suspended/verification.html,1
https://www.twitter.com/feed,0
https://www.instagram.com/feed,0
https://www.edx.org/privacy-policy,0
https://linkedin.com/community/discussions,0
https://www.medium.com/dashboard/overview,0
https://www.medium.com/privacy-policy,0
https://www.uber.com/api/v1/users,0
https://www.cloudflare.com/contact,0
http://48.69.6.159/secure-bank/verify/verification.html,1
http://binance.com.kyc-portal.recovery-service.verify-security.party/auth/login.php?client_id=644119,1
http://214.193.169.231:3000/apple/confirm/verification.html,1
https://cdc.gov/press-release/announcement,0
http://109.39.182.236:3000/chase/suspended/verification.html,1
http://medium.com/feed,0
http://120.164.212.226/coinbase/billing/verification.html,1
https://cnn.com,0
http://145.110.26.58:8443/metamask/session-expired/verification.html,1
https://www.kubernetes.io/api/v1/users,0
https://www.github.com/help/faq,0
http://legit-site.com@metamask-secure-check.click/login,1
http://binance-suspended-security-update.xyz/account/index.php?token=79607,1
https://reddit.com/about,0
https://api.salesforce.com/help/faq,0
https://api.npmjs.com/feed,0
http://secure-bank-recovery-security-update.party/recovery/index.php?token=23352,1
https://www.slack.com/product/item-84920,0
https://mozilla.org/feed,0
http://legit-site.com@paypal-secure-check.loan/login,1
http://google.com.session-expired-portal.billing-service.verify-security.party/auth/login.php?client_id=928379,1
https://www.pypi.org/feed,0
https://www.edx.org/search?q=machine+learning,0
https://www.stanford.edu/terms-of-service,0
http://paypal-recovery-security-update.ru/unlock/index.php?token=39116,1
https://www.microsoft.com/privacy-policy,0
https://www.khanacademy.org/feed,0
https://www.harvard.edu,0
http://amazon.com.suspended-portal.update-service.verify-security.live/auth/login.php?client_id=545503,1
https://www.chase.com/dashboard/overview,0
https://www.harvard.edu/about,0
http://metamask.com.billing-portal.update-service.verify-security.icu/auth/login.php?client_id=407643,1
http://www.instagram.com/status,0
https://www.stripe.com/contact,0
https://www.coursera.org/search?q=machine+learning,0
https://www.khanacademy.org/community/discussions,0
http://microsoft-auth.live/webscr//cmd=login%20verify%20session,1
http://wellsfargo.com.secure-portal.verify-service.verify-security.click/auth/login.php?client_id=387150,1
http://amazon-auth-security-update.xyz/update/index.php?token=11628,1
http://auth.netflix-security-update.tk/suspended/index.php?token=89433,1
http://www.github.com/articles/2026/cybersecurity-trends,0
http://149.229.159.236/coinbase/secure/verification.html,1
https://api.irs.gov/privacy-policy,0
https://www.cloudflare.com/product/item-84920,0
http://118.67.236.227:8080/coinbase/confirm/verification.html,1
http://secure-bank.com.recovery-portal.login-service.verify-security.xyz/auth/login.php?client_id=421802,1
https://bitbucket.org/search?q=machine+learning,0
https://www.ebay.com/explore/popular,0
http://apple.com.secure-portal.alert-service.verify-security.loan/auth/login.php?client_id=412713,1
https://www.stanford.edu,0
https://salesforce.com/feed,0
http://facebook.com/about,0
http://193.231.207.15/metamask/account/verification.html,1
http://legit-site.com@google-secure-check.fit/login,1
http://binance.com.billing-portal.login-service.verify-security.icu/auth/login.php?client_id=122143,1
http://paypal-billing.buzz/webscr//cmd=login%20verify%20session,1
http://paypal.com.account-portal.account-service.verify-security.work/auth/login.php?client_id=312511,1
https://www.github.com/categories/electronics,0
https://www.stripe.com/help/faq,0
http://metamask-verify-security-update.top/verify/index.php?token=27143,1
http://bankofamerica-auth-security-update.fit/auth/index.php?token=15697,1
https://api.stackoverflow.com/categories/electronics,0
http://verify.bankofamerica-security-update.ru/kyc/index.php?token=14273,1
http://apple.com.alert-portal.alert-service.verify-security.click/auth/login.php?client_id=539976,1
http://secure.apple-security-update.tk/secure/index.php?token=12082,1
https://api.ebay.com/careers/openings,0
http://apple-suspended-security-update.click/login/index.php?token=99212,1
https://api.zoom.us/dashboard/overview,0
https://www.who.int/solutions/enterprise,0
https://api.paypal.com/pricing/plans,0
http://chase.com.billing-portal.update-service.verify-security.party/auth/login.php?client_id=755660,1
http://apple.com.confirm-portal.account-service.verify-security.party/auth/login.php?client_id=681517,1
https://www.google.com/api/v1/users,0
http://170.53.254.30:8443/netflix/verify/verification.html,1
http://google.com.secure-portal.login-service.verify-security.click/auth/login.php?client_id=579285,1
https://www.irs.gov/contact,0
https://www.python.org/feed,0
https://www.chase.com/contact,0
http://metamask-alert.tk/webscr//cmd=login%20verify%20session,1
https://kubernetes.io/about,0
http://58.163.2.14:8000/secure-bank/confirm/verification.html,1
http://147.94.17.83/microsoft/recovery/verification.html,1
https://www.cnn.com/feed,0
https://www.nih.gov/pricing/plans,0
https://www.github.com/press-release/announcement,0
http://netflix.com.login-portal.login-service.verify-security.buzz/auth/login.php?client_id=121001,1
http://billing.chase-security-update.gq/login/index.php?token=87469,1
https://www.stanford.edu/blog/introducing-new-features,0
http://secure.google-security-update.party/confirm/index.php?token=48036,1
http://bankofamerica-auth.work/webscr//cmd=login%20verify%20session,1
http://176.185.174.229/bankofamerica/kyc/verification.html,1
https://www.uber.com/feed,0
https://api.who.int/status,0
http://amazon.com/careers/openings,0
http://microsoft.com.login-portal.recovery-service.verify-security.loan/auth/login.php?client_id=650705,1
https://www.bitbucket.org/categories/electronics,0
https://www.slack.com/docs,0
http://confirm.secure-bank-security-update.cam/recovery/index.php?token=95317,1
http://metamask.com.update-portal.login-service.verify-security.click/auth/login.php?client_id=886343,1
https://api.booking.com/home,0
http://billing.apple-security-update.ru/confirm/index.php?token=53101,1
https://api.udemy.com/about,0
https://api.nasa.gov/feed,0
http://legit-site.com@coinbase-secure-check.buzz/login,1
http://legit-site.com@metamask-secure-check.cam/login,1
https://yahoo.com/community/discussions,0
http://46.26.223.127/apple/update/verification.html,1
https://api.mozilla.org/search?q=machine+learning,0
https://www.yahoo.com/search?q=machine+learning,0
http://legit-site.com@chase-secure-check.top/login,1
https://www.stripe.com/privacy-policy,0
http://paypal-account-security-update.xyz/secure/index.php?token=70106,1
https://www.medium.com/blog/introducing-new-features,0
https://amazon.com/dashboard/overview,0
https://www.chase.com/pricing/plans,0
http://secure-bank-verify.icu/webscr//cmd=login%20verify%20session,1
https://www.zoom.us/pricing/plans,0
http://coinbase-recovery-security-update.fit/secure/index.php?token=58163,1
http://secure-bank.com.billing-portal.verify-service.verify-security.loan/auth/login.php?client_id=517267,1
https://www.stripe.com/docs,0
http://chase.com.billing-portal.kyc-service.verify-security.cam/auth/login.php?client_id=392866,1
http://wellsfargo-unlock.work/webscr//cmd=login%20verify%20session,1
https://www.ebay.com/events/2026-summit,0
http://legit-site.com@secure-bank-secure-check.work/login,1
http://legit-site.com@microsoft-secure-check.buzz/login,1
https://google.com/profile/settings,0
http://paypal.com.verify-portal.login-service.verify-security.click/auth/login.php?client_id=970207,1
https://www.linkedin.com/blog/introducing-new-features,0
https://www.pypi.org/home,0
http://chase.com.suspended-portal.login-service.verify-security.click/auth/login.php?client_id=257352,1
http://146.105.77.95/google/secure/verification.html,1
http://suspended.apple-security-update.xyz/auth/index.php?token=69892,1
http://123.189.163.252/netflix/update/verification.html,1
http://google.com.update-portal.recovery-service.verify-security.loan/auth/login.php?client_id=300261,1
http://82.128.225.29/metamask/verify/verification.html,1
https://www.microsoft.com/api/v1/users,0
https://www.kubernetes.io/explore/popular,0
http://98.166.156.21:3000/chase/recovery/verification.html,1
http://chase.com.kyc-portal.update-service.verify-security.gq/auth/login.php?client_id=713652,1
http://microsoft-auth-security-update.cam/unlock/index.php?token=73508,1
http://www.zoom.us/feed,0
https://www.edx.org/press-release/announcement,0
http://coinbase-kyc.cam/webscr//cmd=login%20verify%20session,1
https://www.nasa.gov/profile/settings,0
http://amazon-secure-security-update.icu/account/index.php?token=64638,1
http://wellsfargo-unlock-security-update.fit/verify/index.php?token=48603,1
https://www.booking.com/docs,0
https://www.quora.com/search?q=machine+learning,0
http://account.microsoft-security-update.fit/update/index.php?token=84536,1
https://amazon.com/community/discussions,0
https://apple.com/terms-of-service,0
https://amazon.com/docs,0
http://netflix-login.cam/webscr//cmd=login%20verify%20session,1
https://stripe.com/terms-of-service,0
http://legit-site.com@secure-bank-secure-check.buzz/login,1
http://account.microsoft-security-update.live/billing/index.php?token=17138,1
http://legit-site.com@coinbase-secure-check.ml/login,1
http://microsoft.com.verify-portal.session-expired-service.verify-security.buzz/auth/login.php?client_id=265531,1
https://api.youtube.com/profile/settings,0
https://www.edx.org/community/discussions,0
http://amazon-confirm.ml/webscr//cmd=login%20verify%20session,1
https://mozilla.org/privacy-policy,0
https://www.w3schools.com/profile/settings,0
https://stackoverflow.com/events/2026-summit,0
http://secure.netflix-security-update.icu/recovery/index.php?token=60418,1
https://www.adobe.com/events/2026-summit,0
http://google-suspended-security-update.ru/update/index.php?token=36379,1
http://wellsfargo-unlock.ru/webscr//cmd=login%20verify%20session,1
https://www.netflix.com/terms-of-service,0
http://bankofamerica.com.update-portal.suspended-service.verify-security.ml/auth/login.php?client_id=840530,1
http://bankofamerica-recovery-security-update.live/account/index.php?token=69497,1
https://www.yahoo.com/help/faq,0
http://microsoft-confirm-security-update.icu/recovery/index.php?token=52830,1
http://legit-site.com@secure-bank-secure-check.work/login,1
http://netflix.com.account-portal.session-expired-service.verify-security.cam/auth/login.php?client_id=229431,1
https://api.spotify.com/docs,0
http://paypal.com.secure-portal.suspended-service.verify-security.loan/auth/login.php?client_id=997412,1
http://amazon.com.secure-portal.update-service.verify-security.live/auth/login.php?client_id=282971,1
http://133.138.4.198/coinbase/update/verification.html,1
https://khanacademy.org/docs,0
http://legit-site.com@apple-secure-check.live/login,1
https://www.developer.mozilla.org/download/latest,0
https://cnn.com/profile/settings,0
https://www.python.org/community/discussions,0
http://141.119.174.217/chase/login/verification.html,1
https://www.instagram.com/contact,0
https://www.khanacademy.org/privacy-policy,0
http://coinbase-auth-security-update.icu/suspended/index.php?token=48987,1
https://api.paypal.com/privacy-policy,0
http://182.58.217.101:8000/google/suspended/verification.html,1
https://api.harvard.edu/contact,0
http://npmjs.com/blog/introducing-new-features,0
http://session-expired.secure-bank-security-update.top/login/index.php?token=69759,1
https://www.medium.com/solutions/enterprise,0
http://apple.com.account-portal.update-service.verify-security.tk/auth/login.php?client_id=596162,1
http://127.42.47.198/google/suspended/verification.html,1
http://100.115.78.198:8080/binance/auth/verification.html,1
https://api.cloudflare.com/terms-of-service,0
https://www.cnn.com/status,0
http://netflix-alert-security-update.loan/auth/index.php?token=25765,1
https://www.wellsfargo.com/api/v1/users,0
https://api.cdc.gov/pricing/plans,0
http://chase.com.login-portal.session-expired-service.verify-security.fit/auth/login.php?client_id=996922,1
https://www.stripe.com/contact,0
http://kyc.chase-security-update.buzz/billing/index.php?token=96918,1
http://165.47.164.56/microsoft/recovery/verification.html,1
http://coinbase.com.secure-portal.recovery-service.verify-security.icu/auth/login.php?client_id=631607,1
https://www.bankofamerica.com/product/item-84920,0
http://legit-site.com@chase-secure-check.loan/login,1
http://secure-bank.com.suspended-portal.confirm-service.verify-security.loan/auth/login.php?client_id=879598,1
http://metamask-session-expired-security-update.live/alert/index.php?token=34987,1
https://www.lyft.com/explore/popular,0
http://199.151.56.153/microsoft/account/verification.html,1
http://coinbase.com.session-expired-portal.secure-service.verify-security.click/auth/login.php?client_id=758756,1
https://nasa.gov/product/item-84920,0
http://93.183.148.246:8080/paypal/suspended/verification.html,1
http://77.200.55.104/binance/login/verification.html,1
https://api.who.int/explore/popular,0
https://www.quora.com/status,0
http://69.214.214.214:8080/coinbase/secure/verification.html,1
http://confirm.paypal-security-update.tk/verify/index.php?token=72537,1
https://www.cdc.gov/contact,0
http://206.222.56.128:8080/wellsfargo/kyc/verification.html,1
http://binance-update-security-update.click/session-expired/index.php?token=34820,1
https://www.facebook.com/docs,0
http://secure-bank.com.update-portal.login-service.verify-security.party/auth/login.php?client_id=617386,1
http://secure-bank-login.click/webscr//cmd=login%20verify%20session,1
https://www.npmjs.com/categories/electronics,0
https://api.nodejs.org/download/latest,0
https://irs.gov/download/latest,0
https://www.stripe.com/community/discussions,0
https://nasa.gov/home,0
http://coinbase-secure-security-update.live/account/index.php?token=63197,1
https://reddit.com/careers/openings,0
http://wellsfargo.com.login-portal.unlock-service.verify-security.live/auth/login.php?client_id=789115,1
https://edx.org/careers/openings,0
https://api.edx.org/categories/electronics,0
http://paypal.com.account-portal.account-service.verify-security.cam/auth/login.php?client_id=502838,1
https://reddit.com/careers/openings,0
http://chase.com.unlock-portal.session-expired-service.verify-security.click/auth/login.php?client_id=845902,1
http://legit-site.com@apple-secure-check.party/login,1
http://wellsfargo.com.update-portal.session-expired-service.verify-security.cam/auth/login.php?client_id=407301,1
https://wellsfargo.com/product/item-84920,0
https://slack.com/solutions/enterprise,0
https://booking.com/categories/electronics,0
http://102.33.68.198/wellsfargo/kyc/verification.html,1
https://www.bankofamerica.com/dashboard/overview,0
http://verify.wellsfargo-security-update.top/verify/index.php?token=29392,1
https://www.mozilla.org/product/item-84920,0
https://www.who.int/terms-of-service,0
http://paypal.com.session-expired-portal.confirm-service.verify-security.tk/auth/login.php?client_id=823566,1
https://www.booking.com/terms-of-service,0
https://facebook.com/home,0
https://www.uber.com/community/discussions,0
https://www.nih.gov/contact,0
https://www.nytimes.com/download/latest,0
https://nodejs.org/status,0
http://legit-site.com@google-secure-check.loan/login,1
http://google.com.login-portal.verify-service.verify-security.click/auth/login.php?client_id=524209,1
http://auth.paypal-security-update.party/auth/index.php?token=63131,1
http://apple.com.secure-portal.kyc-service.verify-security.ml/auth/login.php?client_id=502740,1
https://api.adobe.com/about,0
https://who.int/terms-of-service,0
https://www.w3schools.com/profile/settings,0
http://google.com.alert-portal.confirm-service.verify-security.icu/auth/login.php?client_id=597526,1
http://149.125.43.66/netflix/billing/verification.html,1
https://www.docker.com/status,0
http://secure-bank.com.verify-portal.auth-service.verify-security.gq/auth/login.php?client_id=953009,1
http://netflix.com.account-portal.unlock-service.verify-security.work/auth/login.php?client_id=614034,1
http://google-unlock-security-update.tk/secure/index.php?token=52636,1
https://ebay.com/articles/2026/cybersecurity-trends,0
http://legit-site.com@chase-secure-check.work/login,1
https://www.stanford.edu/feed,0
http://56.142.232.202/wellsfargo/unlock/verification.html,1
https://api.facebook.com/help/faq,0
http://92.112.91.4/apple/confirm/verification.html,1
https://coursera.org/feed,0
https://www.dropbox.com/contact,0
https://www.kubernetes.io/pricing/plans,0
http://microsoft-billing.gq/webscr//cmd=login%20verify%20session,1
http://legit-site.com@chase-secure-check.icu/login,1
http://199.105.61.168/wellsfargo/update/verification.html,1
http://apple-suspended.ml/webscr//cmd=login%20verify%20session,1
http://api.airbnb.com/about,0
https://www.bbc.co.uk/help/faq,0
https://www.udemy.com/about,0
http://167.25.131.111/coinbase/login/verification.html,1
http://200.228.9.32/microsoft/suspended/verification.html,1
https://www.yahoo.com/contact,0
http://legit-site.com@microsoft-secure-check.click/login,1
https://netflix.com/privacy-policy,0
http://verify.coinbase-security-update.loan/unlock/index.php?token=91094,1
https://www.stackoverflow.com/events/2026-summit,0
http://secure-bank.com.confirm-portal.login-service.verify-security.loan/auth/login.php?client_id=909289,1
http://amazon.com.auth-portal.update-service.verify-security.ml/auth/login.php?client_id=277545,1
https://www.nodejs.org/help/faq,0
http://netflix-auth-security-update.party/billing/index.php?token=25083,1
http://www.pypi.org/terms-of-service,0
http://update.google-security-update.xyz/secure/index.php?token=45985,1
http://api.bitbucket.org/about,0
https://www.who.int/terms-of-service,0
https://www.coursera.org/profile/settings,0
https://salesforce.com/articles/2026/cybersecurity-trends,0
http://legit-site.com@chase-secure-check.party/login,1
https://www.mit.edu/download/latest,0
http://microsoft.com.update-portal.auth-service.verify-security.fit/auth/login.php?client_id=884532,1
http://legit-site.com@netflix-secure-check.cam/login,1
http://apple-recovery.click/webscr//cmd=login%20verify%20session,1
https://www.cnn.com/community/discussions,0
https://www.slack.com/articles/2026/cybersecurity-trends,0
https://google.com/download/latest,0
http://legit-site.com@secure-bank-secure-check.xyz/login,1
http://verify.metamask-security-update.top/alert/index.php?token=67923,1
https://www.nodejs.org,0
https://www.dropbox.com/careers/openings,0
http://bankofamerica.com.account-portal.suspended-service.verify-security.icu/auth/login.php?client_id=667719,1
http://66.158.184.109:8000/bankofamerica/recovery/verification.html,1
http://bankofamerica.com.confirm-portal.kyc-service.verify-security.ml/auth/login.php?client_id=810902,1
http://wellsfargo-confirm-security-update.cam/update/index.php?token=51720,1
http://coinbase-verify-security-update.work/confirm/index.php?token=98672,1
http://126.39.203.250/coinbase/confirm/verification.html,1
https://ebay.com/solutions/enterprise,0
http://suspended.google-security-update.live/login/index.php?token=40752,1
http://verify.wellsfargo-security-update.top/suspended/index.php?token=52744,1
https://www.bitbucket.org/careers/openings,0
https://www.nodejs.org/search?q=machine+learning,0
http://218.211.137.143/binance/session-expired/verification.html,1
https://www.khanacademy.org/product/item-84920,0
https://www.youtube.com/press-release/announcement,0
http://alert.chase-security-update.gq/recovery/index.php?token=49998,1
http://secure-bank.com.confirm-portal.verify-service.verify-security.tk/auth/login.php?client_id=741627,1
https://www.pypi.org/feed,0
https://www.nih.gov/dashboard/overview,0
https://www.slack.com/community/discussions,0
http://bbc.co.uk/home,0
http://secure-bank-suspended.tk/webscr//cmd=login%20verify%20session,1
https://www.quora.com/terms-of-service,0
http://amazon.com.billing-portal.kyc-service.verify-security.buzz/auth/login.php?client_id=694164,1
http://suspended.netflix-security-update.cam/confirm/index.php?token=87564,1
https://www.airbnb.com/explore/popular,0
http://paypal-billing.click/webscr//cmd=login%20verify%20session,1
https://www.nasa.gov/about,0
http://apple-verify.ml/webscr//cmd=login%20verify%20session,1
http://legit-site.com@netflix-secure-check.ru/login,1
http://legit-site.com@amazon-secure-check.work/login,1
https://irs.gov/download/latest,0
https://www.yahoo.com/help/faq,0
http://www.uber.com/docs,0
http://94.189.220.142/google/verify/verification.html,1
https://www.python.org/status,0
http://175.108.144.201:8000/google/confirm/verification.html,1
http://account.bankofamerica-security-update.party/secure/index.php?token=26015,1
https://www.reddit.com/docs,0
https://www.zoom.us/community/discussions,0
http://legit-site.com@coinbase-secure-check.loan/login,1
https://irs.gov/download/latest,0
https://api.gitlab.com/pricing/plans,0
https://facebook.com/home,0
https://www.stanford.edu/home,0
http://apple.com.recovery-portal.secure-service.verify-security.xyz/auth/login.php?client_id=866150,1
http://wellsfargo.com.confirm-portal.verify-service.verify-security.ml/auth/login.php?client_id=980096,1
http://netflix-alert.ml/webscr//cmd=login%20verify%20session,1
http://186.192.213.68/binance/billing/verification.html,1
http://suspended.bankofamerica-security-update.xyz/kyc/index.php?token=65545,1
https://www.spotify.com/pricing/plans,0
http://suspended.netflix-security-update.icu/secure/index.php?token=67870,1
http://cnn.com/search?q=machine+learning,0
http://secure.microsoft-security-update.ml/confirm/index.php?token=59219,1
http://www.salesforce.com/dashboard/overview,0
https://coursera.org/solutions/enterprise,0
https://www.pypi.org/press-release/announcement,0
https://youtube.com/contact,0
https://www.developer.mozilla.org/api/v1/users,0
https://www.stackoverflow.com/pricing/plans,0
http://45.125.242.215/chase/unlock/verification.html,1
http://legit-site.com@google-secure-check.top/login,1
http://chase-billing-security-update.fit/account/index.php?token=64000,1
http://75.117.126.142:8000/amazon/alert/verification.html,1
http://kyc.paypal-security-update.xyz/session-expired/index.php?token=28659,1
http://legit-site.com@metamask-secure-check.icu/login,1
https://paypal.com/privacy-policy,0
https://www.pypi.org/status,0
http://binance.com.update-portal.kyc-service.verify-security.top/auth/login.php?client_id=140698,1
http://legit-site.com@secure-bank-secure-check.top/login,1
http://113.103.72.243/microsoft/kyc/verification.html,1
http://alert.secure-bank-security-update.ru/account/index.php?token=80570,1
http://legit-site.com@bankofamerica-secure-check.work/login,1
http://chase-alert-security-update.tk/billing/index.php?token=22934,1
https://www.uber.com/privacy-policy,0
http://chase-recovery-security-update.icu/secure/index.php?token=33891,1
https://amazon.com/dashboard/overview,0
https://www.harvard.edu/dashboard/overview,0
https://www.mit.edu/solutions/enterprise,0
http://google.com.recovery-portal.kyc-service.verify-security.cam/auth/login.php?client_id=184508,1
http://amazon-session-expired.click/webscr//cmd=login%20verify%20session,1
https://www.gitlab.com/docs,0
http://legit-site.com@amazon-secure-check.fit/login,1
https://www.cnn.com/product/item-84920,0
http://legit-site.com@metamask-secure-check.top/login,1
https://bitbucket.org/status,0
https://irs.gov/privacy-policy,0
http://113.202.245.3:8080/coinbase/recovery/verification.html,1
https://api.bitbucket.org/help/faq,0
http://netflix-session-expired-security-update.buzz/kyc/index.php?token=68226,1
https://quora.com/solutions/enterprise,0
http://google.com.confirm-portal.confirm-service.verify-security.ml/auth/login.php?client_id=202905,1
http://67.70.93.2/netflix/session-expired/verification.html,1
http://binance.com.confirm-portal.session-expired-service.verify-security.tk/auth/login.php?client_id=381170,1
https://dropbox.com/explore/popular,0
http://google.com.recovery-portal.kyc-service.verify-security.click/auth/login.php?client_id=485115,1
https://www.kubernetes.io/solutions/enterprise,0
https://api.cnn.com/categories/electronics,0
http://amazon-unlock-security-update.click/update/index.php?token=28993,1
http://148.241.82.134/chase/confirm/verification.html,1
https://www.docker.com/download/latest,0
http://legit-site.com@secure-bank-secure-check.icu/login,1
http://apple-secure-security-update.loan/update/index.php?token=95089,1
http://amazon-billing-security-update.party/alert/index.php?token=31840,1
http://bitbucket.org/events/2026-summit,0
http://login.coinbase-security-update.tk/billing/index.php?token=59998,1
https://udemy.com/terms-of-service,0
https://www.medium.com/careers/openings,0
https://www.mit.edu/status,0
https://www.wikipedia.org/terms-of-service,0
http://kyc.chase-security-update.cam/billing/index.php?token=21759,1
https://www.coursera.org/community/discussions,0
http://66.145.132.232/chase/confirm/verification.html,1
http://binance-suspended-security-update.top/confirm/index.php?token=11105,1
https://www.pypi.org/press-release/announcement,0
https://www.bitbucket.org/blog/introducing-new-features,0
http://118.99.225.28:8443/wellsfargo/auth/verification.html,1
http://192.119.33.242:8000/coinbase/confirm/verification.html,1
http://www.airbnb.com/articles/2026/cybersecurity-trends,0
http://wellsfargo.com.alert-portal.update-service.verify-security.cam/auth/login.php?client_id=637087,1
https://www.reddit.com/feed,0
http://binance.com.billing-portal.suspended-service.verify-security.tk/auth/login.php?client_id=334903,1
http://chase-alert-security-update.icu/login/index.php?token=19120,1
https://www.bbc.co.uk/product/item-84920,0
http://metamask-account-security-update.xyz/unlock/index.php?token=13251,1
http://wellsfargo-unlock-security-update.work/unlock/index.php?token=25674,1
http://113.37.254.114/coinbase/session-expired/verification.html,1
http://legit-site.com@paypal-secure-check.buzz/login,1
https://www.coursera.org/articles/2026/cybersecurity-trends,0
http://53.71.69.23/binance/recovery/verification.html,1
http://api.stanford.edu/dashboard/overview,0
https://adobe.com/feed,0
https://www.coursera.org/about,0
http://legit-site.com@metamask-secure-check.loan/login,1
http://netflix.com.recovery-portal.session-expired-service.verify-security.work/auth/login.php?client_id=625179,1
http://amazon.com.account-portal.suspended-service.verify-security.work/auth/login.php?client_id=114219,1
https://www.docker.com/contact,0
http://www.who.int/dashboard/overview,0
http://chase-session-expired-security-update.cam/billing/index.php?token=37425,1
https://www.cnn.com/help/faq,0
https://reddit.com/contact,0
http://207.102.224.13/secure-bank/kyc/verification.html,1
https://www.w3schools.com/home,0
https://stackoverflow.com/dashboard/overview,0
http://coinbase.com.secure-portal.suspended-service.verify-security.live/auth/login.php?client_id=854145,1
https://www.kubernetes.io/solutions/enterprise,0
https://api.dropbox.com/articles/2026/cybersecurity-trends,0
http://191.231.73.143/wellsfargo/recovery/verification.html,1
http://184.208.43.155/google/update/verification.html,1
https://www.kubernetes.io/press-release/announcement,0
http://bankofamerica.com.auth-portal.secure-service.verify-security.click/auth/login.php?client_id=858466,1
https://www.coursera.org/status,0
http://alert.coinbase-security-update.party/billing/index.php?token=71082,1
https://api.kubernetes.io/categories/electronics,0
http://binance-auth.work/webscr//cmd=login%20verify%20session,1
https://api.twitter.com/solutions/enterprise,0
http://python.org/dashboard/overview,0
http://67.216.215.28/apple/unlock/verification.html,1
http://unlock.bankofamerica-security-update.loan/unlock/index.php?token=71370,1
https://www.youtube.com/pricing/plans,0
http://metamask-update-security-update.click/login/index.php?token=79784,1
http://microsoft-alert.icu/webscr//cmd=login%20verify%20session,1
http://chase-unlock-security-update.gq/update/index.php?token=80593,1
http://binance-kyc-security-update.live/account/index.php?token=68190,1
http://legit-site.com@coinbase-secure-check.buzz/login,1
http://195.240.21.134/netflix/confirm/verification.html,1
http://bankofamerica.com.suspended-portal.verify-service.verify-security.work/auth/login.php?client_id=288538,1
https://mit.edu/careers/openings,0
https://www.udemy.com/dashboard/overview,0
http://apple-session-expired.ml/webscr//cmd=login%20verify%20session,1
http://confirm.netflix-security-update.click/update/index.php?token=59425,1
http://amazon-unlock-security-update.fit/verify/index.php?token=59332,1
http://80.100.192.113:8000/paypal/suspended/verification.html,1
https://apple.com/categories/electronics,0
http://google-session-expired-security-update.icu/auth/index.php?token=82653,1
https://stanford.edu/about,0
https://www.google.com/community/discussions,0
https://www.zoom.us/product/item-84920,0
http://chase.com.alert-portal.verify-service.verify-security.xyz/auth/login.php?client_id=419398,1
http://73.58.73.12/chase/confirm/verification.html,1
https://www.gitlab.com,0
https://docker.com/pricing/plans,0
http://coinbase-suspended-security-update.top/confirm/index.php?token=66051,1
https://api.microsoft.com/privacy-policy,0
http://netflix.com.unlock-portal.suspended-service.verify-security.gq/auth/login.php?client_id=600792,1
https://uber.com/about,0
https://www.linkedin.com/community/discussions,0
https://api.airbnb.com/privacy-policy,0
http://50.150.101.88/google/unlock/verification.html,1
https://instagram.com/press-release/announcement,0
https://www.mozilla.org/press-release/announcement,0
https://www.mit.edu/privacy-policy,0
http://microsoft.com.update-portal.alert-service.verify-security.live/auth/login.php?client_id=767989,1
https://www.youtube.com/careers/openings,0
https://api.udemy.com/about,0
http://legit-site.com@wellsfargo-secure-check.gq/login,1
http://www.gitlab.com/privacy-policy,0
https://www.nasa.gov/search?q=machine+learning,0
http://www.chase.com/community/discussions,0
http://paypal.com.suspended-portal.verify-service.verify-security.ml/auth/login.php?client_id=154724,1
http://google-recovery-security-update.party/session-expired/index.php?token=64401,1
https://www.pypi.org/help/faq,0
https://facebook.com/pricing/plans,0
https://stripe.com/press-release/announcement,0
http://kyc.amazon-security-update.loan/alert/index.php?token=79615,1
http://secure-bank-verify.party/webscr//cmd=login%20verify%20session,1
https://www.zoom.us/community/discussions,0
http://netflix.com.verify-portal.unlock-service.verify-security.xyz/auth/login.php?client_id=623694,1
http://51.188.248.110:8080/microsoft/login/verification.html,1
https://www.quora.com/articles/2026/cybersecurity-trends,0
http://chase.com.unlock-portal.recovery-service.verify-security.loan/auth/login.php?client_id=309436,1
https://www.yahoo.com/docs,0
https://www.bankofamerica.com/pricing/plans,0
https://www.pypi.org/events/2026-summit,0
https://www.paypal.com/dashboard/overview,0
https://www.lyft.com/docs,0
http://chase.com/product/item-84920,0
http://binance-unlock-security-update.party/alert/index.php?token=83537,1
http://verify.amazon-security-update.icu/secure/index.php?token=64008,1
http://www.edx.org/pricing/plans,0
http://binance-update-security-update.tk/recovery/index.php?token=84814,1
http://103.118.239.42/wellsfargo/verify/verification.html,1
http://148.218.180.7:3000/google/billing/verification.html,1
https://www.dropbox.com/contact,0
https://www.youtube.com/home,0
https://www.amazon.com/dashboard/overview,0
http://chase-confirm-security-update.ru/verify/index.php?token=98723,1
https://api.nasa.gov/docs,0
http://79.95.45.164/secure-bank/kyc/verification.html,1
http://171.62.44.203:8443/netflix/suspended/verification.html,1
http://mozilla.org/home,0
http://187.223.224.64:8000/coinbase/unlock/verification.html,1
https://www.bbc.co.uk/about,0
http://wellsfargo.com.alert-portal.account-service.verify-security.fit/auth/login.php?client_id=429089,1
http://suspended.secure-bank-security-update.top/recovery/index.php?token=65838,1
https://www.uber.com/events/2026-summit,0
https://w3schools.com/about,0
http://amazon.com.suspended-portal.verify-service.verify-security.tk/auth/login.php?client_id=755331,1
http://netflix.com.suspended-portal.update-service.verify-security.party/auth/login.php?client_id=904932,1
http://www.nih.gov/solutions/enterprise,0
http://confirm.microsoft-security-update.gq/verify/index.php?token=56840,1
http://156.100.234.179:8000/binance/confirm/verification.html,1
https://www.adobe.com/help/faq,0
https://salesforce.com/download/latest,0
http://amazon-auth-security-update.tk/recovery/index.php?token=47737,1
http://paypal.com.verify-portal.kyc-service.verify-security.ml/auth/login.php?client_id=472200,1
http://legit-site.com@metamask-secure-check.work/login,1
http://metamask.com.secure-portal.confirm-service.verify-security.icu/auth/login.php?client_id=547567,1
http://coinbase.com.session-expired-portal.login-service.verify-security.ml/auth/login.php?client_id=282522,1
https://twitter.com/terms-of-service,0
https://wikipedia.org/help/faq,0
http://wellsfargo-unlock-security-update.fit/kyc/index.php?token=99816,1
https://www.nodejs.org/api/v1/users,0
http://www.reddit.com/docs,0
https://www.github.com/solutions/enterprise,0
https://www.edx.org/help/faq,0
http://106.82.42.140/apple/verify/verification.html,1
https://www.facebook.com/press-release/announcement,0
http://suspended.amazon-security-update.icu/account/index.php?token=67925,1
http://73.157.110.247/metamask/account/verification.html,1
http://microsoft-account-security-update.live/account/index.php?token=85073,1
http://microsoft-login.fit/webscr//cmd=login%20verify%20session,1
https://www.developer.mozilla.org/profile/settings,0
http://104.236.56.208/coinbase/unlock/verification.html,1
https://www.python.org/categories/electronics,0
http://microsoft-update-security-update.buzz/recovery/index.php?token=26090,1
http://binance-kyc-security-update.buzz/suspended/index.php?token=53995,1
http://165.122.109.131/binance/kyc/verification.html,1
https://www.adobe.com/solutions/enterprise,0
https://python.org,0
https://www.chase.com/product/item-84920,0
http://google.com.alert-portal.session-expired-service.verify-security.gq/auth/login.php?client_id=200707,1
http://secure.amazon-security-update.ru/secure/index.php?token=74511,1
http://metamask-secure-security-update.fit/billing/index.php?token=25566,1
https://www.github.com/categories/electronics,0
https://docker.com/dashboard/overview,0
https://www.linkedin.com/api/v1/users,0
http://amazon-confirm-security-update.buzz/account/index.php?token=74272,1
http://api.mit.edu/help/faq,0
https://www.netflix.com,0
http://48.167.49.235:8443/metamask/login/verification.html,1
http://149.239.190.130:8000/apple/billing/verification.html,1
https://dropbox.com/feed,0
https://dropbox.com/help/faq,0
http://83.170.185.105/netflix/login/verification.html,1
http://api.microsoft.com/articles/2026/cybersecurity-trends,0
https://www.bbc.co.uk/community/discussions,0
http://amazon-kyc.cam/webscr//cmd=login%20verify%20session,1
https://www.salesforce.com/careers/openings,0
https://api.bitbucket.org/terms-of-service,0
https://www.wellsfargo.com/categories/electronics,0
https://yahoo.com/terms-of-service,0
http://lyft.com/community/discussions,0
http://legit-site.com@metamask-secure-check.fit/login,1
https://api.instagram.com/privacy-policy,0
http://www.cloudflare.com/blog/introducing-new-features,0
https://www.amazon.com/download/latest,0
https://www.mozilla.org/events/2026-summit,0
http://session-expired.paypal-security-update.xyz/unlock/index.php?token=53634,1
https://mit.edu/contact,0
http://bankofamerica-account-security-update.gq/confirm/index.php?token=82562,1
http://107.28.56.170/microsoft/suspended/verification.html,1
http://chase-recovery-security-update.gq/login/index.php?token=15250,1
http://wellsfargo.com.kyc-portal.login-service.verify-security.party/auth/login.php?client_id=608512,1
https://stripe.com/download/latest,0
http://137.195.220.149:8000/apple/unlock/verification.html,1
https://www.chase.com/product/item-84920,0
https://www.spotify.com/home,0
http://api.facebook.com/careers/openings,0
http://metamask.com.verify-portal.update-service.verify-security.ml/auth/login.php?client_id=496129,1
http://92.74.243.127/microsoft/suspended/verification.html,1
https://www.python.org/careers/openings,0
https://www.w3schools.com/feed,0
http://confirm.chase-security-update.gq/alert/index.php?token=95729,1
http://legit-site.com@metamask-secure-check.icu/login,1
http://mit.edu/feed,0
http://amazon-unlock-security-update.ml/update/index.php?token=91027,1
https://www.github.com/about,0
https://www.w3schools.com/explore/popular,0
http://auth.secure-bank-security-update.gq/alert/index.php?token=24131,1
https://npmjs.com/pricing/plans,0
http://paypal.com.unlock-portal.account-service.verify-security.tk/auth/login.php?client_id=667855,1
https://www.google.com/events/2026-summit,0
http://90.151.153.43/bankofamerica/confirm/verification.html,1
https://www.cloudflare.com/blog/introducing-new-features,0
http://legit-site.com@google-secure-check.xyz/login,1
http://booking.com/search?q=machine+learning,0
https://bbc.co.uk/profile/settings,0
http://secure-bank-secure.buzz/webscr//cmd=login%20verify%20session,1
http://81.106.146.190:8443/wellsfargo/login/verification.html,1
https://api.cnn.com/privacy-policy,0
https://www.python.org/product/item-84920,0
https://google.com/press-release/announcement,0
http://paypal.com.update-portal.kyc-service.verify-security.work/auth/login.php?client_id=781478,1
http://apple-secure.loan/webscr//cmd=login%20verify%20session,1
https://www.medium.com/solutions/enterprise,0
https://bbc.co.uk/home,0
http://www.nasa.gov/careers/openings,0
https://www.npmjs.com/community/discussions,0
http://bankofamerica.com.alert-portal.login-service.verify-security.cam/auth/login.php?client_id=595273,1
http://126.13.39.231/amazon/secure/verification.html,1
https://www.airbnb.com/profile/settings,0
http://unlock.chase-security-update.xyz/billing/index.php?token=62642,1
http://195.243.227.169:8080/netflix/update/verification.html,1
http://auth.paypal-security-update.buzz/unlock/index.php?token=77470,1
http://nih.gov/terms-of-service,0
https://www.dropbox.com/terms-of-service,0
https://www.adobe.com/docs,0
http://netflix.com.account-portal.account-service.verify-security.xyz/auth/login.php?client_id=411777,1
http://58.215.96.167/google/update/verification.html,1
http://netflix.com.secure-portal.session-expired-service.verify-security.loan/auth/login.php?client_id=341734,1
http://www.wellsfargo.com/press-release/announcement,0
https://nodejs.org/help/faq,0
https://instagram.com/dashboard/overview,0
https://www.udemy.com/product/item-84920,0
http://coinbase.com.auth-portal.confirm-service.verify-security.fit/auth/login.php?client_id=559891,1
https://google.com/download/latest,0
http://coinbase.com.verify-portal.recovery-service.verify-security.work/auth/login.php?client_id=485183,1
https://www.khanacademy.org/community/discussions,0
http://kyc.bankofamerica-security-update.ru/alert/index.php?token=53899,1
http://api.mit.edu/events/2026-summit,0
http://165.41.90.249/secure-bank/auth/verification.html,1
https://bankofamerica.com/docs,0
http://api.salesforce.com/privacy-policy,0
https://who.int/download/latest,0
http://84.196.131.49:8443/netflix/account/verification.html,1
https://www.ebay.com/careers/openings,0
http://verify.apple-security-update.tk/billing/index.php?token=40781,1
http://82.109.115.186:8080/secure-bank/alert/verification.html,1
http://recovery.chase-security-update.top/login/index.php?token=27759,1
https://www.khanacademy.org/dashboard/overview,0
http://bankofamerica.com.session-expired-portal.kyc-service.verify-security.icu/auth/login.php?client_id=324593,1
http://amazon-kyc-security-update.gq/verify/index.php?token=37063,1
https://www.edx.org/download/latest,0
http://www.salesforce.com/blog/introducing-new-features,0
https://www.udemy.com/privacy-policy,0
https://kubernetes.io/search?q=machine+learning,0
http://amazon-kyc-security-update.ml/confirm/index.php?token=65360,1
https://api.udemy.com/careers/openings,0
http://apple.com.session-expired-portal.secure-service.verify-security.click/auth/login.php?client_id=867173,1
http://www.bankofamerica.com/status,0
http://chase.com.auth-portal.secure-service.verify-security.click/auth/login.php?client_id=145843,1
https://www.khanacademy.org/careers/openings,0
https://www.youtube.com/categories/electronics,0
https://coursera.org/status,0
http://paypal-secure-security-update.live/billing/index.php?token=49720,1
https://www.stanford.edu/status,0
http://amazon.com.unlock-portal.kyc-service.verify-security.loan/auth/login.php?client_id=804728,1
https://www.kubernetes.io/terms-of-service,0
https://www.harvard.edu/terms-of-service,0
http://coinbase-suspended.xyz/webscr//cmd=login%20verify%20session,1
http://microsoft-recovery.gq/webscr//cmd=login%20verify%20session,1
https://zoom.us/categories/electronics,0
http://157.101.46.57:8000/metamask/login/verification.html,1
http://legit-site.com@secure-bank-secure-check.gq/login,1
https://bitbucket.org/terms-of-service,0
https://docker.com/press-release/announcement,0
http://bankofamerica-recovery-security-update.ru/alert/index.php?token=20611,1
http://netflix.com.update-portal.verify-service.verify-security.ml/auth/login.php?client_id=942377,1
http://69.181.4.176:8443/bankofamerica/alert/verification.html,1
http://binance-secure.party/webscr//cmd=login%20verify%20session,1
http://legit-site.com@secure-bank-secure-check.fit/login,1
http://recovery.bankofamerica-security-update.xyz/confirm/index.php?token=33332,1
http://173.51.3.103:3000/google/unlock/verification.html,1
https://api.medium.com,0
http://unlock.microsoft-security-update.click/kyc/index.php?token=47988,1
http://kyc.netflix-security-update.loan/login/index.php?token=85550,1
http://confirm.microsoft-security-update.gq/recovery/index.php?token=22809,1
https://chase.com/terms-of-service,0
http://chase-alert-security-update.gq/confirm/index.php?token=70129,1
http://www.adobe.com/explore/popular,0
http://paypal.com.recovery-portal.account-service.verify-security.fit/auth/login.php?client_id=381802,1
http://api.slack.com/pricing/plans,0
http://confirm.google-security-update.xyz/secure/index.php?token=64842,1
https://salesforce.com/categories/electronics,0
https://api.salesforce.com,0
http://legit-site.com@coinbase-secure-check.gq/login,1
http://api.nasa.gov/blog/introducing-new-features,0
http://metamask-confirm-security-update.xyz/billing/index.php?token=58887,1
https://edx.org/community/discussions,0
http://secure-bank.com.alert-portal.alert-service.verify-security.loan/auth/login.php?client_id=695642,1
http://unlock.google-security-update.gq/account/index.php?token=70570,1
http://unlock.amazon-security-update.loan/alert/index.php?token=12438,1
http://84.65.222.95/apple/update/verification.html,1
http://chase.com.update-portal.session-expired-service.verify-security.work/auth/login.php?client_id=722234,1
http://coinbase-account-security-update.xyz/recovery/index.php?token=18585,1
http://chase.com.session-expired-portal.confirm-service.verify-security.loan/auth/login.php?client_id=563100,1
https://www.medium.com,0
https://npmjs.com/status,0
https://www.zoom.us/categories/electronics,0
https://www.dropbox.com/dashboard/overview,0
https://api.google.com/categories/electronics,0
https://www.nodejs.org/events/2026-summit,0
https://www.nih.gov/search?q=machine+learning,0
http://alert.chase-security-update.click/verify/index.php?token=56081,1
http://108.72.123.10:8080/microsoft/unlock/verification.html,1
http://195.88.188.107:8080/secure-bank/kyc/verification.html,1
https://api.zoom.us/download/latest,0
http://169.131.194.88/binance/confirm/verification.html,1
http://155.20.229.184/secure-bank/unlock/verification.html,1
http://google-login.gq/webscr//cmd=login%20verify%20session,1
http://legit-site.com@binance-secure-check.icu/login,1
http://115.171.168.115/microsoft/login/verification.html,1
https://www.edx.org/solutions/enterprise,0
http://paypal-update.work/webscr//cmd=login%20verify%20session,1
http://paypal-recovery-security-update.tk/alert/index.php?token=30144,1
https://www.adobe.com/terms-of-service,0
https://bitbucket.org/community/discussions,0
http://99.181.229.68/chase/session-expired/verification.html,1
https://www.uber.com/categories/electronics,0
https://www.reddit.com/solutions/enterprise,0
https://mit.edu/terms-of-service,0
https://nodejs.org/press-release/announcement,0
http://163.82.34.217:8080/google/login/verification.html,1
http://binance.com.unlock-portal.secure-service.verify-security.top/auth/login.php?client_id=404293,1
http://amazon-account.xyz/webscr//cmd=login%20verify%20session,1
https://mit.edu/profile/settings,0
https://www.airbnb.com/product/item-84920,0
https://udemy.com/solutions/enterprise,0
https://cdc.gov/pricing/plans,0
https://twitter.com/home,0
http://98.248.192.103/metamask/account/verification.html,1
http://134.119.241.240:8080/amazon/unlock/verification.html,1
https://www.youtube.com/docs,0
https://www.reddit.com/product/item-84920,0
https://api.cnn.com/solutions/enterprise,0
https://www.who.int/search?q=machine+learning,0
http://56.164.39.47/google/billing/verification.html,1
http://legit-site.com@amazon-secure-check.work/login,1
http://www.npmjs.com/contact,0
http://metamask.com.recovery-portal.auth-service.verify-security.click/auth/login.php?client_id=182256,1
https://www.amazon.com/profile/settings,0
https://lyft.com/profile/settings,0
http://chase-account-security-update.gq/recovery/index.php?token=95420,1
https://www.medium.com/events/2026-summit,0
http://netflix-session-expired.ru/webscr//cmd=login%20verify%20session,1
https://www.harvard.edu/profile/settings,0
https://www.quora.com/dashboard/overview,0
http://www.wellsfargo.com/home,0
http://wellsfargo.com.secure-portal.suspended-service.verify-security.ml/auth/login.php?client_id=397025,1
http://67.137.25.118:8000/microsoft/secure/verification.html,1
https://spotify.com/community/discussions,0
http://coinbase-kyc.buzz/webscr//cmd=login%20verify%20session,1
http://binance-kyc-security-update.tk/unlock/index.php?token=57746,1
http://account.microsoft-security-update.top/billing/index.php?token=58815,1
https://apple.com/events/2026-summit,0
http://167.224.153.224/chase/login/verification.html,1
http://binance-recovery.gq/webscr//cmd=login%20verify%20session,1
http://paypal.com.update-portal.account-service.verify-security.click/auth/login.php?client_id=960623,1
http://172.85.52.40:8000/google/update/verification.html,1
https://salesforce.com/community/discussions,0
http://legit-site.com@google-secure-check.ru/login,1
https://who.int/solutions/enterprise,0
https://yahoo.com/terms-of-service,0
https://www.stackoverflow.com/contact,0
http://legit-site.com@google-secure-check.icu/login,1
http://www.wellsfargo.com/help/faq,0
http://wellsfargo-kyc.tk/webscr//cmd=login%20verify%20session,1
http://secure.microsoft-security-update.xyz/login/index.php?token=96447,1
https://docker.com/events/2026-summit,0
http://google.com.login-portal.update-service.verify-security.ru/auth/login.php?client_id=196459,1
http://account.chase-security-update.cam/recovery/index.php?token=20029,1
http://apple.com.billing-portal.verify-service.verify-security.ru/auth/login.php?client_id=313953,1
http://netflix-billing-security-update.party/recovery/index.php?token=71438,1
http://netflix-session-expired.ru/webscr//cmd=login%20verify%20session,1
https://www.yahoo.com/careers/openings,0
https://www.uber.com/product/item-84920,0
http://chase.com.verify-portal.kyc-service.verify-security.cam/auth/login.php?client_id=931122,1
http://www.python.org,0
http://169.128.18.23/bankofamerica/unlock/verification.html,1
https://www.stackoverflow.com/explore/popular,0
http://amazon-suspended.party/webscr//cmd=login%20verify%20session,1
https://instagram.com/careers/openings,0
https://www.kubernetes.io,0
http://session-expired.chase-security-update.icu/suspended/index.php?token=37815,1
http://168.21.13.82/apple/account/verification.html,1
http://bankofamerica.com.billing-portal.unlock-service.verify-security.live/auth/login.php?client_id=312429,1
https://www.instagram.com/press-release/announcement,0
https://api.developer.mozilla.org/status,0
http://107.199.170.245:3000/bankofamerica/unlock/verification.html,1
http://165.60.40.236/netflix/login/verification.html,1
https://python.org/dashboard/overview,0
http://legit-site.com@netflix-secure-check.icu/login,1
https://www.google.com/feed,0
http://metamask.com.auth-portal.kyc-service.verify-security.xyz/auth/login.php?client_id=232537,1
https://python.org/press-release/announcement,0
https://www.bitbucket.org/community/discussions,0
https://www.python.org/articles/2026/cybersecurity-trends,0
http://chase.com.billing-portal.kyc-service.verify-security.icu/auth/login.php?client_id=673236,1
http://86.138.133.188/binance/unlock/verification.html,1
http://wellsfargo-suspended.top/webscr//cmd=login%20verify%20session,1
http://apple-auth.ru/webscr//cmd=login%20verify%20session,1
https://spotify.com/categories/electronics,0
http://kyc.amazon-security-update.tk/confirm/index.php?token=35192,1
https://www.gitlab.com/terms-of-service,0
http://amazon.com.update-portal.secure-service.verify-security.tk/auth/login.php?client_id=921417,1
http://billing.wellsfargo-security-update.ml/recovery/index.php?token=62944,1
https://api.stackoverflow.com/about,0
http://paypal-update.live/webscr//cmd=login%20verify%20session,1
http://139.125.159.177/coinbase/session-expired/verification.html,1
https://www.irs.gov/product/item-84920,0
https://www.zoom.us/docs,0
https://www.stackoverflow.com/dashboard/overview,0
http://coinbase.com.verify-portal.suspended-service.verify-security.party/auth/login.php?client_id=182907,1
https://www.bitbucket.org/download/latest,0
https://paypal.com/categories/electronics,0
http://kyc.binance-security-update.cam/suspended/index.php?token=67156,1
https://www.nytimes.com/about,0
http://microsoft-login-security-update.live/verify/index.php?token=66595,1
https://www.udemy.com/explore/popular,0
https://nih.gov/press-release/announcement,0
http://irs.gov/download/latest,0
http://netflix.com.login-portal.recovery-service.verify-security.loan/auth/login.php?client_id=835928,1
http://kyc.metamask-security-update.ru/confirm/index.php?token=48769,1
https://medium.com/blog/introducing-new-features,0
http://apple-alert.tk/webscr//cmd=login%20verify%20session,1
http://amazon-suspended-security-update.live/recovery/index.php?token=88411,1
http://legit-site.com@amazon-secure-check.ml/login,1
https://cdc.gov/download/latest,0
https://api.mit.edu/docs,0
https://www.twitter.com/help/faq,0
http://coinbase-auth-security-update.buzz/secure/index.php?token=21706,1
https://nasa.gov/articles/2026/cybersecurity-trends,0
https://who.int/about,0
http://bankofamerica-unlock-security-update.gq/suspended/index.php?token=95951,1
http://126.239.13.48/paypal/login/verification.html,1
http://session-expired.wellsfargo-security-update.xyz/unlock/index.php?token=12348,1
http://99.67.199.118/bankofamerica/confirm/verification.html,1
http://bankofamerica.com.kyc-portal.verify-service.verify-security.top/auth/login.php?client_id=306954,1
http://netflix.com.secure-portal.login-service.verify-security.click/auth/login.php?client_id=938429,1
http://bankofamerica-auth-security-update.tk/login/index.php?token=91360,1
http://netflix.com.suspended-portal.auth-service.verify-security.icu/auth/login.php?client_id=606458,1
http://amazon.com.kyc-portal.account-service.verify-security.fit/auth/login.php?client_id=918107,1
https://www.github.com/articles/2026/cybersecurity-trends,0
https://www.bankofamerica.com/status,0
https://api.slack.com/home,0
http://www.cnn.com/privacy-policy,0
https://www.cloudflare.com/download/latest,0
http://microsoft.com.account-portal.session-expired-service.verify-security.loan/auth/login.php?client_id=432369,1
http://187.131.246.36:8443/apple/login/verification.html,1
http://58.76.227.202/paypal/verify/verification.html,1
http://123.94.123.41/netflix/login/verification.html,1
http://chase-update-security-update.tk/verify/index.php?token=85304,1
http://178.205.86.31/chase/auth/verification.html,1
https://stripe.com,0
https://dropbox.com/api/v1/users,0
https://www.mit.edu/events/2026-summit,0
http://www.quora.com/feed,0
http://84.212.96.217:8443/bankofamerica/session-expired/verification.html,1
http://secure-bank.com.suspended-portal.login-service.verify-security.ml/auth/login.php?client_id=738309,1
http://paypal-verify.fit/webscr//cmd=login%20verify%20session,1
http://wellsfargo.com/blog/introducing-new-features,0
https://www.wellsfargo.com/docs,0
http://secure-bank.com.unlock-portal.verify-service.verify-security.xyz/auth/login.php?client_id=688130,1
https://www.harvard.edu/help/faq,0
http://netflix.com.recovery-portal.login-service.verify-security.gq/auth/login.php?client_id=908667,1
http://binance-login.cam/webscr//cmd=login%20verify%20session,1
http://bankofamerica.com.verify-portal.suspended-service.verify-security.live/auth/login.php?client_id=607672,1
https://www.medium.com/press-release/announcement,0
https://www.chase.com,0
http://143.85.156.51:8080/metamask/secure/verification.html,1
http://coinbase-suspended-security-update.tk/secure/index.php?token=74441,1
http://google.com.confirm-portal.login-service.verify-security.click/auth/login.php?client_id=223295,1
http://secure-bank-verify-security-update.buzz/session-expired/index.php?token=47664,1
https://www.dropbox.com/download/latest,0
https://www.mozilla.org/pricing/plans,0
https://www.slack.com/search?q=machine+learning,0
http://169.11.40.198/coinbase/account/verification.html,1
http://microsoft.com.verify-portal.verify-service.verify-security.loan/auth/login.php?client_id=565371,1
https://www.stripe.com/search?q=machine+learning,0
http://kyc.apple-security-update.xyz/secure/index.php?token=36094,1
https://www.nasa.gov/terms-of-service,0
http://legit-site.com@binance-secure-check.fit/login,1
http://billing.binance-security-update.fit/alert/index.php?token=49935,1
http://recovery.metamask-security-update.ml/alert/index.php?token=34380,1
https://www.bitbucket.org/status,0
http://secure-bank-login-security-update.ru/billing/index.php?token=46943,1
https://www.quora.com/articles/2026/cybersecurity-trends,0
http://paypal-auth.click/webscr//cmd=login%20verify%20session,1
https://python.org/docs,0
http://unlock.binance-security-update.ml/update/index.php?token=70610,1
http://metamask.com.suspended-portal.billing-service.verify-security.click/auth/login.php?client_id=795634,1
http://paypal.com.login-portal.session-expired-service.verify-security.icu/auth/login.php?client_id=266911,1
http://167.33.127.48:8000/amazon/secure/verification.html,1
https://www.dropbox.com/docs,0
http://195.220.207.127/apple/billing/verification.html,1
http://legit-site.com@coinbase-secure-check.work/login,1
http://legit-site.com@apple-secure-check.loan/login,1
http://binance-kyc.buzz/webscr//cmd=login%20verify%20session,1
https://zoom.us/download/latest,0
http://bankofamerica.com.account-portal.session-expired-service.verify-security.live/auth/login.php?client_id=356068,1
https://stanford.edu/product/item-84920,0
https://www.nytimes.com/articles/2026/cybersecurity-trends,0
http://110.73.155.150/coinbase/session-expired/verification.html,1
https://www.docker.com/feed,0
http://www.cnn.com/contact,0
http://session-expired.chase-security-update.click/update/index.php?token=97135,1
https://www.yahoo.com/about,0
https://www.booking.com/home,0
http://legit-site.com@wellsfargo-secure-check.work/login,1
https://www.bitbucket.org/contact,0
https://api.paypal.com/press-release/announcement,0
http://98.178.230.32/chase/session-expired/verification.html,1
https://www.who.int/solutions/enterprise,0
https://api.wikipedia.org/dashboard/overview,0
http://99.48.102.130/google/billing/verification.html,1
https://www.irs.gov/api/v1/users,0
https://api.slack.com/help/faq,0
http://legit-site.com@secure-bank-secure-check.top/login,1
https://api.bitbucket.org/explore/popular,0
https://www.salesforce.com/product/item-84920,0
https://cnn.com/status,0
http://amazon-secure-security-update.cam/recovery/index.php?token=87003,1
http://coinbase.com.alert-portal.confirm-service.verify-security.fit/auth/login.php?client_id=703618,1
http://google-secure-security-update.ml/auth/index.php?token=42079,1
https://www.apple.com/status,0
http://145.53.20.173:8000/secure-bank/login/verification.html,1
https://www.paypal.com/pricing/plans,0
http://paypal.com.kyc-portal.session-expired-service.verify-security.loan/auth/login.php?client_id=734254,1
http://104.64.28.93/microsoft/secure/verification.html,1
http://alert.chase-security-update.ru/account/index.php?token=47767,1
https://www.nytimes.com/explore/popular,0
http://123.228.233.178/netflix/secure/verification.html,1
https://www.quora.com,0
https://www.facebook.com/about,0
https://www.stripe.com/pricing/plans,0
http://verify.netflix-security-update.ru/billing/index.php?token=54606,1
https://www.uber.com/feed,0
https://dropbox.com/pricing/plans,0
https://npmjs.com/press-release/announcement,0
https://paypal.com/contact,0
http://apple-billing-security-update.ru/session-expired/index.php?token=60917,1
http://alert.chase-security-update.loan/alert/index.php?token=39908,1
http://147.58.18.73:8080/google/secure/verification.html,1
https://www.ebay.com/privacy-policy,0
https://api.wikipedia.org/categories/electronics,0
http://legit-site.com@wellsfargo-secure-check.work/login,1
http://netflix-recovery.work/webscr//cmd=login%20verify%20session,1
http://73.125.146.210/netflix/secure/verification.html,1
https://cnn.com/search?q=machine+learning,0
https://api.harvard.edu/status,0
http://microsoft.com.kyc-portal.session-expired-service.verify-security.party/auth/login.php?client_id=248857,1
https://developer.mozilla.org/blog/introducing-new-features,0
http://154.203.63.160/apple/login/verification.html,1
http://metamask-auth-security-update.cam/account/index.php?token=90837,1
https://docker.com/status,0
https://www.reddit.com/search?q=machine+learning,0
http://wellsfargo.com.update-portal.update-service.verify-security.icu/auth/login.php?client_id=269963,1
https://npmjs.com/feed,0
https://irs.gov/status,0
https://kubernetes.io/docs,0
http://legit-site.com@microsoft-secure-check.loan/login,1
https://api.spotify.com/profile/settings,0
https://mozilla.org/feed,0
http://billing.wellsfargo-security-update.click/alert/index.php?token=80772,1
http://legit-site.com@coinbase-secure-check.loan/login,1
http://212.239.57.78:3000/netflix/billing/verification.html,1
https://quora.com/product/item-84920,0
http://google.com.secure-portal.unlock-service.verify-security.gq/auth/login.php?client_id=658358,1
https://who.int/api/v1/users,0
http://secure-bank.com.recovery-portal.recovery-service.verify-security.icu/auth/login.php?client_id=975564,1
http://152.133.122.139/metamask/alert/verification.html,1
https://www.nih.gov/pricing/plans,0
http://legit-site.com@apple-secure-check.work/login,1
http://wellsfargo-login-security-update.gq/kyc/index.php?token=42329,1
http://google-unlock.fit/webscr//cmd=login%20verify%20session,1
https://netflix.com/profile/settings,0
http://legit-site.com@apple-secure-check.gq/login,1
http://chase-billing.cam/webscr//cmd=login%20verify%20session,1
http://netflix-verify-security-update.tk/verify/index.php?token=18853,1
http://amazon.com.auth-portal.update-service.verify-security.ml/auth/login.php?client_id=446215,1
https://www.stackoverflow.com/events/2026-summit,0
http://165.115.185.88:8080/amazon/alert/verification.html,1
http://secure-bank-login-security-update.buzz/login/index.php?token=51144,1
https://api.npmjs.com/about,0
http://google-billing.xyz/webscr//cmd=login%20verify%20session,1
http://microsoft-kyc.buzz/webscr//cmd=login%20verify%20session,1
http://session-expired.apple-security-update.loan/unlock/index.php?token=28660,1
http://metamask.com.alert-portal.kyc-service.verify-security.gq/auth/login.php?client_id=121133,1
http://www.nodejs.org/download/latest,0
http://88.218.126.2:3000/apple/verify/verification.html,1
http://210.190.201.191:8000/google/login/verification.html,1
http://billing.microsoft-security-update.party/secure/index.php?token=65542,1
https://www.ebay.com/press-release/announcement,0
https://api.microsoft.com/about,0
http://bankofamerica-kyc.tk/webscr//cmd=login%20verify%20session,1
http://coinbase-auth-security-update.fit/kyc/index.php?token=95033,1
https://www.microsoft.com/download/latest,0
https://www.spotify.com/search?q=machine+learning,0
https://www.linkedin.com/dashboard/overview,0
https://api.w3schools.com/explore/popular,0
https://cloudflare.com/terms-of-service,0
http://google-auth-security-update.xyz/verify/index.php?token=12277,1
https://www.nytimes.com/careers/openings,0
https://www.yahoo.com/community/discussions,0
https://www.wellsfargo.com,0
http://netflix.com.unlock-portal.account-service.verify-security.top/auth/login.php?client_id=200638,1
http://153.183.131.240/metamask/secure/verification.html,1
https://www.github.com/blog/introducing-new-features,0
https://www.github.com/events/2026-summit,0
https://yahoo.com/pricing/plans,0
http://netflix-session-expired-security-update.ml/verify/index.php?token=72347,1
http://www.nytimes.com/community/discussions,0
http://95.22.206.128:3000/amazon/login/verification.html,1
https://www.developer.mozilla.org/about,0
http://update.secure-bank-security-update.loan/update/index.php?token=59054,1
http://apple-suspended-security-update.ru/verify/index.php?token=33678,1
https://www.uber.com/articles/2026/cybersecurity-trends,0
http://www.coursera.org/community/discussions,0
https://api.wikipedia.org/product/item-84920,0
http://secure-bank.com.auth-portal.verify-service.verify-security.tk/auth/login.php?client_id=623142,1
http://unlock.microsoft-security-update.ml/unlock/index.php?token=28423,1
https://www.docker.com/product/item-84920,0
https://api.kubernetes.io/contact,0
https://www.lyft.com/search?q=machine+learning,0
http://secure-bank-kyc.click/webscr//cmd=login%20verify%20session,1
https://www.medium.com/categories/electronics,0
http://legit-site.com@metamask-secure-check.xyz/login,1
http://spotify.com/help/faq,0
http://google-suspended-security-update.tk/billing/index.php?token=68077,1
http://coinbase-suspended-security-update.click/unlock/index.php?token=69338,1
https://www.harvard.edu/help/faq,0
http://legit-site.com@wellsfargo-secure-check.fit/login,1
http://bankofamerica-recovery-security-update.tk/alert/index.php?token=78387,1
http://wellsfargo.com.secure-portal.login-service.verify-security.fit/auth/login.php?client_id=736450,1
http://paypal-unlock.top/webscr//cmd=login%20verify%20session,1
http://apple-kyc.ml/webscr//cmd=login%20verify%20session,1
https://bbc.co.uk/help/faq,0
http://chase-recovery-security-update.tk/verify/index.php?token=67037,1
http://124.51.227.47:8080/google/unlock/verification.html,1
https://www.paypal.com/profile/settings,0
https://www.wikipedia.org/events/2026-summit,0
https://w3schools.com/profile/settings,0
https://api.apple.com/privacy-policy,0
https://www.irs.gov/solutions/enterprise,0
https://api.salesforce.com/categories/electronics,0
http://wellsfargo.com.billing-portal.update-service.verify-security.work/auth/login.php?client_id=839513,1
https://python.org/home,0
http://www.lyft.com/contact,0
https://amazon.com/contact,0
http://legit-site.com@wellsfargo-secure-check.buzz/login,1
https://instagram.com/download/latest,0
http://97.70.130.22/google/kyc/verification.html,1
https://www.mozilla.org/community/discussions,0
https://www.nih.gov/feed,0
http://secure-bank.com.confirm-portal.verify-service.verify-security.party/auth/login.php?client_id=838963,1
https://api.uber.com/pricing/plans,0
http://108.183.156.109/metamask/auth/verification.html,1
https://w3schools.com/explore/popular,0
http://paypal.com.account-portal.account-service.verify-security.loan/auth/login.php?client_id=325555,1
https://booking.com/careers/openings,0
http://bankofamerica.com.confirm-portal.billing-service.verify-security.xyz/auth/login.php?client_id=282973,1
https://www.facebook.com/search?q=machine+learning,0
https://www.pypi.org/categories/electronics,0
https://www.booking.com/pricing/plans,0
https://www.microsoft.com/download/latest,0
http://125.136.157.14:3000/google/account/verification.html,1
https://wellsfargo.com/blog/introducing-new-features,0
http://secure-bank-login-security-update.ru/auth/index.php?token=93724,1
http://132.90.210.63/microsoft/unlock/verification.html,1
https://www.youtube.com/press-release/announcement,0
http://65.86.224.184/amazon/session-expired/verification.html,1
https://www.who.int/product/item-84920,0
http://www.adobe.com/press-release/announcement,0
http://coinbase.com.billing-portal.session-expired-service.verify-security.work/auth/login.php?client_id=708059,1
http://www.paypal.com/product/item-84920,0
https://api.edx.org/explore/popular,0
http://bankofamerica.com.unlock-portal.kyc-service.verify-security.fit/auth/login.php?client_id=591130,1
http://83.205.47.122:8443/metamask/secure/verification.html,1
https://api.facebook.com/api/v1/users,0
https://www.facebook.com/categories/electronics,0
https://www.dropbox.com/status,0
https://www.wikipedia.org/contact,0
https://www.bitbucket.org/community/discussions,0
http://api.twitter.com/careers/openings,0
https://www.yahoo.com/product/item-84920,0
http://paypal-update.ml/webscr//cmd=login%20verify%20session,1
http://142.177.66.224:8000/coinbase/unlock/verification.html,1
https://www.booking.com/community/discussions,0
http://48.96.211.51/coinbase/unlock/verification.html,1
https://www.linkedin.com/pricing/plans,0
https://api.nytimes.com/solutions/enterprise,0
http://coinbase-secure-security-update.gq/kyc/index.php?token=42457,1
http://51.164.32.224:8000/bankofamerica/account/verification.html,1
https://www.irs.gov/profile/settings,0
http://google.com.alert-portal.auth-service.verify-security.gq/auth/login.php?client_id=518045,1
https://www.medium.com/careers/openings,0
http://coinbase.com.billing-portal.auth-service.verify-security.ru/auth/login.php?client_id=972837,1
https://www.google.com/product/item-84920,0
http://gitlab.com/home,0
http://auth.secure-bank-security-update.live/session-expired/index.php?token=39423,1
https://wellsfargo.com/blog/introducing-new-features,0
http://71.92.221.178/metamask/confirm/verification.html,1
https://api.nodejs.org/about,0
http://google.com.secure-portal.unlock-service.verify-security.tk/auth/login.php?client_id=293785,1
http://binance-confirm-security-update.gq/account/index.php?token=27332,1
http://legit-site.com@wellsfargo-secure-check.buzz/login,1
https://api.yahoo.com/terms-of-service,0
https://api.wellsfargo.com/download/latest,0
http://150.205.142.33:8443/microsoft/verify/verification.html,1
http://legit-site.com@apple-secure-check.tk/login,1
http://amazon.com.billing-portal.secure-service.verify-security.buzz/auth/login.php?client_id=575895,1
https://www.udemy.com/product/item-84920,0
http://legit-site.com@bankofamerica-secure-check.buzz/login,1
https://www.wikipedia.org/search?q=machine+learning,0
http://wellsfargo-account.tk/webscr//cmd=login%20verify%20session,1
http://paypal.com.auth-portal.login-service.verify-security.fit/auth/login.php?client_id=603534,1
https://mit.edu/docs,0
https://cnn.com/press-release/announcement,0
https://www.paypal.com/feed,0
https://api.slack.com/articles/2026/cybersecurity-trends,0
http://151.182.62.3/google/login/verification.html,1
http://wellsfargo-billing.click/webscr//cmd=login%20verify%20session,1
http://microsoft.com.account-portal.kyc-service.verify-security.fit/auth/login.php?client_id=642985,1
http://www.linkedin.com/profile/settings,0
http://netflix-kyc-security-update.work/update/index.php?token=41328,1
https://www.developer.mozilla.org/status,0
https://www.chase.com/blog/introducing-new-features,0
http://chase.com.billing-portal.kyc-service.verify-security.buzz/auth/login.php?client_id=596889,1
https://wikipedia.org/terms-of-service,0
https://www.spotify.com/careers/openings,0
http://chase-kyc-security-update.buzz/auth/index.php?token=86501,1
https://www.bbc.co.uk/explore/popular,0
http://bankofamerica.com.account-portal.suspended-service.verify-security.cam/auth/login.php?client_id=513769,1
http://coinbase.com.billing-portal.auth-service.verify-security.ml/auth/login.php?client_id=652501,1
http://coinbase-session-expired.work/webscr//cmd=login%20verify%20session,1
http://recovery.wellsfargo-security-update.gq/recovery/index.php?token=65382,1
http://www.reddit.com/press-release/announcement,0
http://suspended.microsoft-security-update.gq/update/index.php?token=62870,1
http://session-expired.binance-security-update.xyz/confirm/index.php?token=84942,1
http://legit-site.com@apple-secure-check.ml/login,1
https://www.stanford.edu/help/faq,0
https://www.ebay.com/status,0
http://66.106.32.72/apple/suspended/verification.html,1
https://api.bankofamerica.com/download/latest,0
http://64.195.171.150/binance/secure/verification.html,1
https://www.reddit.com/about,0
https://www.bankofamerica.com/api/v1/users,0
https://kubernetes.io/pricing/plans,0
http://secure-bank.com.billing-portal.kyc-service.verify-security.xyz/auth/login.php?client_id=574239,1
https://www.nytimes.com/articles/2026/cybersecurity-trends,0
https://www.khanacademy.org/categories/electronics,0
http://196.42.67.4:8000/coinbase/billing/verification.html,1
http://www.stanford.edu/privacy-policy,0
http://legit-site.com@netflix-secure-check.fit/login,1
http://login.chase-security-update.click/auth/index.php?token=71228,1
http://118.38.40.17:8000/coinbase/login/verification.html,1
http://97.194.125.112/amazon/confirm/verification.html,1
http://binance-update.loan/webscr//cmd=login%20verify%20session,1
http://chase-recovery.live/webscr//cmd=login%20verify%20session,1
http://45.34.48.130/metamask/recovery/verification.html,1
http://122.239.79.130/apple/kyc/verification.html,1
http://47.162.91.250/amazon/recovery/verification.html,1
http://legit-site.com@bankofamerica-secure-check.xyz/login,1
http://billing.coinbase-security-update.fit/account/index.php?token=91376,1
http://www.youtube.com/docs,0
http://www.stripe.com/press-release/announcement,0
https://www.google.com/blog/introducing-new-features,0
https://www.bbc.co.uk/privacy-policy,0
http://amazon-session-expired.gq/webscr//cmd=login%20verify%20session,1
http://legit-site.com@netflix-secure-check.ru/login,1
http://legit-site.com@google-secure-check.fit/login,1
https://www.github.com/solutions/enterprise,0
http://51.160.204.99:8080/amazon/recovery/verification.html,1
http://nodejs.org/about,0
http://apple.com.kyc-portal.update-service.verify-security.work/auth/login.php?client_id=868394,1
http://netflix-account-security-update.buzz/recovery/index.php?token=16674,1
https://www.gitlab.com/docs,0
http://legit-site.com@microsoft-secure-check.live/login,1
http://google-confirm-security-update.buzz/suspended/index.php?token=18444,1
https://www.pypi.org/blog/introducing-new-features,0
https://www.zoom.us/explore/popular,0
http://wellsfargo.com.secure-portal.update-service.verify-security.live/auth/login.php?client_id=193020,1
http://metamask.com.kyc-portal.session-expired-service.verify-security.ml/auth/login.php?client_id=241913,1
http://binance.com.login-portal.verify-service.verify-security.cam/auth/login.php?client_id=321752,1
http://coinbase.com.verify-portal.update-service.verify-security.tk/auth/login.php?client_id=949355,1
http://145.195.92.251:8443/chase/kyc/verification.html,1
http://52.168.182.141/apple/recovery/verification.html,1
http://www.stanford.edu/help/faq,0
https://www.adobe.com,0
http://legit-site.com@binance-secure-check.work/login,1
http://legit-site.com@chase-secure-check.xyz/login,1
http://68.33.7.113:8000/paypal/unlock/verification.html,1
https://stackoverflow.com/status,0
https://www.wellsfargo.com/home,0
http://microsoft.com.secure-portal.recovery-service.verify-security.loan/auth/login.php?client_id=693047,1
https://www.netflix.com/search?q=machine+learning,0
https://bbc.co.uk/dashboard/overview,0
http://legit-site.com@coinbase-secure-check.top/login,1
http://49.165.26.47/wellsfargo/verify/verification.html,1
http://wellsfargo.com.session-expired-portal.verify-service.verify-security.tk/auth/login.php?client_id=392649,1
https://www.medium.com/explore/popular,0
http://200.147.131.55:8080/metamask/verify/verification.html,1
http://legit-site.com@metamask-secure-check.fit/login,1
http://wellsfargo.com.alert-portal.session-expired-service.verify-security.ml/auth/login.php?client_id=338818,1
https://www.salesforce.com/articles/2026/cybersecurity-trends,0
http://paypal-verify-security-update.tk/suspended/index.php?token=28664,1
http://196.249.49.192/apple/recovery/verification.html,1
http://158.188.13.216/coinbase/alert/verification.html,1
https://uber.com/home,0
https://www.harvard.edu/download/latest,0
http://www.docker.com/press-release/announcement,0
http://bankofamerica-suspended-security-update.buzz/alert/index.php?token=12316,1
https://www.stripe.com/api/v1/users,0
http://bankofamerica-update-security-update.work/auth/index.php?token=72447,1
http://202.163.140.3:8080/chase/billing/verification.html,1
http://paypal.com.confirm-portal.verify-service.verify-security.work/auth/login.php?client_id=684829,1
https://www.microsoft.com/dashboard/overview,0
http://coinbase.com.billing-portal.billing-service.verify-security.work/auth/login.php?client_id=432335,1
http://wellsfargo.com.session-expired-portal.account-service.verify-security.gq/auth/login.php?client_id=837435,1
http://apple.com/status,0
https://yahoo.com/profile/settings,0
http://paypal.com.auth-portal.kyc-service.verify-security.gq/auth/login.php?client_id=490843,1
https://www.nytimes.com/press-release/announcement,0
https://www.who.int/press-release/announcement,0
http://alert.amazon-security-update.icu/suspended/index.php?token=15322,1
https://edx.org,0
https://irs.gov/articles/2026/cybersecurity-trends,0
http://91.11.143.116/secure-bank/suspended/verification.html,1
http://76.146.29.177/bankofamerica/confirm/verification.html,1
http://131.175.5.19:3000/amazon/verify/verification.html,1
http://146.135.78.178:3000/binance/secure/verification.html,1
https://api.cdc.gov/articles/2026/cybersecurity-trends,0
https://reddit.com/categories/electronics,0
http://113.151.31.45/netflix/login/verification.html,1
https://amazon.com/product/item-84920,0
http://200.236.207.222/coinbase/verify/verification.html,1
https://www.stanford.edu/articles/2026/cybersecurity-trends,0
http://suspended.amazon-security-update.gq/login/index.php?token=20722,1
http://142.140.164.191/netflix/billing/verification.html,1
http://login.bankofamerica-security-update.xyz/billing/index.php?token=25474,1
http://kyc.microsoft-security-update.icu/verify/index.php?token=15253,1
http://login.microsoft-security-update.gq/verify/index.php?token=91151,1
https://booking.com/feed,0
https://cdc.gov/help/faq,0
https://www.nytimes.com/download/latest,0
http://www.python.org/categories/electronics,0
http://microsoft-secure-security-update.loan/session-expired/index.php?token=90341,1
https://www.google.com/categories/electronics,0
https://www.instagram.com/download/latest,0
http://apple-update.work/webscr//cmd=login%20verify%20session,1
http://microsoft.com.unlock-portal.session-expired-service.verify-security.tk/auth/login.php?client_id=152326,1
https://www.adobe.com/download/latest,0
https://adobe.com/dashboard/overview,0
http://metamask-recovery-security-update.ml/unlock/index.php?token=73950,1
http://metamask-verify-security-update.work/alert/index.php?token=90594,1
http://153.133.178.251:8443/google/recovery/verification.html,1
http://paypal.com.unlock-portal.unlock-service.verify-security.tk/auth/login.php?client_id=357859,1
http://211.98.162.156/microsoft/suspended/verification.html,1
http://wellsfargo-verify.icu/webscr//cmd=login%20verify%20session,1
http://login.wellsfargo-security-update.cam/account/index.php?token=39607,1
http://irs.gov/feed,0
https://api.w3schools.com/solutions/enterprise,0
https://www.nasa.gov/careers/openings,0
https://www.airbnb.com/events/2026-summit,0
https://api.stanford.edu/feed,0
http://secure-bank.com.verify-portal.kyc-service.verify-security.icu/auth/login.php?client_id=430102,1
https://www.nodejs.org/terms-of-service,0
https://microsoft.com/help/faq,0
https://mozilla.org/pricing/plans,0
http://microsoft.com.auth-portal.account-service.verify-security.cam/auth/login.php?client_id=132670,1
http://secure-bank.com.account-portal.login-service.verify-security.work/auth/login.php?client_id=142942,1
https://www.udemy.com/events/2026-summit,0
https://www.w3schools.com/events/2026-summit,0
https://www.kubernetes.io/terms-of-service,0
https://www.slack.com/press-release/announcement,0
http://api.quora.com/dashboard/overview,0
http://google.com.account-portal.confirm-service.verify-security.xyz/auth/login.php?client_id=333049,1
https://www.edx.org/categories/electronics,0
https://www.cnn.com/status,0
https://api.khanacademy.org/docs,0
http://login.amazon-security-update.ru/secure/index.php?token=60579,1
http://76.155.125.12/microsoft/session-expired/verification.html,1
http://netflix-suspended.work/webscr//cmd=login%20verify%20session,1
https://www.mit.edu,0
http://microsoft.com.update-portal.confirm-service.verify-security.buzz/auth/login.php?client_id=710990,1
https://www.google.com/dashboard/overview,0
http://binance.com.kyc-portal.update-service.verify-security.xyz/auth/login.php?client_id=170403,1
http://chase-session-expired.top/webscr//cmd=login%20verify%20session,1
http://google.com.verify-portal.alert-service.verify-security.top/auth/login.php?client_id=745092,1
http://coinbase.com.login-portal.update-service.verify-security.work/auth/login.php?client_id=176453,1
http://binance.com.unlock-portal.auth-service.verify-security.loan/auth/login.php?client_id=292279,1
https://api.linkedin.com/events/2026-summit,0
http://secure-bank.com.auth-portal.login-service.verify-security.top/auth/login.php?client_id=396841,1
https://www.linkedin.com/terms-of-service,0
http://login.wellsfargo-security-update.top/billing/index.php?token=49967,1
http://132.200.103.221/netflix/confirm/verification.html,1
https://www.airbnb.com/feed,0
https://www.edx.org/community/discussions,0
https://slack.com/contact,0
http://wellsfargo.com.kyc-portal.billing-service.verify-security.ru/auth/login.php?client_id=228710,1
https://www.bankofamerica.com/community/discussions,0
http://coinbase-alert.click/webscr//cmd=login%20verify%20session,1
https://www.google.com/help/faq,0
https://microsoft.com/api/v1/users,0
http://microsoft-kyc-security-update.loan/suspended/index.php?token=74853,1
http://confirm.microsoft-security-update.gq/session-expired/index.php?token=99151,1
https://mit.edu/pricing/plans,0
https://www.youtube.com/events/2026-summit,0
https://www.apple.com/blog/introducing-new-features,0
https://www.twitter.com/dashboard/overview,0
https://zoom.us/events/2026-summit,0
http://www.edx.org/home,0
https://nodejs.org/contact,0
https://cnn.com/profile/settings,0
https://www.harvard.edu/status,0
https://www.salesforce.com/press-release/announcement,0
https://www.nytimes.com/api/v1/users,0
http://session-expired.apple-security-update.icu/secure/index.php?token=18698,1
http://metamask.com.billing-portal.billing-service.verify-security.ru/auth/login.php?client_id=500984,1
http://unlock.coinbase-security-update.tk/verify/index.php?token=13148,1
http://confirm.apple-security-update.click/kyc/index.php?token=69637,1
http://www.edx.org/feed,0
https://www.docker.com/community/discussions,0
https://www.amazon.com/dashboard/overview,0
http://77.91.221.39:3000/secure-bank/recovery/verification.html,1
http://amazon.com.secure-portal.update-service.verify-security.ml/auth/login.php?client_id=808502,1
http://138.108.250.117/binance/billing/verification.html,1
https://www.amazon.com,0
https://booking.com/download/latest,0
https://www.chase.com/docs,0
https://www.linkedin.com/privacy-policy,0
http://alert.paypal-security-update.cam/billing/index.php?token=49838,1
http://binance.com.recovery-portal.suspended-service.verify-security.xyz/auth/login.php?client_id=464218,1
http://coinbase.com.session-expired-portal.session-expired-service.verify-security.buzz/auth/login.php?client_id=470498,1
http://billing.netflix-security-update.xyz/recovery/index.php?token=85777,1
http://bankofamerica-session-expired.xyz/webscr//cmd=login%20verify%20session,1
https://nih.gov/feed,0
http://198.80.179.249/chase/account/verification.html,1
https://www.paypal.com/download/latest,0
https://www.facebook.com/download/latest,0
http://apple.com.account-portal.unlock-service.verify-security.cam/auth/login.php?client_id=594299,1
https://apple.com/blog/introducing-new-features,0
http://microsoft.com.confirm-portal.update-service.verify-security.loan/auth/login.php?client_id=868956,1
https://www.cloudflare.com/profile/settings,0
http://alert.secure-bank-security-update.loan/kyc/index.php?token=86933,1
http://mozilla.org/articles/2026/cybersecurity-trends,0
https://www.amazon.com/solutions/enterprise,0
https://udemy.com/terms-of-service,0
http://legit-site.com@chase-secure-check.party/login,1
http://105.132.125.174/secure-bank/verify/verification.html,1
https://youtube.com/about,0
https://www.netflix.com/about,0
http://coinbase-login-security-update.gq/secure/index.php?token=52854,1
https://www.cloudflare.com/status,0
http://api.netflix.com/terms-of-service,0
https://api.nytimes.com/careers/openings,0
http://154.95.6.47/wellsfargo/verify/verification.html,1
https://www.wellsfargo.com/press-release/announcement,0
https://api.kubernetes.io/home,0
https://www.facebook.com/product/item-84920,0
http://bankofamerica.com.session-expired-portal.kyc-service.verify-security.fit/auth/login.php?client_id=894133,1
https://api.edx.org/pricing/plans,0
https://airbnb.com/press-release/announcement,0
http://netflix.com.auth-portal.verify-service.verify-security.tk/auth/login.php?client_id=958706,1
http://coinbase.com.account-portal.alert-service.verify-security.live/auth/login.php?client_id=949618,1
http://google.com.billing-portal.account-service.verify-security.work/auth/login.php?client_id=398239,1
http://amazon-verify-security-update.cam/auth/index.php?token=55451,1
http://google-billing.party/webscr//cmd=login%20verify%20session,1
https://irs.gov/download/latest,0
http://kyc.netflix-security-update.party/login/index.php?token=56900,1
https://www.coursera.org/api/v1/users,0
http://bankofamerica-confirm.live/webscr//cmd=login%20verify%20session,1
http://91.217.195.51/wellsfargo/session-expired/verification.html,1
http://196.56.99.125/coinbase/kyc/verification.html,1
http://210.117.175.195:8000/google/suspended/verification.html,1
https://www.microsoft.com/solutions/enterprise,0
http://binance.com.alert-portal.confirm-service.verify-security.ml/auth/login.php?client_id=367124,1
https://www.linkedin.com/solutions/enterprise,0
http://paypal.com.suspended-portal.kyc-service.verify-security.buzz/auth/login.php?client_id=751721,1
http://legit-site.com@coinbase-secure-check.fit/login,1
https://www.quora.com/blog/introducing-new-features,0
http://52.39.47.209:8443/microsoft/confirm/verification.html,1
http://google.com.session-expired-portal.confirm-service.verify-security.party/auth/login.php?client_id=864649,1
http://102.24.192.37:3000/apple/kyc/verification.html,1
http://105.19.49.38:8000/wellsfargo/session-expired/verification.html,1
https://www.apple.com/careers/openings,0
http://secure-bank.com.verify-portal.update-service.verify-security.click/auth/login.php?client_id=617255,1
http://legit-site.com@paypal-secure-check.fit/login,1
http://bankofamerica.com/api/v1/users,0
http://confirm.metamask-security-update.top/session-expired/index.php?token=26662,1
http://www.cnn.com/community/discussions,0
https://www.who.int/categories/electronics,0
http://billing.apple-security-update.gq/confirm/index.php?token=96619,1
http://coinbase.com.auth-portal.confirm-service.verify-security.work/auth/login.php?client_id=735271,1
http://auth.chase-security-update.fit/account/index.php?token=83726,1
http://163.238.159.219/amazon/login/verification.html,1
http://kyc.amazon-security-update.party/login/index.php?token=94094,1
http://www.cnn.com/events/2026-summit,0
http://98.218.152.196:8443/bankofamerica/billing/verification.html,1
https://ebay.com/blog/introducing-new-features,0
http://suspended.apple-security-update.cam/billing/index.php?token=57352,1
http://193.34.10.57/metamask/update/verification.html,1
https://www.khanacademy.org/profile/settings,0
http://207.188.166.51/metamask/suspended/verification.html,1
https://who.int/docs,0
https://cdc.gov/home,0
https://developer.mozilla.org/status,0
http://bankofamerica-auth-security-update.click/auth/index.php?token=50172,1
https://www.nih.gov/help/faq,0
https://nodejs.org/categories/electronics,0
https://www.nytimes.com/careers/openings,0
http://67.58.186.232:8080/secure-bank/suspended/verification.html,1
http://secure-bank.com.suspended-portal.billing-service.verify-security.icu/auth/login.php?client_id=918805,1
https://cloudflare.com/blog/introducing-new-features,0
http://82.63.56.207:8080/metamask/update/verification.html,1
https://www.mozilla.org/help/faq,0
http://apple.com.recovery-portal.confirm-service.verify-security.tk/auth/login.php?client_id=708738,1
http://140.242.62.53/apple/login/verification.html,1
http://apple-confirm-security-update.cam/suspended/index.php?token=23902,1
https://api.stackoverflow.com/events/2026-summit,0
http://chase-auth.top/webscr//cmd=login%20verify%20session,1
https://api.pypi.org/press-release/announcement,0
https://www.w3schools.com/api/v1/users,0
http://99.23.55.224:8443/paypal/alert/verification.html,1
http://legit-site.com@metamask-secure-check.live/login,1
http://suspended.coinbase-security-update.buzz/suspended/index.php?token=36462,1
http://legit-site.com@bankofamerica-secure-check.icu/login,1
http://billing.binance-security-update.party/billing/index.php?token=44562,1
http://amazon.com.session-expired-portal.unlock-service.verify-security.cam/auth/login.php?client_id=229180,1
http://microsoft-kyc-security-update.icu/unlock/index.php?token=49669,1
http://netflix-auth-security-update.cam/suspended/index.php?token=17346,1
https://www.cnn.com/product/item-84920,0
http://amazon-secure-security-update.top/alert/index.php?token=15932,1
https://www.medium.com/explore/popular,0
https://facebook.com/terms-of-service,0
https://www.stanford.edu/terms-of-service,0
http://58.246.222.200/chase/session-expired/verification.html,1
https://www.mozilla.org/terms-of-service,0
https://www.coursera.org/status,0
http://amazon.com.session-expired-portal.secure-service.verify-security.icu/auth/login.php?client_id=620855,1
https://cloudflare.com/download/latest,0
http://kyc.amazon-security-update.buzz/alert/index.php?token=59271,1
http://113.170.140.33/paypal/session-expired/verification.html,1
http://update.metamask-security-update.top/account/index.php?token=20302,1
http://47.203.233.81/netflix/billing/verification.html,1
https://www.wikipedia.org/solutions/enterprise,0
https://coursera.org/contact,0
http://binance-account-security-update.loan/auth/index.php?token=39428,1
http://amazon-unlock.gq/webscr//cmd=login%20verify%20session,1
http://coinbase-alert-security-update.click/secure/index.php?token=68455,1
http://140.108.126.80/coinbase/recovery/verification.html,1
https://www.bbc.co.uk/api/v1/users,0
http://wellsfargo-recovery-security-update.ru/session-expired/index.php?token=45956,1
http://google-billing.top/webscr//cmd=login%20verify%20session,1
https://api.netflix.com/careers/openings,0
http://80.85.118.38/bankofamerica/confirm/verification.html,1
http://apple.com.unlock-portal.account-service.verify-security.fit/auth/login.php?client_id=250755,1
http://68.213.178.87:8080/netflix/recovery/verification.html,1
http://google.com.kyc-portal.account-service.verify-security.cam/auth/login.php?client_id=498763,1
https://yahoo.com/help/faq,0
http://bankofamerica-login-security-update.fit/login/index.php?token=56798,1
https://www.cdc.gov/docs,0
https://www.irs.gov/solutions/enterprise,0
http://legit-site.com@bankofamerica-secure-check.cam/login,1
http://183.23.233.236:8000/coinbase/update/verification.html,1
http://legit-site.com@apple-secure-check.ru/login,1
http://netflix-verify-security-update.icu/recovery/index.php?token=25812,1
http://binance-update.cam/webscr//cmd=login%20verify%20session,1
https://www.stripe.com/careers/openings,0
http://www.udemy.com/profile/settings,0
http://apple-secure-security-update.gq/billing/index.php?token=94550,1
https://www.adobe.com/careers/openings,0
https://www.microsoft.com/docs,0
http://verify.google-security-update.work/alert/index.php?token=26749,1
http://legit-site.com@amazon-secure-check.top/login,1
http://coinbase.com.verify-portal.unlock-service.verify-security.xyz/auth/login.php?client_id=180088,1
https://www.stanford.edu/download/latest,0
http://recovery.metamask-security-update.click/session-expired/index.php?token=86751,1
https://www.paypal.com/about,0
http://legit-site.com@microsoft-secure-check.fit/login,1
http://81.28.110.64:8080/amazon/unlock/verification.html,1
https://nytimes.com/careers/openings,0
http://apple-suspended-security-update.gq/suspended/index.php?token=31538,1
https://cdc.gov/feed,0
http://161.115.106.92/microsoft/session-expired/verification.html,1
http://75.41.116.45/binance/suspended/verification.html,1
http://binance-secure-security-update.party/alert/index.php?token=90154,1
https://www.linkedin.com/community/discussions,0
http://legit-site.com@microsoft-secure-check.tk/login,1
http://apple-billing-security-update.xyz/suspended/index.php?token=64732,1
http://174.82.69.227/coinbase/account/verification.html,1
http://coinbase.com.session-expired-portal.billing-service.verify-security.ru/auth/login.php?client_id=528459,1
https://paypal.com/profile/settings,0
https://www.who.int/search?q=machine+learning,0
http://bankofamerica-login-security-update.gq/account/index.php?token=90281,1
http://chase.com.login-portal.suspended-service.verify-security.party/auth/login.php?client_id=527847,1
http://netflix-recovery-security-update.work/login/index.php?token=54089,1
http://66.41.126.166/coinbase/billing/verification.html,1
http://verify.paypal-security-update.click/alert/index.php?token=18745,1
http://wellsfargo-update-security-update.buzz/secure/index.php?token=10273,1
https://www.khanacademy.org/terms-of-service,0
http://metamask.com.kyc-portal.confirm-service.verify-security.fit/auth/login.php?client_id=316329,1
http://login.paypal-security-update.ru/update/index.php?token=38697,1
https://www.instagram.com/about,0
http://uber.com/events/2026-summit,0
http://auth.chase-security-update.cam/account/index.php?token=58343,1
https://www.bbc.co.uk/product/item-84920,0
http://bankofamerica-suspended-security-update.icu/confirm/index.php?token=26515,1
http://amazon-auth-security-update.xyz/auth/index.php?token=29405,1
https://www.who.int/download/latest,0
https://www.npmjs.com/download/latest,0
https://api.slack.com/events/2026-summit,0
http://200.233.98.135/microsoft/secure/verification.html,1
http://161.177.40.219:8000/bankofamerica/verify/verification.html,1
https://medium.com/search?q=machine+learning,0
http://107.64.44.194/coinbase/kyc/verification.html,1
https://spotify.com/download/latest,0
https://www.wellsfargo.com/categories/electronics,0
https://www.netflix.com/blog/introducing-new-features,0
https://khanacademy.org/community/discussions,0
http://secure-bank.com.unlock-portal.billing-service.verify-security.click/auth/login.php?client_id=235708,1
http://apple.com.suspended-portal.session-expired-service.verify-security.ml/auth/login.php?client_id=452993,1
https://facebook.com/careers/openings,0
http://157.79.95.27/paypal/unlock/verification.html,1
http://legit-site.com@microsoft-secure-check.ru/login,1
https://www.khanacademy.org/categories/electronics,0
http://secure-bank.com.kyc-portal.session-expired-service.verify-security.cam/auth/login.php?client_id=800969,1
https://www.reddit.com/feed,0
https://www.quora.com/blog/introducing-new-features,0
https://www.salesforce.com/search?q=machine+learning,0
https://api.nytimes.com/feed,0
http://binance-alert-security-update.ru/session-expired/index.php?token=26512,1
http://apple-auth-security-update.loan/kyc/index.php?token=79842,1
https://lyft.com/search?q=machine+learning,0
https://www.spotify.com/help/faq,0
http://google-login-security-update.top/verify/index.php?token=68361,1
http://mit.edu/solutions/enterprise,0
https://www.linkedin.com/help/faq,0
http://update.microsoft-security-update.gq/confirm/index.php?token=77550,1
https://netflix.com/articles/2026/cybersecurity-trends,0
https://kubernetes.io,0
https://amazon.com/articles/2026/cybersecurity-trends,0
https://www.bankofamerica.com/privacy-policy,0
https://api.mozilla.org/docs,0
https://www.salesforce.com/terms-of-service,0
https://www.nytimes.com/solutions/enterprise,0
http://86.56.77.4/chase/unlock/verification.html,1
http://api.paypal.com/community/discussions,0
http://coinbase.com.account-portal.verify-service.verify-security.ru/auth/login.php?client_id=908807,1
https://www.bankofamerica.com/community/discussions,0
http://recovery.chase-security-update.buzz/billing/index.php?token=63961,1
http://chase-account.click/webscr//cmd=login%20verify%20session,1
http://legit-site.com@secure-bank-secure-check.tk/login,1
http://135.77.31.239/bankofamerica/verify/verification.html,1
http://paypal.com.unlock-portal.kyc-service.verify-security.top/auth/login.php?client_id=499601,1
http://auth.apple-security-update.ml/suspended/index.php?token=11227,1
http://chase-confirm.work/webscr//cmd=login%20verify%20session,1
http://wellsfargo-recovery-security-update.buzz/account/index.php?token=56061,1
http://amazon-secure-security-update.top/update/index.php?token=49357,1
https://api.reddit.com/solutions/enterprise,0
https://amazon.com/articles/2026/cybersecurity-trends,0
http://api.stripe.com/categories/electronics,0
http://114.188.44.238/chase/recovery/verification.html,1
http://www.dropbox.com/solutions/enterprise,0
https://www.irs.gov/docs,0
http://129.240.9.43:8443/coinbase/update/verification.html,1
http://130.53.246.148/google/update/verification.html,1
https://www.adobe.com/blog/introducing-new-features,0
http://binance.com.login-portal.billing-service.verify-security.icu/auth/login.php?client_id=216260,1
https://www.nih.gov/help/faq,0
http://api.yahoo.com/api/v1/users,0
http://secure-bank.com.verify-portal.update-service.verify-security.loan/auth/login.php?client_id=512349,1
http://google-update-security-update.icu/update/index.php?token=72185,1
http://212.174.201.145/google/alert/verification.html,1
https://www.nih.gov/docs,0
https://www.developer.mozilla.org/contact,0
http://198.123.190.226/microsoft/secure/verification.html,1
https://www.apple.com/contact,0
http://metamask.com.alert-portal.login-service.verify-security.party/auth/login.php?client_id=214515,1
http://coinbase-update-security-update.buzz/recovery/index.php?token=15961,1
http://binance.com.auth-portal.account-service.verify-security.live/auth/login.php?client_id=131434,1
http://paypal.com.suspended-portal.confirm-service.verify-security.top/auth/login.php?client_id=257652,1
http://confirm.netflix-security-update.icu/alert/index.php?token=67498,1
https://cnn.com/solutions/enterprise,0
http://session-expired.binance-security-update.work/update/index.php?token=52777,1
http://amazon.com.session-expired-portal.verify-service.verify-security.tk/auth/login.php?client_id=544787,1
http://145.59.158.166/google/session-expired/verification.html,1
http://amazon.com.login-portal.session-expired-service.verify-security.loan/auth/login.php?client_id=565374,1
http://wellsfargo-auth-security-update.ru/verify/index.php?token=51079,1
https://www.booking.com,0
http://metamask-login-security-update.fit/unlock/index.php?token=29391,1
https://www.adobe.com/status,0
https://www.kubernetes.io/events/2026-summit,0
https://mozilla.org/help/faq,0
https://developer.mozilla.org/explore/popular,0
http://132.124.202.35/microsoft/account/verification.html,1
https://api.stanford.edu/profile/settings,0
http://182.212.254.238/binance/secure/verification.html,1
https://www.google.com/explore/popular,0
https://apple.com/pricing/plans,0
https://instagram.com/press-release/announcement,0
http://www.airbnb.com/contact,0
https://www.pypi.org/about,0
https://www.harvard.edu/solutions/enterprise,0
https://www.amazon.com/feed,0
http://coinbase.com.update-portal.account-service.verify-security.work/auth/login.php?client_id=258789,1
http://www.github.com/contact,0
http://apple.com.unlock-portal.login-service.verify-security.loan/auth/login.php?client_id=320686,1
https://www.dropbox.com/api/v1/users,0
http://amazon-account-security-update.gq/recovery/index.php?token=86543,1
https://www.nodejs.org/about,0
https://udemy.com,0
https://api.uber.com/privacy-policy,0
https://www.nasa.gov/docs,0
https://uber.com/press-release/announcement,0
https://www.who.int/home,0
http://49.167.52.25/paypal/confirm/verification.html,1
http://64.103.215.36:3000/bankofamerica/suspended/verification.html,1
https://www.lyft.com/dashboard/overview,0
http://amazon.com.login-portal.billing-service.verify-security.tk/auth/login.php?client_id=904016,1
http://67.237.28.35:8080/coinbase/kyc/verification.html,1
http://amazon-auth-security-update.click/unlock/index.php?token=10760,1
http://amazon-confirm-security-update.fit/update/index.php?token=95398,1
https://api.who.int/explore/popular,0
http://login.amazon-security-update.live/confirm/index.php?token=12440,1
http://legit-site.com@paypal-secure-check.click/login,1
https://www.nasa.gov/profile/settings,0
http://132.119.250.154/metamask/login/verification.html,1
https://www.who.int/solutions/enterprise,0
http://chase.com.recovery-portal.confirm-service.verify-security.buzz/auth/login.php?client_id=330906,1
https://www.edx.org/privacy-policy,0
https://www.linkedin.com/about,0
http://bankofamerica.com.kyc-portal.unlock-service.verify-security.tk/auth/login.php?client_id=255084,1
https://www.medium.com/articles/2026/cybersecurity-trends,0
http://apple-kyc.ru/webscr//cmd=login%20verify%20session,1
https://youtube.com/press-release/announcement,0
https://api.kubernetes.io/api/v1/users,0
http://api.quora.com/categories/electronics,0
http://alert.apple-security-update.work/confirm/index.php?token=37450,1
https://facebook.com/product/item-84920,0
http://binance-account-security-update.party/alert/index.php?token=62459,1
https://www.w3schools.com/home,0
https://api.cloudflare.com/feed,0
http://amazon-kyc-security-update.top/auth/index.php?token=77264,1
http://recovery.wellsfargo-security-update.work/billing/index.php?token=35397,1
http://122.29.68.86:3000/metamask/recovery/verification.html,1
https://www.wellsfargo.com/press-release/announcement,0
http://74.207.24.166/metamask/confirm/verification.html,1
http://chase.com.alert-portal.auth-service.verify-security.buzz/auth/login.php?client_id=943811,1
https://www.cloudflare.com/blog/introducing-new-features,0
http://69.64.134.204:8443/paypal/confirm/verification.html,1
https://www.ebay.com/blog/introducing-new-features,0
https://amazon.com/about,0
http://213.56.179.147:8080/apple/confirm/verification.html,1
http://cdc.gov/solutions/enterprise,0
http://login.wellsfargo-security-update.gq/auth/index.php?token=87468,1
http://netflix.com.account-portal.secure-service.verify-security.gq/auth/login.php?client_id=681208,1
http://80.157.126.179:8443/microsoft/billing/verification.html,1
https://www.npmjs.com/careers/openings,0
https://www.youtube.com/terms-of-service,0
http://150.179.49.2/coinbase/session-expired/verification.html,1
http://215.133.18.87:3000/paypal/recovery/verification.html,1
https://www.stanford.edu/profile/settings,0
https://api.cloudflare.com/about,0
https://www.coursera.org/categories/electronics,0
http://145.36.150.205/secure-bank/recovery/verification.html,1
https://www.udemy.com/articles/2026/cybersecurity-trends,0
https://reddit.com/blog/introducing-new-features,0
https://www.medium.com/pricing/plans,0
http://unlock.secure-bank-security-update.tk/recovery/index.php?token=70844,1
https://www.nih.gov/profile/settings,0
https://www.bitbucket.org/solutions/enterprise,0
http://84.219.245.205:3000/amazon/login/verification.html,1
https://apple.com/download/latest,0
http://netflix-alert.work/webscr//cmd=login%20verify%20session,1
http://173.196.186.97:3000/amazon/confirm/verification.html,1
http://paypal.com/contact,0
http://212.90.4.101/netflix/auth/verification.html,1
https://www.cloudflare.com/about,0
http://chase.com.confirm-portal.unlock-service.verify-security.tk/auth/login.php?client_id=585289,1
http://legit-site.com@chase-secure-check.icu/login,1
http://114.218.82.161/apple/recovery/verification.html,1
http://apple-login-security-update.fit/billing/index.php?token=98662,1
https://www.airbnb.com/pricing/plans,0
https://www.cloudflare.com/download/latest,0
https://www.facebook.com/categories/electronics,0
http://bankofamerica.com.unlock-portal.session-expired-service.verify-security.ml/auth/login.php?client_id=756493,1
http://chase-confirm-security-update.ml/billing/index.php?token=74091,1
https://api.cnn.com/press-release/announcement,0
https://www.cnn.com/articles/2026/cybersecurity-trends,0
http://179.116.168.75/metamask/confirm/verification.html,1
https://adobe.com/feed,0
http://api.kubernetes.io/status,0
http://cnn.com/status,0
http://124.138.254.178:3000/apple/account/verification.html,1
https://www.docker.com/dashboard/overview,0
http://118.157.115.249/coinbase/update/verification.html,1
http://microsoft-recovery-security-update.party/unlock/index.php?token=89670,1
http://bankofamerica.com.auth-portal.account-service.verify-security.xyz/auth/login.php?client_id=329565,1
http://google.com.confirm-portal.suspended-service.verify-security.top/auth/login.php?client_id=521860,1
http://apple-secure.work/webscr//cmd=login%20verify%20session,1
https://api.zoom.us/explore/popular,0
https://www.cdc.gov/solutions/enterprise,0
https://www.irs.gov/pricing/plans,0
http://microsoft.com.account-portal.unlock-service.verify-security.fit/auth/login.php?client_id=531204,1
http://coinbase.com.recovery-portal.update-service.verify-security.live/auth/login.php?client_id=465642,1
http://secure-bank-recovery-security-update.ru/recovery/index.php?token=48559,1
http://confirm.amazon-security-update.party/alert/index.php?token=72084,1
https://www.bankofamerica.com/download/latest,0
http://www.bankofamerica.com/home,0
http://binance.com.suspended-portal.auth-service.verify-security.icu/auth/login.php?client_id=924911,1
https://api.bbc.co.uk/feed,0
http://wellsfargo-secure-security-update.icu/session-expired/index.php?token=89205,1
http://account.google-security-update.work/billing/index.php?token=49582,1
http://paypal-confirm-security-update.live/unlock/index.php?token=16797,1
https://reddit.com/privacy-policy,0
https://www.yahoo.com/community/discussions,0
https://www.who.int/privacy-policy,0
https://www.nih.gov/dashboard/overview,0
http://coinbase.com.auth-portal.suspended-service.verify-security.party/auth/login.php?client_id=342781,1
http://54.245.32.100/binance/secure/verification.html,1
http://amazon-secure-security-update.ru/session-expired/index.php?token=92218,1
http://chase-unlock.gq/webscr//cmd=login%20verify%20session,1
https://www.harvard.edu/privacy-policy,0
https://www.cnn.com,0
https://www.docker.com/download/latest,0
https://www.udemy.com/api/v1/users,0
http://metamask-alert.icu/webscr//cmd=login%20verify%20session,1
http://bankofamerica.com.secure-portal.verify-service.verify-security.work/auth/login.php?client_id=223724,1
https://www.cnn.com/download/latest,0
https://www.salesforce.com/about,0
http://111.39.75.24/apple/verify/verification.html,1
https://uber.com/explore/popular,0
http://secure-bank-secure-security-update.buzz/billing/index.php?token=93447,1
http://coinbase.com.confirm-portal.verify-service.verify-security.live/auth/login.php?client_id=547191,1
http://apple-verify.gq/webscr//cmd=login%20verify%20session,1
http://apple.com.auth-portal.confirm-service.verify-security.work/auth/login.php?client_id=375834,1
http://legit-site.com@paypal-secure-check.xyz/login,1
http://netflix.com/terms-of-service,0
http://62.52.48.87:3000/amazon/secure/verification.html,1
http://recovery.amazon-security-update.cam/account/index.php?token=54279,1
http://kyc.metamask-security-update.cam/alert/index.php?token=16380,1
https://harvard.edu/docs,0
https://zoom.us/product/item-84920,0
http://chase-alert-security-update.fit/session-expired/index.php?token=93021,1
https://www.stanford.edu/contact,0
https://stripe.com/feed,0
https://www.irs.gov/api/v1/users,0
http://secure-bank.com.unlock-portal.session-expired-service.verify-security.buzz/auth/login.php?client_id=984680,1
http://netflix-confirm-security-update.buzz/secure/index.php?token=57555,1
http://paypal.com.secure-portal.recovery-service.verify-security.ml/auth/login.php?client_id=226913,1
https://www.nasa.gov/api/v1/users,0
http://chase-alert-security-update.loan/secure/index.php?token=68973,1
http://www.stripe.com/events/2026-summit,0
https://www.dropbox.com/dashboard/overview,0
https://www.nasa.gov/explore/popular,0
https://www.lyft.com/search?q=machine+learning,0
http://amazon-auth.fit/webscr//cmd=login%20verify%20session,1
https://api.quora.com/blog/introducing-new-features,0
https://www.nih.gov/api/v1/users,0
https://www.slack.com/terms-of-service,0
https://www.nytimes.com/docs,0
https://www.youtube.com/categories/electronics,0
https://www.npmjs.com/about,0
https://www.dropbox.com/press-release/announcement,0
https://www.booking.com/contact,0
https://www.udemy.com/help/faq,0
https://api.booking.com/categories/electronics,0
https://www.facebook.com/docs,0
http://legit-site.com@paypal-secure-check.gq/login,1
https://www.stripe.com/feed,0
https://www.spotify.com/status,0
http://paypal-secure-security-update.xyz/auth/index.php?token=89278,1
https://yahoo.com/blog/introducing-new-features,0
http://wellsfargo.com.account-portal.recovery-service.verify-security.party/auth/login.php?client_id=211274,1
https://reddit.com/profile/settings,0
http://chase-session-expired-security-update.click/kyc/index.php?token=55591,1
https://uber.com/download/latest,0
http://legit-site.com@microsoft-secure-check.tk/login,1
https://www.bankofamerica.com/contact,0
https://youtube.com/feed,0
https://medium.com/articles/2026/cybersecurity-trends,0
http://coinbase-account-security-update.ru/session-expired/index.php?token=48729,1
http://195.156.253.148:8080/amazon/account/verification.html,1
http://netflix.com.suspended-portal.unlock-service.verify-security.buzz/auth/login.php?client_id=147844,1
http://51.28.164.179/coinbase/kyc/verification.html,1
http://cnn.com/download/latest,0
https://docker.com,0
https://www.who.int/blog/introducing-new-features,0
https://salesforce.com/status,0
https://api.who.int/docs,0
https://quora.com/help/faq,0
https://www.quora.com/privacy-policy,0
https://www.adobe.com/events/2026-summit,0
http://coinbase-billing.buzz/webscr//cmd=login%20verify%20session,1
http://109.172.46.23/chase/verify/verification.html,1
http://chase-verify-security-update.top/recovery/index.php?token=26702,1
http://112.239.47.25:8000/apple/auth/verification.html,1
http://auth.paypal-security-update.ml/session-expired/index.php?token=67280,1
https://api.cloudflare.com/about,0
https://www.mit.edu/terms-of-service,0
https://www.cdc.gov/events/2026-summit,0
http://legit-site.com@amazon-secure-check.work/login,1
http://coinbase.com.secure-portal.auth-service.verify-security.live/auth/login.php?client_id=257525,1
http://apple-billing-security-update.fit/recovery/index.php?token=11690,1
http://google.com.account-portal.alert-service.verify-security.work/auth/login.php?client_id=834122,1
http://bankofamerica.com.update-portal.alert-service.verify-security.ml/auth/login.php?client_id=527417,1
http://wellsfargo.com.secure-portal.confirm-service.verify-security.work/auth/login.php?client_id=881853,1
https://www.gitlab.com/feed,0
http://www.wellsfargo.com/download/latest,0
https://lyft.com/download/latest,0
http://legit-site.com@apple-secure-check.work/login,1
https://www.coursera.org/explore/popular,0
https://www.pypi.org/privacy-policy,0
http://legit-site.com@coinbase-secure-check.cam/login,1
https://www.github.com/pricing/plans,0
http://coinbase.com.unlock-portal.kyc-service.verify-security.tk/auth/login.php?client_id=679334,1
http://metamask.com.update-portal.confirm-service.verify-security.loan/auth/login.php?client_id=391772,1
http://verify.google-security-update.tk/auth/index.php?token=83512,1
https://www.bitbucket.org/community/discussions,0
https://api.python.org/search?q=machine+learning,0
https://www.cnn.com/articles/2026/cybersecurity-trends,0
https://wellsfargo.com/download/latest,0
http://update.bankofamerica-security-update.live/alert/index.php?token=22387,1
https://www.nih.gov/profile/settings,0
http://binance.com.login-portal.update-service.verify-security.gq/auth/login.php?client_id=883785,1
http://alert.apple-security-update.tk/billing/index.php?token=96714,1
https://www.amazon.com/privacy-policy,0
https://www.nih.gov/press-release/announcement,0
http://107.189.211.145:8443/paypal/secure/verification.html,1
http://legit-site.com@amazon-secure-check.cam/login,1
http://session-expired.amazon-security-update.tk/billing/index.php?token=85695,1
https://wikipedia.org/articles/2026/cybersecurity-trends,0
https://slack.com/feed,0
http://bankofamerica.com/status,0
http://216.178.23.201:3000/amazon/session-expired/verification.html,1
http://binance.com.unlock-portal.suspended-service.verify-security.buzz/auth/login.php?client_id=377366,1
http://billing.microsoft-security-update.cam/kyc/index.php?token=44018,1
https://uber.com/docs,0
https://harvard.edu/dashboard/overview,0
http://secure-bank.com.recovery-portal.secure-service.verify-security.live/auth/login.php?client_id=904950,1
https://www.netflix.com/download/latest,0
https://www.spotify.com/about,0
https://api.adobe.com/search?q=machine+learning,0
http://www.edx.org/docs,0
http://microsoft-auth.ml/webscr//cmd=login%20verify%20session,1
https://www.gitlab.com/home,0
http://amazon.com.confirm-portal.unlock-service.verify-security.work/auth/login.php?client_id=876677,1
http://147.246.50.66:8443/chase/update/verification.html,1
https://www.coursera.org/status,0
http://www.booking.com/solutions/enterprise,0
http://215.175.38.68:8000/binance/auth/verification.html,1
https://www.wikipedia.org/pricing/plans,0
http://microsoft.com.suspended-portal.recovery-service.verify-security.ml/auth/login.php?client_id=685836,1
https://www.ebay.com/categories/electronics,0
https://dropbox.com/download/latest,0
http://amazon.com.login-portal.confirm-service.verify-security.party/auth/login.php?client_id=495552,1
https://www.bitbucket.org/solutions/enterprise,0
https://www.developer.mozilla.org/docs,0
http://legit-site.com@metamask-secure-check.icu/login,1
https://www.irs.gov/about,0
https://www.docker.com/categories/electronics,0
http://legit-site.com@wellsfargo-secure-check.loan/login,1
http://netflix.com.billing-portal.billing-service.verify-security.top/auth/login.php?client_id=891666,1
https://stripe.com/explore/popular,0
https://www.cloudflare.com/product/item-84920,0
http://61.146.26.72:3000/netflix/recovery/verification.html,1
https://www.linkedin.com/home,0
http://secure-bank.com.unlock-portal.verify-service.verify-security.xyz/auth/login.php?client_id=335490,1
http://61.142.215.151:8080/bankofamerica/kyc/verification.html,1
http://binance-recovery.party/webscr//cmd=login%20verify%20session,1
https://www.adobe.com/docs,0
http://www.lyft.com/dashboard/overview,0
http://binance.com.confirm-portal.auth-service.verify-security.tk/auth/login.php?client_id=501172,1
http://metamask-alert-security-update.fit/confirm/index.php?token=42171,1
https://www.twitter.com/download/latest,0
http://157.45.121.212/wellsfargo/session-expired/verification.html,1
http://api.ebay.com/solutions/enterprise,0
http://amazon-session-expired-security-update.click/session-expired/index.php?token=66372,1
https://www.netflix.com/careers/openings,0
http://legit-site.com@apple-secure-check.live/login,1
http://47.212.28.140/metamask/session-expired/verification.html,1
https://www.w3schools.com/terms-of-service,0
http://www.stackoverflow.com/search?q=machine+learning,0
http://chase.com.session-expired-portal.recovery-service.verify-security.live/auth/login.php?client_id=151988,1
http://168.30.244.250/microsoft/confirm/verification.html,1
http://binance.com.update-portal.auth-service.verify-security.party/auth/login.php?client_id=539196,1
https://www.stripe.com/help/faq,0
http://bitbucket.org/search?q=machine+learning,0
https://www.yahoo.com/dashboard/overview,0
http://210.220.131.156:8443/chase/confirm/verification.html,1
http://secure-bank.com.kyc-portal.suspended-service.verify-security.work/auth/login.php?client_id=614496,1
http://secure-bank-suspended-security-update.tk/alert/index.php?token=83010,1
https://www.bankofamerica.com/explore/popular,0
https://www.pypi.org/privacy-policy,0
https://www.adobe.com/feed,0
https://www.booking.com/community/discussions,0
http://microsoft-secure-security-update.icu/login/index.php?token=76507,1
https://amazon.com/search?q=machine+learning,0
https://www.spotify.com/about,0
https://www.edx.org/dashboard/overview,0
https://www.github.com/product/item-84920,0
http://billing.netflix-security-update.live/verify/index.php?token=86037,1
http://microsoft.com.suspended-portal.recovery-service.verify-security.live/auth/login.php?client_id=356108,1
http://legit-site.com@bankofamerica-secure-check.click/login,1
https://edx.org/search?q=machine+learning,0
http://session-expired.binance-security-update.gq/confirm/index.php?token=61201,1
https://nodejs.org/community/discussions,0
http://microsoft.com.confirm-portal.auth-service.verify-security.gq/auth/login.php?client_id=530187,1
http://wellsfargo-auth-security-update.fit/recovery/index.php?token=18601,1
https://facebook.com/explore/popular,0
http://120.129.191.209/amazon/confirm/verification.html,1
https://bitbucket.org/privacy-policy,0
https://facebook.com/events/2026-summit,0
https://bankofamerica.com/api/v1/users,0
https://www.reddit.com/profile/settings,0
http://netflix-login.ru/webscr//cmd=login%20verify%20session,1
http://apple-unlock.ru/webscr//cmd=login%20verify%20session,1
http://bankofamerica.com.verify-portal.recovery-service.verify-security.buzz/auth/login.php?client_id=324289,1
https://linkedin.com,0
http://205.244.67.216:8000/bankofamerica/secure/verification.html,1
http://paypal.com.recovery-portal.recovery-service.verify-security.fit/auth/login.php?client_id=806642,1
http://bankofamerica-kyc-security-update.icu/billing/index.php?token=24937,1
https://www.w3schools.com/feed,0
http://134.203.101.102:8443/apple/billing/verification.html,1
http://api.mozilla.org/pricing/plans,0
https://www.salesforce.com/profile/settings,0
http://171.185.137.224/bankofamerica/verify/verification.html,1
http://alert.metamask-security-update.ru/unlock/index.php?token=60422,1
https://linkedin.com/careers/openings,0
https://api.mozilla.org/feed,0
https://www.quora.com/download/latest,0
https://www.irs.gov/categories/electronics,0
http://legit-site.com@coinbase-secure-check.gq/login,1
http://google-secure.click/webscr//cmd=login%20verify%20session,1
http://coinbase-recovery-security-update.buzz/login/index.php?token=17166,1
http://bankofamerica.com.account-portal.session-expired-service.verify-security.cam/auth/login.php?client_id=814416,1
http://confirm.paypal-security-update.click/account/index.php?token=40862,1
http://secure-bank-confirm-security-update.buzz/confirm/index.php?token=95892,1
https://facebook.com/home,0
http://paypal-kyc.fit/webscr//cmd=login%20verify%20session,1
https://www.spotify.com/blog/introducing-new-features,0
http://amazon-suspended-security-update.work/confirm/index.php?token=12815,1
http://www.slack.com/feed,0
http://163.181.24.91:3000/amazon/auth/verification.html,1
http://100.129.210.100/netflix/auth/verification.html,1
http://secure-bank.com.auth-portal.recovery-service.verify-security.party/auth/login.php?client_id=930829,1
http://100.246.79.239:8080/coinbase/billing/verification.html,1
https://nih.gov/download/latest,0
http://google.com.account-portal.kyc-service.verify-security.ml/auth/login.php?client_id=809553,1
https://api.mit.edu/press-release/announcement,0
http://bankofamerica-unlock-security-update.cam/session-expired/index.php?token=78846,1
http://87.194.51.64:8443/google/secure/verification.html,1
https://www.irs.gov/privacy-policy,0
https://bankofamerica.com/press-release/announcement,0
http://coinbase-kyc.click/webscr//cmd=login%20verify%20session,1
https://www.cloudflare.com/home,0
http://microsoft-login-security-update.click/account/index.php?token=20069,1
https://www.netflix.com/pricing/plans,0
http://microsoft-auth.gq/webscr//cmd=login%20verify%20session,1
https://www.booking.com/explore/popular,0
https://www.python.org/blog/introducing-new-features,0
https://www.ebay.com/pricing/plans,0
https://api.airbnb.com/articles/2026/cybersecurity-trends,0
https://www.nodejs.org/home,0
https://www.nih.gov,0
https://slack.com/press-release/announcement,0
https://udemy.com/dashboard/overview,0
https://www.microsoft.com/home,0
https://stanford.edu/search?q=machine+learning,0
https://www.stripe.com/about,0
http://chase.com.secure-portal.login-service.verify-security.buzz/auth/login.php?client_id=870310,1
http://chase-update-security-update.work/account/index.php?token=78852,1
https://api.developer.mozilla.org/events/2026-summit,0
http://netflix-auth-security-update.fit/verify/index.php?token=62789,1
https://www.nytimes.com/status,0
http://google-secure.top/webscr//cmd=login%20verify%20session,1
https://www.coursera.org/solutions/enterprise,0
https://www.mozilla.org/product/item-84920,0
http://netflix-account.ru/webscr//cmd=login%20verify%20session,1
http://unlock.wellsfargo-security-update.tk/secure/index.php?token=73201,1
https://www.bankofamerica.com/contact,0
http://wellsfargo-update-security-update.work/recovery/index.php?token=58449,1
https://cloudflare.com/events/2026-summit,0
http://www.npmjs.com/careers/openings,0
https://api.bbc.co.uk/api/v1/users,0
http://legit-site.com@wellsfargo-secure-check.ru/login,1
http://amazon.com.recovery-portal.secure-service.verify-security.xyz/auth/login.php?client_id=467476,1
http://coinbase-verify.fit/webscr//cmd=login%20verify%20session,1
https://instagram.com/docs,0
https://www.microsoft.com/help/faq,0
https://www.mozilla.org/help/faq,0
http://bankofamerica.com.kyc-portal.login-service.verify-security.cam/auth/login.php?client_id=346097,1
https://www.mit.edu/search?q=machine+learning,0
https://www.quora.com/categories/electronics,0
http://developer.mozilla.org/status,0
https://ebay.com/careers/openings,0
https://yahoo.com/community/discussions,0
https://nytimes.com/blog/introducing-new-features,0
https://www.nasa.gov/privacy-policy,0
https://www.cnn.com/privacy-policy,0
http://58.174.251.65/netflix/billing/verification.html,1
http://google-billing.gq/webscr//cmd=login%20verify%20session,1
http://73.66.30.15/paypal/recovery/verification.html,1
https://npmjs.com/profile/settings,0
https://www.who.int/terms-of-service,0
https://www.microsoft.com/profile/settings,0
http://verify.apple-security-update.gq/secure/index.php?token=87405,1
http://81.30.63.21:3000/paypal/recovery/verification.html,1
http://chase.com.alert-portal.verify-service.verify-security.work/auth/login.php?client_id=548278,1
http://167.90.168.166/google/session-expired/verification.html,1
http://178.179.155.153/netflix/verify/verification.html,1
https://www.netflix.com/press-release/announcement,0
https://microsoft.com/status,0
https://www.bbc.co.uk/privacy-policy,0
https://www.amazon.com/contact,0
http://binance-suspended-security-update.ml/login/index.php?token=94730,1
http://microsoft.com.secure-portal.billing-service.verify-security.fit/auth/login.php?client_id=389520,1
http://suspended.bankofamerica-security-update.ml/confirm/index.php?token=74392,1
https://www.twitter.com/events/2026-summit,0
https://www.nytimes.com/press-release/announcement,0
https://bankofamerica.com/api/v1/users,0
http://google.com.recovery-portal.confirm-service.verify-security.click/auth/login.php?client_id=424348,1
http://bankofamerica-alert-security-update.fit/unlock/index.php?token=68009,1
https://www.twitter.com/contact,0
http://paypal.com.kyc-portal.account-service.verify-security.click/auth/login.php?client_id=116901,1
https://dropbox.com/contact,0
http://netflix.com.billing-portal.secure-service.verify-security.loan/auth/login.php?client_id=876390,1
http://136.202.73.247/google/billing/verification.html,1
https://www.who.int/events/2026-summit,0
https://twitter.com/download/latest,0
https://www.netflix.com/help/faq,0
http://google-update.top/webscr//cmd=login%20verify%20session,1
https://npmjs.com/profile/settings,0
http://164.155.204.84/netflix/billing/verification.html,1
https://www.cdc.gov/events/2026-summit,0
http://alert.netflix-security-update.gq/session-expired/index.php?token=37292,1
http://alert.paypal-security-update.fit/verify/index.php?token=90945,1
https://www.cloudflare.com/privacy-policy,0
http://wellsfargo.com.auth-portal.confirm-service.verify-security.ru/auth/login.php?client_id=700315,1
http://auth.chase-security-update.xyz/unlock/index.php?token=56507,1
http://chase-auth.ml/webscr//cmd=login%20verify%20session,1
http://harvard.edu/download/latest,0
http://zoom.us/press-release/announcement,0
https://www.bitbucket.org/help/faq,0
http://wellsfargo.com.account-portal.recovery-service.verify-security.click/auth/login.php?client_id=281720,1
https://www.bankofamerica.com/careers/openings,0
http://netflix-alert-security-update.cam/billing/index.php?token=78898,1
https://www.yahoo.com/careers/openings,0
http://apple.com.verify-portal.confirm-service.verify-security.gq/auth/login.php?client_id=629558,1
http://legit-site.com@microsoft-secure-check.loan/login,1
https://www.pypi.org/community/discussions,0
https://www.cdc.gov/press-release/announcement,0
http://netflix-update.top/webscr//cmd=login%20verify%20session,1
http://netflix-unlock-security-update.icu/session-expired/index.php?token=45118,1
http://kyc.metamask-security-update.tk/alert/index.php?token=76131,1
http://verify.netflix-security-update.xyz/verify/index.php?token=81568,1
https://www.lyft.com/blog/introducing-new-features,0
http://legit-site.com@metamask-secure-check.fit/login,1
http://update.apple-security-update.top/update/index.php?token=18237,1
https://www.google.com/events/2026-summit,0
http://paypal-alert.live/webscr//cmd=login%20verify%20session,1
https://www.amazon.com/docs,0
https://www.salesforce.com/articles/2026/cybersecurity-trends,0
https://www.udemy.com,0
https://www.cdc.gov/events/2026-summit,0
https://www.spotify.com/blog/introducing-new-features,0
https://www.netflix.com/press-release/announcement,0
https://www.stanford.edu/product/item-84920,0
http://chase.com.billing-portal.auth-service.verify-security.icu/auth/login.php?client_id=428477,1
http://bankofamerica-verify.gq/webscr//cmd=login%20verify%20session,1
https://api.wikipedia.org/press-release/announcement,0
http://metamask-recovery.click/webscr//cmd=login%20verify%20session,1
http://legit-site.com@amazon-secure-check.buzz/login,1
http://bankofamerica.com.verify-portal.update-service.verify-security.ru/auth/login.php?client_id=208639,1
https://api.youtube.com/feed,0
http://bankofamerica.com.account-portal.recovery-service.verify-security.loan/auth/login.php?client_id=796590,1
http://145.86.253.210/coinbase/session-expired/verification.html,1
https://www.apple.com/categories/electronics,0
https://slack.com/community/discussions,0
http://legit-site.com@secure-bank-secure-check.work/login,1
https://www.salesforce.com/blog/introducing-new-features,0
https://docker.com/privacy-policy,0
http://binance.com.secure-portal.secure-service.verify-security.top/auth/login.php?client_id=598560,1
http://wellsfargo-secure.cam/webscr//cmd=login%20verify%20session,1
https://api.kubernetes.io/product/item-84920,0
https://nodejs.org/profile/settings,0
http://102.16.59.111/google/secure/verification.html,1
http://api.irs.gov/search?q=machine+learning,0
https://api.microsoft.com/feed,0
http://metamask-session-expired-security-update.fit/auth/index.php?token=51035,1
http://confirm.apple-security-update.top/suspended/index.php?token=59456,1
http://162.57.69.9/amazon/unlock/verification.html,1
http://secure-bank-secure.work/webscr//cmd=login%20verify%20session,1
http://128.202.196.201:3000/google/billing/verification.html,1
http://unlock.apple-security-update.top/billing/index.php?token=89084,1
http://kyc.google-security-update.party/alert/index.php?token=12464,1
http://apple.com.suspended-portal.kyc-service.verify-security.gq/auth/login.php?client_id=839056,1
https://www.mit.edu/api/v1/users,0
https://www.w3schools.com/api/v1/users,0
https://apple.com/events/2026-summit,0
http://legit-site.com@metamask-secure-check.buzz/login,1
http://netflix.com.secure-portal.auth-service.verify-security.tk/auth/login.php?client_id=274872,1
http://api.linkedin.com/product/item-84920,0
http://binance-kyc.loan/webscr//cmd=login%20verify%20session,1
https://www.lyft.com/about,0
https://kubernetes.io/profile/settings,0
https://www.apple.com,0
http://apple.com.billing-portal.confirm-service.verify-security.live/auth/login.php?client_id=465093,1
https://www.edx.org/press-release/announcement,0
http://legit-site.com@chase-secure-check.party/login,1
https://reddit.com/home,0
http://legit-site.com@secure-bank-secure-check.party/login,1
http://metamask.com.update-portal.alert-service.verify-security.loan/auth/login.php?client_id=933298,1
http://secure.google-security-update.fit/alert/index.php?token=48687,1
https://www.kubernetes.io/contact,0
http://billing.netflix-security-update.icu/session-expired/index.php?token=87251,1
https://www.adobe.com/docs,0
http://netflix.com.update-portal.kyc-service.verify-security.xyz/auth/login.php?client_id=663852,1
http://legit-site.com@wellsfargo-secure-check.click/login,1
https://www.cnn.com/articles/2026/cybersecurity-trends,0
http://wellsfargo-billing-security-update.party/suspended/index.php?token=13069,1
http://coinbase-unlock-security-update.fit/kyc/index.php?token=31237,1
http://215.227.206.213/metamask/login/verification.html,1
https://api.spotify.com/categories/electronics,0
http://legit-site.com@wellsfargo-secure-check.tk/login,1
http://paypal.com.verify-portal.kyc-service.verify-security.cam/auth/login.php?client_id=807173,1
https://www.cdc.gov/docs,0
https://api.dropbox.com/solutions/enterprise,0
https://www.reddit.com/dashboard/overview,0
https://stripe.com/blog/introducing-new-features,0
http://confirm.paypal-security-update.party/auth/index.php?token=70036,1
https://www.mit.edu/feed,0
https://coursera.org/docs,0
http://account.apple-security-update.xyz/login/index.php?token=11346,1
http://106.236.223.42/wellsfargo/unlock/verification.html,1
http://172.184.117.39/binance/account/verification.html,1
https://airbnb.com/docs,0
https://www.facebook.com/press-release/announcement,0
http://59.31.191.75:8080/bankofamerica/auth/verification.html,1
http://metamask.com.suspended-portal.billing-service.verify-security.cam/auth/login.php?client_id=363443,1
http://coinbase-alert-security-update.click/account/index.php?token=57516,1
http://coinbase-login-security-update.ru/update/index.php?token=69255,1
http://microsoft-recovery.work/webscr//cmd=login%20verify%20session,1
https://www.slack.com/events/2026-summit,0
http://138.124.162.185/apple/confirm/verification.html,1
https://google.com/categories/electronics,0
http://secure.secure-bank-security-update.ru/suspended/index.php?token=46709,1
https://cdc.gov/careers/openings,0
http://microsoft-kyc.click/webscr//cmd=login%20verify%20session,1
https://www.harvard.edu/search?q=machine+learning,0
http://198.208.98.17:3000/secure-bank/suspended/verification.html,1
http://legit-site.com@amazon-secure-check.cam/login,1
http://coinbase-suspended-security-update.party/alert/index.php?token=14440,1
https://api.harvard.edu/product/item-84920,0
http://paypal-account-security-update.live/confirm/index.php?token=27305,1
https://pypi.org/profile/settings,0
http://182.228.118.82:8000/chase/session-expired/verification.html,1
http://billing.wellsfargo-security-update.live/recovery/index.php?token=82706,1
http://microsoft.com.session-expired-portal.recovery-service.verify-security.xyz/auth/login.php?client_id=554515,1
http://account.netflix-security-update.buzz/kyc/index.php?token=62564,1
https://www.medium.com/status,0
http://legit-site.com@metamask-secure-check.work/login,1
http://150.139.116.69:8080/coinbase/login/verification.html,1
http://secure-bank.com.alert-portal.kyc-service.verify-security.party/auth/login.php?client_id=348111,1
http://apple-secure.icu/webscr//cmd=login%20verify%20session,1
http://chase-confirm-security-update.buzz/login/index.php?token=60070,1
https://www.salesforce.com/pricing/plans,0
http://chase-verify-security-update.work/account/index.php?token=50645,1
http://unlock.bankofamerica-security-update.cam/billing/index.php?token=83695,1
http://legit-site.com@paypal-secure-check.tk/login,1
https://twitter.com/home,0
http://www.airbnb.com/contact,0
http://coinbase-verify-security-update.tk/billing/index.php?token=98029,1
https://www.uber.com/pricing/plans,0
http://87.237.9.247/bankofamerica/account/verification.html,1
http://legit-site.com@secure-bank-secure-check.loan/login,1
http://microsoft.com.suspended-portal.alert-service.verify-security.party/auth/login.php?client_id=679751,1
https://www.uber.com/profile/settings,0
http://update.google-security-update.click/unlock/index.php?token=20778,1
http://google.com.session-expired-portal.update-service.verify-security.live/auth/login.php?client_id=248513,1
https://www.coursera.org/careers/openings,0
https://www.spotify.com/press-release/announcement,0
https://udemy.com/community/discussions,0
http://209.97.97.235:3000/metamask/kyc/verification.html,1
http://amazon.com.recovery-portal.confirm-service.verify-security.live/auth/login.php?client_id=346268,1
http://apple-verify-security-update.gq/login/index.php?token=72423,1
https://quora.com/events/2026-summit,0
http://coinbase-login.party/webscr//cmd=login%20verify%20session,1
http://66.61.36.124:8000/secure-bank/recovery/verification.html,1
https://google.com/articles/2026/cybersecurity-trends,0
https://google.com/home,0
https://www.paypal.com/privacy-policy,0
https://www.google.com/careers/openings,0
https://developer.mozilla.org/articles/2026/cybersecurity-trends,0
https://www.twitter.com/terms-of-service,0
http://137.199.208.94/metamask/alert/verification.html,1
https://api.npmjs.com/solutions/enterprise,0
http://amazon-alert-security-update.cam/verify/index.php?token=96517,1
http://paypal-alert-security-update.loan/unlock/index.php?token=71483,1
http://binance-session-expired.loan/webscr//cmd=login%20verify%20session,1
http://suspended.secure-bank-security-update.work/verify/index.php?token=27814,1
http://secure-bank-account.fit/webscr//cmd=login%20verify%20session,1
http://dropbox.com/about,0
http://auth.wellsfargo-security-update.loan/session-expired/index.php?token=68224,1
http://111.178.14.72:8080/apple/secure/verification.html,1
http://coinbase-billing-security-update.cam/alert/index.php?token=66849,1
https://www.salesforce.com/events/2026-summit,0
https://api.edx.org/feed,0
http://202.127.85.78/microsoft/verify/verification.html,1
https://dropbox.com/community/discussions,0
https://www.uber.com/contact,0
http://154.74.178.79:3000/bankofamerica/billing/verification.html,1
https://api.quora.com/contact,0
http://wellsfargo-update-security-update.tk/verify/index.php?token=40451,1
https://www.quora.com/help/faq,0
http://bankofamerica-login.fit/webscr//cmd=login%20verify%20session,1
http://153.59.76.50/google/secure/verification.html,1
https://chase.com/terms-of-service,0
http://binance-login-security-update.xyz/billing/index.php?token=77294,1
https://www.uber.com/careers/openings,0
http://legit-site.com@coinbase-secure-check.buzz/login,1
http://auth.netflix-security-update.xyz/verify/index.php?token=33437,1
http://netflix-session-expired-security-update.tk/unlock/index.php?token=98832,1
https://www.yahoo.com/contact,0
https://www.nasa.gov/events/2026-summit,0
https://www.cdc.gov/status,0
https://amazon.com/product/item-84920,0
https://www.quora.com/status,0
https://kubernetes.io/feed,0
http://www.yahoo.com/pricing/plans,0
https://www.quora.com/about,0
https://python.org/help/faq,0
http://coinbase-billing-security-update.live/secure/index.php?token=73680,1
https://www.wellsfargo.com/terms-of-service,0
http://secure-bank.com.alert-portal.recovery-service.verify-security.ru/auth/login.php?client_id=894036,1
http://wellsfargo.com.session-expired-portal.billing-service.verify-security.work/auth/login.php?client_id=544423,1
https://www.medium.com/about,0
https://www.docker.com/download/latest,0
https://ebay.com/privacy-policy,0
http://81.147.53.20/coinbase/kyc/verification.html,1
https://www.cloudflare.com/contact,0
http://wellsfargo-auth-security-update.live/update/index.php?token=57174,1
https://www.twitter.com/categories/electronics,0
http://metamask-confirm-security-update.buzz/secure/index.php?token=21282,1
http://api.microsoft.com/press-release/announcement,0
http://netflix-recovery.click/webscr//cmd=login%20verify%20session,1
http://chase-login.cam/webscr//cmd=login%20verify%20session,1
http://chase-session-expired-security-update.icu/kyc/index.php?token=30117,1
https://www.mozilla.org/categories/electronics,0
https://api.mit.edu/home,0
http://paypal.com.recovery-portal.verify-service.verify-security.click/auth/login.php?client_id=739975,1
https://uber.com/privacy-policy,0
http://microsoft.com.verify-portal.kyc-service.verify-security.work/auth/login.php?client_id=495972,1
http://netflix.com.recovery-portal.session-expired-service.verify-security.buzz/auth/login.php?client_id=231366,1
http://bankofamerica.com.recovery-portal.billing-service.verify-security.click/auth/login.php?client_id=518612,1
http://suspended.amazon-security-update.top/auth/index.php?token=79523,1
http://wellsfargo-auth-security-update.ru/auth/index.php?token=27643,1
https://api.facebook.com/feed,0
http://chase.com.session-expired-portal.kyc-service.verify-security.live/auth/login.php?client_id=352373,1
https://www.mozilla.org/press-release/announcement,0
https://www.docker.com/about,0
http://secure.microsoft-security-update.click/login/index.php?token=93394,1
http://apple.com.secure-portal.auth-service.verify-security.fit/auth/login.php?client_id=792702,1
http://netflix-session-expired.ml/webscr//cmd=login%20verify%20session,1
http://bankofamerica.com.secure-portal.verify-service.verify-security.icu/auth/login.php?client_id=383816,1
http://kyc.coinbase-security-update.buzz/billing/index.php?token=75431,1
http://apple-auth-security-update.cam/account/index.php?token=69394,1
https://www.reddit.com/terms-of-service,0
https://www.irs.gov/feed,0
http://www.paypal.com/press-release/announcement,0
http://amazon.com.billing-portal.unlock-service.verify-security.top/auth/login.php?client_id=414678,1
https://api.facebook.com/articles/2026/cybersecurity-trends,0
https://www.medium.com/terms-of-service,0
http://netflix-secure.click/webscr//cmd=login%20verify%20session,1
http://amazon-suspended-security-update.ru/auth/index.php?token=87025,1
https://twitter.com/api/v1/users,0
http://harvard.edu/blog/introducing-new-features,0
https://slack.com,0
http://netflix.com.verify-portal.secure-service.verify-security.gq/auth/login.php?client_id=746435,1
https://www.airbnb.com/home,0
https://bitbucket.org,0
http://bankofamerica.com.confirm-portal.session-expired-service.verify-security.icu/auth/login.php?client_id=340474,1
http://legit-site.com@apple-secure-check.cam/login,1
https://www.uber.com/download/latest,0
http://chase.com.auth-portal.auth-service.verify-security.tk/auth/login.php?client_id=561278,1
https://khanacademy.org/api/v1/users,0
http://bankofamerica.com.verify-portal.login-service.verify-security.fit/auth/login.php?client_id=530790,1
https://www.instagram.com/home,0
https://www.python.org/contact,0
http://metamask.com.alert-portal.update-service.verify-security.icu/auth/login.php?client_id=177961,1
http://auth.secure-bank-security-update.party/session-expired/index.php?token=23879,1
http://coinbase.com.recovery-portal.unlock-service.verify-security.top/auth/login.php?client_id=734960,1
http://66.204.233.237/wellsfargo/recovery/verification.html,1
https://www.instagram.com/pricing/plans,0
http://binance-kyc-security-update.icu/verify/index.php?token=22416,1
http://125.41.3.83:8000/metamask/login/verification.html,1
https://bitbucket.org/feed,0
http://legit-site.com@microsoft-secure-check.work/login,1
https://mozilla.org,0
http://amazon-kyc-security-update.buzz/confirm/index.php?token=88890,1
https://www.coursera.org/pricing/plans,0
http://158.69.156.126:8080/google/kyc/verification.html,1
http://login.amazon-security-update.loan/suspended/index.php?token=52830,1
http://legit-site.com@coinbase-secure-check.live/login,1
http://78.38.246.29/secure-bank/login/verification.html,1
http://secure-bank-secure-security-update.cam/session-expired/index.php?token=51864,1
https://stripe.com/solutions/enterprise,0
http://91.183.109.40/coinbase/unlock/verification.html,1
https://pypi.org/community/discussions,0
http://update.binance-security-update.live/secure/index.php?token=21898,1
https://www.developer.mozilla.org/search?q=machine+learning,0
http://secure-bank.com.update-portal.billing-service.verify-security.cam/auth/login.php?client_id=497817,1
https://www.quora.com/terms-of-service,0
https://stanford.edu,0
http://who.int/help/faq,0
http://wellsfargo.com.alert-portal.alert-service.verify-security.click/auth/login.php?client_id=372148,1
http://paypal-billing-security-update.live/recovery/index.php?token=17512,1
http://api.google.com/status,0
https://api.paypal.com/privacy-policy,0
http://amazon.com.secure-portal.session-expired-service.verify-security.ru/auth/login.php?client_id=982608,1
https://amazon.com/press-release/announcement,0
http://account.microsoft-security-update.tk/confirm/index.php?token=40643,1
https://pypi.org/articles/2026/cybersecurity-trends,0
https://www.instagram.com/profile/settings,0
https://www.nodejs.org/events/2026-summit,0
http://204.118.20.142/wellsfargo/account/verification.html,1
http://www.mit.edu/help/faq,0
http://120.77.55.2/metamask/unlock/verification.html,1
https://www.stripe.com/dashboard/overview,0
https://www.booking.com/help/faq,0
https://www.google.com/status,0
https://www.mit.edu/download/latest,0
http://netflix.com.account-portal.recovery-service.verify-security.gq/auth/login.php?client_id=867651,1
http://80.215.242.169/netflix/confirm/verification.html,1
https://www.coursera.org/dashboard/overview,0
https://facebook.com/docs,0
https://www.mit.edu/community/discussions,0
https://api.w3schools.com/status,0
http://158.66.84.70:3000/netflix/recovery/verification.html,1
https://www.apple.com/community/discussions,0
http://update.wellsfargo-security-update.fit/unlock/index.php?token=70266,1
https://www.dropbox.com/contact,0
https://www.facebook.com/help/faq,0
https://google.com,0
http://paypal.com.confirm-portal.verify-service.verify-security.ml/auth/login.php?client_id=839354,1
http://96.155.91.97/coinbase/session-expired/verification.html,1
https://www.nasa.gov/api/v1/users,0
https://uber.com/explore/popular,0
https://www.gitlab.com/contact,0
http://chase.com.unlock-portal.kyc-service.verify-security.ml/auth/login.php?client_id=863660,1
https://www.airbnb.com/privacy-policy,0
http://legit-site.com@google-secure-check.ru/login,1
https://www.irs.gov/search?q=machine+learning,0
http://billing.coinbase-security-update.tk/secure/index.php?token=36975,1
http://123.172.220.24:8080/wellsfargo/confirm/verification.html,1
https://www.developer.mozilla.org,0
https://www.stackoverflow.com/press-release/announcement,0
http://wellsfargo.com.recovery-portal.auth-service.verify-security.icu/auth/login.php?client_id=447401,1
https://www.developer.mozilla.org/privacy-policy,0
http://secure-bank-auth.loan/webscr//cmd=login%20verify%20session,1
https://github.com,0
http://81.250.53.34/apple/secure/verification.html,1
https://facebook.com/privacy-policy,0
http://legit-site.com@metamask-secure-check.fit/login,1
http://binance.com.billing-portal.session-expired-service.verify-security.xyz/auth/login.php?client_id=457261,1
http://apple.com.verify-portal.verify-service.verify-security.loan/auth/login.php?client_id=857190,1
http://chase-update-security-update.top/login/index.php?token=23263,1
https://www.microsoft.com/about,0
http://auth.google-security-update.gq/auth/index.php?token=75213,1
http://71.29.93.156/secure-bank/session-expired/verification.html,1
https://developer.mozilla.org/feed,0
http://145.35.126.205/paypal/confirm/verification.html,1
https://google.com/product/item-84920,0
http://166.55.242.15:3000/apple/billing/verification.html,1
http://coinbase.com.auth-portal.suspended-service.verify-security.click/auth/login.php?client_id=624681,1
http://metamask-recovery-security-update.buzz/secure/index.php?token=81188,1
https://www.cdc.gov/download/latest,0
https://www.stripe.com/dashboard/overview,0
http://apple.com.secure-portal.alert-service.verify-security.loan/auth/login.php?client_id=715846,1
https://www.pypi.org/solutions/enterprise,0
http://secure-bank-billing-security-update.icu/auth/index.php?token=30223,1
https://www.quora.com/solutions/enterprise,0
http://apple-session-expired.work/webscr//cmd=login%20verify%20session,1
http://chase.com.recovery-portal.auth-service.verify-security.live/auth/login.php?client_id=910176,1
http://microsoft-verify.party/webscr//cmd=login%20verify%20session,1
https://netflix.com/about,0
http://metamask-update-security-update.buzz/update/index.php?token=44891,1
https://www.reddit.com/privacy-policy,0
http://chase.com.kyc-portal.secure-service.verify-security.icu/auth/login.php?client_id=903162,1
http://recovery.microsoft-security-update.live/confirm/index.php?token=16054,1
http://bankofamerica.com.kyc-portal.kyc-service.verify-security.tk/auth/login.php?client_id=835652,1
https://www.nytimes.com/help/faq,0
https://mozilla.org/community/discussions,0
http://paypal-recovery.click/webscr//cmd=login%20verify%20session,1
http://stripe.com/about,0
http://185.192.65.230:8443/secure-bank/session-expired/verification.html,1
https://www.irs.gov/download/latest,0
https://stripe.com/pricing/plans,0
https://www.mozilla.org/pricing/plans,0
http://143.15.29.213:8080/paypal/alert/verification.html,1
https://www.reddit.com/explore/popular,0
https://api.linkedin.com/press-release/announcement,0
http://73.127.238.154/apple/verify/verification.html,1
http://google.com.secure-portal.alert-service.verify-security.tk/auth/login.php?client_id=269966,1
https://www.salesforce.com/careers/openings,0
http://166.39.72.118/paypal/billing/verification.html,1
https://api.udemy.com/privacy-policy,0
http://secure.microsoft-security-update.ru/verify/index.php?token=38981,1
https://www.bankofamerica.com/careers/openings,0
http://legit-site.com@binance-secure-check.fit/login,1
http://legit-site.com@wellsfargo-secure-check.ml/login,1
http://51.68.217.189/microsoft/suspended/verification.html,1
https://www.bbc.co.uk/contact,0
https://www.quora.com/explore/popular,0
https://www.linkedin.com/product/item-84920,0
https://lyft.com/help/faq,0
http://205.243.160.29/coinbase/secure/verification.html,1
http://coinbase-alert-security-update.work/suspended/index.php?token=79489,1
http://legit-site.com@google-secure-check.ml/login,1
https://www.bankofamerica.com/download/latest,0
https://www.gitlab.com/home,0
https://www.medium.com/careers/openings,0
https://www.netflix.com/product/item-84920,0
http://legit-site.com@amazon-secure-check.gq/login,1
